date_id,date_key,year_id,month_id,week_id,day_of_week,day_name,day_of_month,day_of_year,is_weekend,is_business_day
2025-01-01,20250101,2025,202501,202501,3,Wednesday,1,1,False,True
2025-01-02,20250102,2025,202501,202501,4,Thursday,2,2,False,True
2025-01-03,20250103,2025,202501,202501,5,Friday,3,3,False,True
2025-01-04,20250104,2025,202501,202501,6,Saturday,4,4,True,False
2025-01-05,20250105,2025,202501,202501,7,Sunday,5,5,True,False
2025-01-06,20250106,2025,202501,202502,1,Monday,6,6,False,True
2025-01-07,20250107,2025,202501,202502,2,Tuesday,7,7,False,True
2025-01-08,20250108,2025,202501,202502,3,Wednesday,8,8,False,True
2025-01-09,20250109,2025,202501,202502,4,Thursday,9,9,False,True
2025-01-10,20250110,2025,202501,202502,5,Friday,10,10,False,True
2025-01-11,20250111,2025,202501,202502,6,Saturday,11,11,True,False
2025-01-12,20250112,2025,202501,202502,7,Sunday,12,12,True,False
2025-01-13,20250113,2025,202501,202503,1,Monday,13,13,False,True
2025-01-14,20250114,2025,202501,202503,2,Tuesday,14,14,False,True
2025-01-15,20250115,2025,202501,202503,3,Wednesday,15,15,False,True
2025-01-16,20250116,2025,202501,202503,4,Thursday,16,16,False,True
2025-01-17,20250117,2025,202501,202503,5,Friday,17,17,False,True
2025-01-18,20250118,2025,202501,202503,6,Saturday,18,18,True,False
2025-01-19,20250119,2025,202501,202503,7,Sunday,19,19,True,False
2025-01-20,20250120,2025,202501,202504,1,Monday,20,20,False,True
2025-01-21,20250121,2025,202501,202504,2,Tuesday,21,21,False,True
2025-01-22,20250122,2025,202501,202504,3,Wednesday,22,22,False,True
2025-01-23,20250123,2025,202501,202504,4,Thursday,23,23,False,True
2025-01-24,20250124,2025,202501,202504,5,Friday,24,24,False,True
2025-01-25,20250125,2025,202501,202504,6,Saturday,25,25,True,False
2025-01-26,20250126,2025,202501,202504,7,Sunday,26,26,True,False
2025-01-27,20250127,2025,202501,202505,1,Monday,27,27,False,True
2025-01-28,20250128,2025,202501,202505,2,Tuesday,28,28,False,True
2025-01-29,20250129,2025,202501,202505,3,Wednesday,29,29,False,True
2025-01-30,20250130,2025,202501,202505,4,Thursday,30,30,False,True
2025-01-31,20250131,2025,202501,202505,5,Friday,31,31,False,True
2025-02-01,20250201,2025,202502,202505,6,Saturday,1,32,True,False
2025-02-02,20250202,2025,202502,202505,7,Sunday,2,33,True,False
2025-02-03,20250203,2025,202502,202506,1,Monday,3,34,False,True
2025-02-04,20250204,2025,202502,202506,2,Tuesday,4,35,False,True
2025-02-05,20250205,2025,202502,202506,3,Wednesday,5,36,False,True
2025-02-06,20250206,2025,202502,202506,4,Thursday,6,37,False,True
2025-02-07,20250207,2025,202502,202506,5,Friday,7,38,False,True
2025-02-08,20250208,2025,202502,202506,6,Saturday,8,39,True,False
2025-02-09,20250209,2025,202502,202506,7,Sunday,9,40,True,False
2025-02-10,20250210,2025,202502,202507,1,Monday,10,41,False,True
2025-02-11,20250211,2025,202502,202507,2,Tuesday,11,42,False,True
2025-02-12,20250212,2025,202502,202507,3,Wednesday,12,43,False,True
2025-02-13,20250213,2025,202502,202507,4,Thursday,13,44,False,True
2025-02-14,20250214,2025,202502,202507,5,Friday,14,45,False,True
2025-02-15,20250215,2025,202502,202507,6,Saturday,15,46,True,False
2025-02-16,20250216,2025,202502,202507,7,Sunday,16,47,True,False
2025-02-17,20250217,2025,202502,202508,1,Monday,17,48,False,True
2025-02-18,20250218,2025,202502,202508,2,Tuesday,18,49,False,True
2025-02-19,20250219,2025,202502,202508,3,Wednesday,19,50,False,True
2025-02-20,20250220,2025,202502,202508,4,Thursday,20,51,False,True
2025-02-21,20250221,2025,202502,202508,5,Friday,21,52,False,True
2025-02-22,20250222,2025,202502,202508,6,Saturday,22,53,True,False
2025-02-23,20250223,2025,202502,202508,7,Sunday,23,54,True,False
2025-02-24,20250224,2025,202502,202509,1,Monday,24,55,False,True
2025-02-25,20250225,2025,202502,202509,2,Tuesday,25,56,False,True
2025-02-26,20250226,2025,202502,202509,3,Wednesday,26,57,False,True
2025-02-27,20250227,2025,202502,202509,4,Thursday,27,58,False,True
2025-02-28,20250228,2025,202502,202509,5,Friday,28,59,False,True
2025-03-01,20250301,2025,202503,202509,6,Saturday,1,60,True,False
2025-03-02,20250302,2025,202503,202509,7,Sunday,2,61,True,False
2025-03-03,20250303,2025,202503,202510,1,Monday,3,62,False,True
2025-03-04,20250304,2025,202503,202510,2,Tuesday,4,63,False,True
2025-03-05,20250305,2025,202503,202510,3,Wednesday,5,64,False,True
2025-03-06,20250306,2025,202503,202510,4,Thursday,6,65,False,True
2025-03-07,20250307,2025,202503,202510,5,Friday,7,66,False,True
2025-03-08,20250308,2025,202503,202510,6,Saturday,8,67,True,False
2025-03-09,20250309,2025,202503,202510,7,Sunday,9,68,True,False
2025-03-10,20250310,2025,202503,202511,1,Monday,10,69,False,True
2025-03-11,20250311,2025,202503,202511,2,Tuesday,11,70,False,True
2025-03-12,20250312,2025,202503,202511,3,Wednesday,12,71,False,True
2025-03-13,20250313,2025,202503,202511,4,Thursday,13,72,False,True
2025-03-14,20250314,2025,202503,202511,5,Friday,14,73,False,True
2025-03-15,20250315,2025,202503,202511,6,Saturday,15,74,True,False
2025-03-16,20250316,2025,202503,202511,7,Sunday,16,75,True,False
2025-03-17,20250317,2025,202503,202512,1,Monday,17,76,False,True
2025-03-18,20250318,2025,202503,202512,2,Tuesday,18,77,False,True
2025-03-19,20250319,2025,202503,202512,3,Wednesday,19,78,False,True
2025-03-20,20250320,2025,202503,202512,4,Thursday,20,79,False,True
2025-03-21,20250321,2025,202503,202512,5,Friday,21,80,False,True
2025-03-22,20250322,2025,202503,202512,6,Saturday,22,81,True,False
2025-03-23,20250323,2025,202503,202512,7,Sunday,23,82,True,False
2025-03-24,20250324,2025,202503,202513,1,Monday,24,83,False,True
2025-03-25,20250325,2025,202503,202513,2,Tuesday,25,84,False,True
2025-03-26,20250326,2025,202503,202513,3,Wednesday,26,85,False,True
2025-03-27,20250327,2025,202503,202513,4,Thursday,27,86,False,True
2025-03-28,20250328,2025,202503,202513,5,Friday,28,87,False,True
2025-03-29,20250329,2025,202503,202513,6,Saturday,29,88,True,False
2025-03-30,20250330,2025,202503,202513,7,Sunday,30,89,True,False
2025-03-31,20250331,2025,202503,202514,1,Monday,31,90,False,True
2025-04-01,20250401,2025,202504,202514,2,Tuesday,1,91,False,True
2025-04-02,20250402,2025,202504,202514,3,Wednesday,2,92,False,True
2025-04-03,20250403,2025,202504,202514,4,Thursday,3,93,False,True
2025-04-04,20250404,2025,202504,202514,5,Friday,4,94,False,True
2025-04-05,20250405,2025,202504,202514,6,Saturday,5,95,True,False
2025-04-06,20250406,2025,202504,202514,7,Sunday,6,96,True,False
2025-04-07,20250407,2025,202504,202515,1,Monday,7,97,False,True
2025-04-08,20250408,2025,202504,202515,2,Tuesday,8,98,False,True
2025-04-09,20250409,2025,202504,202515,3,Wednesday,9,99,False,True
2025-04-10,20250410,2025,202504,202515,4,Thursday,10,100,False,True
2025-04-11,20250411,2025,202504,202515,5,Friday,11,101,False,True
2025-04-12,20250412,2025,202504,202515,6,Saturday,12,102,True,False
2025-04-13,20250413,2025,202504,202515,7,Sunday,13,103,True,False
2025-04-14,20250414,2025,202504,202516,1,Monday,14,104,False,True
2025-04-15,20250415,2025,202504,202516,2,Tuesday,15,105,False,True
2025-04-16,20250416,2025,202504,202516,3,Wednesday,16,106,False,True
2025-04-17,20250417,2025,202504,202516,4,Thursday,17,107,False,True
2025-04-18,20250418,2025,202504,202516,5,Friday,18,108,False,True
2025-04-19,20250419,2025,202504,202516,6,Saturday,19,109,True,False
2025-04-20,20250420,2025,202504,202516,7,Sunday,20,110,True,False
2025-04-21,20250421,2025,202504,202517,1,Monday,21,111,False,True
2025-04-22,20250422,2025,202504,202517,2,Tuesday,22,112,False,True
2025-04-23,20250423,2025,202504,202517,3,Wednesday,23,113,False,True
2025-04-24,20250424,2025,202504,202517,4,Thursday,24,114,False,True
2025-04-25,20250425,2025,202504,202517,5,Friday,25,115,False,True
2025-04-26,20250426,2025,202504,202517,6,Saturday,26,116,True,False
2025-04-27,20250427,2025,202504,202517,7,Sunday,27,117,True,False
2025-04-28,20250428,2025,202504,202518,1,Monday,28,118,False,True
2025-04-29,20250429,2025,202504,202518,2,Tuesday,29,119,False,True
2025-04-30,20250430,2025,202504,202518,3,Wednesday,30,120,False,True
2025-05-01,20250501,2025,202505,202518,4,Thursday,1,121,False,True
2025-05-02,20250502,2025,202505,202518,5,Friday,2,122,False,True
2025-05-03,20250503,2025,202505,202518,6,Saturday,3,123,True,False
2025-05-04,20250504,2025,202505,202518,7,Sunday,4,124,True,False
2025-05-05,20250505,2025,202505,202519,1,Monday,5,125,False,True
2025-05-06,20250506,2025,202505,202519,2,Tuesday,6,126,False,True
2025-05-07,20250507,2025,202505,202519,3,Wednesday,7,127,False,True
2025-05-08,20250508,2025,202505,202519,4,Thursday,8,128,False,True
2025-05-09,20250509,2025,202505,202519,5,Friday,9,129,False,True
2025-05-10,20250510,2025,202505,202519,6,Saturday,10,130,True,False
2025-05-11,20250511,2025,202505,202519,7,Sunday,11,131,True,False
2025-05-12,20250512,2025,202505,202520,1,Monday,12,132,False,True
2025-05-13,20250513,2025,202505,202520,2,Tuesday,13,133,False,True
2025-05-14,20250514,2025,202505,202520,3,Wednesday,14,134,False,True
2025-05-15,20250515,2025,202505,202520,4,Thursday,15,135,False,True
2025-05-16,20250516,2025,202505,202520,5,Friday,16,136,False,True
2025-05-17,20250517,2025,202505,202520,6,Saturday,17,137,True,False
2025-05-18,20250518,2025,202505,202520,7,Sunday,18,138,True,False
2025-05-19,20250519,2025,202505,202521,1,Monday,19,139,False,True
2025-05-20,20250520,2025,202505,202521,2,Tuesday,20,140,False,True
2025-05-21,20250521,2025,202505,202521,3,Wednesday,21,141,False,True
2025-05-22,20250522,2025,202505,202521,4,Thursday,22,142,False,True
2025-05-23,20250523,2025,202505,202521,5,Friday,23,143,False,True
2025-05-24,20250524,2025,202505,202521,6,Saturday,24,144,True,False
2025-05-25,20250525,2025,202505,202521,7,Sunday,25,145,True,False
2025-05-26,20250526,2025,202505,202522,1,Monday,26,146,False,True
2025-05-27,20250527,2025,202505,202522,2,Tuesday,27,147,False,True
2025-05-28,20250528,2025,202505,202522,3,Wednesday,28,148,False,True
2025-05-29,20250529,2025,202505,202522,4,Thursday,29,149,False,True
2025-05-30,20250530,2025,202505,202522,5,Friday,30,150,False,True
2025-05-31,20250531,2025,202505,202522,6,Saturday,31,151,True,False
2025-06-01,20250601,2025,202506,202522,7,Sunday,1,152,True,False
2025-06-02,20250602,2025,202506,202523,1,Monday,2,153,False,True
2025-06-03,20250603,2025,202506,202523,2,Tuesday,3,154,False,True
2025-06-04,20250604,2025,202506,202523,3,Wednesday,4,155,False,True
2025-06-05,20250605,2025,202506,202523,4,Thursday,5,156,False,True
2025-06-06,20250606,2025,202506,202523,5,Friday,6,157,False,True
2025-06-07,20250607,2025,202506,202523,6,Saturday,7,158,True,False
2025-06-08,20250608,2025,202506,202523,7,Sunday,8,159,True,False
2025-06-09,20250609,2025,202506,202524,1,Monday,9,160,False,True
2025-06-10,20250610,2025,202506,202524,2,Tuesday,10,161,False,True
2025-06-11,20250611,2025,202506,202524,3,Wednesday,11,162,False,True
2025-06-12,20250612,2025,202506,202524,4,Thursday,12,163,False,True
2025-06-13,20250613,2025,202506,202524,5,Friday,13,164,False,True
2025-06-14,20250614,2025,202506,202524,6,Saturday,14,165,True,False
2025-06-15,20250615,2025,202506,202524,7,Sunday,15,166,True,False
2025-06-16,20250616,2025,202506,202525,1,Monday,16,167,False,True
2025-06-17,20250617,2025,202506,202525,2,Tuesday,17,168,False,True
2025-06-18,20250618,2025,202506,202525,3,Wednesday,18,169,False,True
2025-06-19,20250619,2025,202506,202525,4,Thursday,19,170,False,True
2025-06-20,20250620,2025,202506,202525,5,Friday,20,171,False,True
2025-06-21,20250621,2025,202506,202525,6,Saturday,21,172,True,False
2025-06-22,20250622,2025,202506,202525,7,Sunday,22,173,True,False
2025-06-23,20250623,2025,202506,202526,1,Monday,23,174,False,True
2025-06-24,20250624,2025,202506,202526,2,Tuesday,24,175,False,True
2025-06-25,20250625,2025,202506,202526,3,Wednesday,25,176,False,True
2025-06-26,20250626,2025,202506,202526,4,Thursday,26,177,False,True
2025-06-27,20250627,2025,202506,202526,5,Friday,27,178,False,True
2025-06-28,20250628,2025,202506,202526,6,Saturday,28,179,True,False
2025-06-29,20250629,2025,202506,202526,7,Sunday,29,180,True,False
2025-06-30,20250630,2025,202506,202527,1,Monday,30,181,False,True
2025-07-01,20250701,2025,202507,202527,2,Tuesday,1,182,False,True
2025-07-02,20250702,2025,202507,202527,3,Wednesday,2,183,False,True
2025-07-03,20250703,2025,202507,202527,4,Thursday,3,184,False,True
2025-07-04,20250704,2025,202507,202527,5,Friday,4,185,False,True
2025-07-05,20250705,2025,202507,202527,6,Saturday,5,186,True,False
2025-07-06,20250706,2025,202507,202527,7,Sunday,6,187,True,False
2025-07-07,20250707,2025,202507,202528,1,Monday,7,188,False,True
2025-07-08,20250708,2025,202507,202528,2,Tuesday,8,189,False,True
2025-07-09,20250709,2025,202507,202528,3,Wednesday,9,190,False,True
2025-07-10,20250710,2025,202507,202528,4,Thursday,10,191,False,True
2025-07-11,20250711,2025,202507,202528,5,Friday,11,192,False,True
2025-07-12,20250712,2025,202507,202528,6,Saturday,12,193,True,False
2025-07-13,20250713,2025,202507,202528,7,Sunday,13,194,True,False
2025-07-14,20250714,2025,202507,202529,1,Monday,14,195,False,True
2025-07-15,20250715,2025,202507,202529,2,Tuesday,15,196,False,True
2025-07-16,20250716,2025,202507,202529,3,Wednesday,16,197,False,True
2025-07-17,20250717,2025,202507,202529,4,Thursday,17,198,False,True
2025-07-18,20250718,2025,202507,202529,5,Friday,18,199,False,True
2025-07-19,20250719,2025,202507,202529,6,Saturday,19,200,True,False
2025-07-20,20250720,2025,202507,202529,7,Sunday,20,201,True,False
2025-07-21,20250721,2025,202507,202530,1,Monday,21,202,False,True
2025-07-22,20250722,2025,202507,202530,2,Tuesday,22,203,False,True
2025-07-23,20250723,2025,202507,202530,3,Wednesday,23,204,False,True
2025-07-24,20250724,2025,202507,202530,4,Thursday,24,205,False,True
2025-07-25,20250725,2025,202507,202530,5,Friday,25,206,False,True
2025-07-26,20250726,2025,202507,202530,6,Saturday,26,207,True,False
2025-07-27,20250727,2025,202507,202530,7,Sunday,27,208,True,False
2025-07-28,20250728,2025,202507,202531,1,Monday,28,209,False,True
2025-07-29,20250729,2025,202507,202531,2,Tuesday,29,210,False,True
2025-07-30,20250730,2025,202507,202531,3,Wednesday,30,211,False,True
2025-07-31,20250731,2025,202507,202531,4,Thursday,31,212,False,True
2025-08-01,20250801,2025,202508,202531,5,Friday,1,213,False,True
2025-08-02,20250802,2025,202508,202531,6,Saturday,2,214,True,False
2025-08-03,20250803,2025,202508,202531,7,Sunday,3,215,True,False
2025-08-04,20250804,2025,202508,202532,1,Monday,4,216,False,True
2025-08-05,20250805,2025,202508,202532,2,Tuesday,5,217,False,True
2025-08-06,20250806,2025,202508,202532,3,Wednesday,6,218,False,True
2025-08-07,20250807,2025,202508,202532,4,Thursday,7,219,False,True
2025-08-08,20250808,2025,202508,202532,5,Friday,8,220,False,True
2025-08-09,20250809,2025,202508,202532,6,Saturday,9,221,True,False
2025-08-10,20250810,2025,202508,202532,7,Sunday,10,222,True,False
2025-08-11,20250811,2025,202508,202533,1,Monday,11,223,False,True
2025-08-12,20250812,2025,202508,202533,2,Tuesday,12,224,False,True
2025-08-13,20250813,2025,202508,202533,3,Wednesday,13,225,False,True
2025-08-14,20250814,2025,202508,202533,4,Thursday,14,226,False,True
2025-08-15,20250815,2025,202508,202533,5,Friday,15,227,False,True
2025-08-16,20250816,2025,202508,202533,6,Saturday,16,228,True,False
2025-08-17,20250817,2025,202508,202533,7,Sunday,17,229,True,False
2025-08-18,20250818,2025,202508,202534,1,Monday,18,230,False,True
2025-08-19,20250819,2025,202508,202534,2,Tuesday,19,231,False,True
2025-08-20,20250820,2025,202508,202534,3,Wednesday,20,232,False,True
2025-08-21,20250821,2025,202508,202534,4,Thursday,21,233,False,True
2025-08-22,20250822,2025,202508,202534,5,Friday,22,234,False,True
2025-08-23,20250823,2025,202508,202534,6,Saturday,23,235,True,False
2025-08-24,20250824,2025,202508,202534,7,Sunday,24,236,True,False
2025-08-25,20250825,2025,202508,202535,1,Monday,25,237,False,True
2025-08-26,20250826,2025,202508,202535,2,Tuesday,26,238,False,True
2025-08-27,20250827,2025,202508,202535,3,Wednesday,27,239,False,True
2025-08-28,20250828,2025,202508,202535,4,Thursday,28,240,False,True
2025-08-29,20250829,2025,202508,202535,5,Friday,29,241,False,True
2025-08-30,20250830,2025,202508,202535,6,Saturday,30,242,True,False
2025-08-31,20250831,2025,202508,202535,7,Sunday,31,243,True,False
2025-09-01,20250901,2025,202509,202536,1,Monday,1,244,False,True
2025-09-02,20250902,2025,202509,202536,2,Tuesday,2,245,False,True
2025-09-03,20250903,2025,202509,202536,3,Wednesday,3,246,False,True
2025-09-04,20250904,2025,202509,202536,4,Thursday,4,247,False,True
2025-09-05,20250905,2025,202509,202536,5,Friday,5,248,False,True
2025-09-06,20250906,2025,202509,202536,6,Saturday,6,249,True,False
2025-09-07,20250907,2025,202509,202536,7,Sunday,7,250,True,False
2025-09-08,20250908,2025,202509,202537,1,Monday,8,251,False,True
2025-09-09,20250909,2025,202509,202537,2,Tuesday,9,252,False,True
2025-09-10,20250910,2025,202509,202537,3,Wednesday,10,253,False,True
2025-09-11,20250911,2025,202509,202537,4,Thursday,11,254,False,True
2025-09-12,20250912,2025,202509,202537,5,Friday,12,255,False,True
2025-09-13,20250913,2025,202509,202537,6,Saturday,13,256,True,False
2025-09-14,20250914,2025,202509,202537,7,Sunday,14,257,True,False
2025-09-15,20250915,2025,202509,202538,1,Monday,15,258,False,True
2025-09-16,20250916,2025,202509,202538,2,Tuesday,16,259,False,True
2025-09-17,20250917,2025,202509,202538,3,Wednesday,17,260,False,True
2025-09-18,20250918,2025,202509,202538,4,Thursday,18,261,False,True
2025-09-19,20250919,2025,202509,202538,5,Friday,19,262,False,True
2025-09-20,20250920,2025,202509,202538,6,Saturday,20,263,True,False
2025-09-21,20250921,2025,202509,202538,7,Sunday,21,264,True,False
2025-09-22,20250922,2025,202509,202539,1,Monday,22,265,False,True
2025-09-23,20250923,2025,202509,202539,2,Tuesday,23,266,False,True
2025-09-24,20250924,2025,202509,202539,3,Wednesday,24,267,False,True
2025-09-25,20250925,2025,202509,202539,4,Thursday,25,268,False,True
2025-09-26,20250926,2025,202509,202539,5,Friday,26,269,False,True
2025-09-27,20250927,2025,202509,202539,6,Saturday,27,270,True,False
2025-09-28,20250928,2025,202509,202539,7,Sunday,28,271,True,False
2025-09-29,20250929,2025,202509,202540,1,Monday,29,272,False,True
2025-09-30,20250930,2025,202509,202540,2,Tuesday,30,273,False,True
2025-10-01,20251001,2025,202510,202540,3,Wednesday,1,274,False,True
2025-10-02,20251002,2025,202510,202540,4,Thursday,2,275,False,True
2025-10-03,20251003,2025,202510,202540,5,Friday,3,276,False,True
2025-10-04,20251004,2025,202510,202540,6,Saturday,4,277,True,False
2025-10-05,20251005,2025,202510,202540,7,Sunday,5,278,True,False
2025-10-06,20251006,2025,202510,202541,1,Monday,6,279,False,True
2025-10-07,20251007,2025,202510,202541,2,Tuesday,7,280,False,True
2025-10-08,20251008,2025,202510,202541,3,Wednesday,8,281,False,True
2025-10-09,20251009,2025,202510,202541,4,Thursday,9,282,False,True
2025-10-10,20251010,2025,202510,202541,5,Friday,10,283,False,True
2025-10-11,20251011,2025,202510,202541,6,Saturday,11,284,True,False
2025-10-12,20251012,2025,202510,202541,7,Sunday,12,285,True,False
2025-10-13,20251013,2025,202510,202542,1,Monday,13,286,False,True
2025-10-14,20251014,2025,202510,202542,2,Tuesday,14,287,False,True
2025-10-15,20251015,2025,202510,202542,3,Wednesday,15,288,False,True
2025-10-16,20251016,2025,202510,202542,4,Thursday,16,289,False,True
2025-10-17,20251017,2025,202510,202542,5,Friday,17,290,False,True
2025-10-18,20251018,2025,202510,202542,6,Saturday,18,291,True,False
2025-10-19,20251019,2025,202510,202542,7,Sunday,19,292,True,False
2025-10-20,20251020,2025,202510,202543,1,Monday,20,293,False,True
2025-10-21,20251021,2025,202510,202543,2,Tuesday,21,294,False,True
2025-10-22,20251022,2025,202510,202543,3,Wednesday,22,295,False,True
2025-10-23,20251023,2025,202510,202543,4,Thursday,23,296,False,True
2025-10-24,20251024,2025,202510,202543,5,Friday,24,297,False,True
2025-10-25,20251025,2025,202510,202543,6,Saturday,25,298,True,False
2025-10-26,20251026,2025,202510,202543,7,Sunday,26,299,True,False
2025-10-27,20251027,2025,202510,202544,1,Monday,27,300,False,True
2025-10-28,20251028,2025,202510,202544,2,Tuesday,28,301,False,True
2025-10-29,20251029,2025,202510,202544,3,Wednesday,29,302,False,True
2025-10-30,20251030,2025,202510,202544,4,Thursday,30,303,False,True
2025-10-31,20251031,2025,202510,202544,5,Friday,31,304,False,True
2025-11-01,20251101,2025,202511,202544,6,Saturday,1,305,True,False
2025-11-02,20251102,2025,202511,202544,7,Sunday,2,306,True,False
2025-11-03,20251103,2025,202511,202545,1,Monday,3,307,False,True
2025-11-04,20251104,2025,202511,202545,2,Tuesday,4,308,False,True
2025-11-05,20251105,2025,202511,202545,3,Wednesday,5,309,False,True
2025-11-06,20251106,2025,202511,202545,4,Thursday,6,310,False,True
2025-11-07,20251107,2025,202511,202545,5,Friday,7,311,False,True
2025-11-08,20251108,2025,202511,202545,6,Saturday,8,312,True,False
2025-11-09,20251109,2025,202511,202545,7,Sunday,9,313,True,False
2025-11-10,20251110,2025,202511,202546,1,Monday,10,314,False,True
2025-11-11,20251111,2025,202511,202546,2,Tuesday,11,315,False,True
2025-11-12,20251112,2025,202511,202546,3,Wednesday,12,316,False,True
2025-11-13,20251113,2025,202511,202546,4,Thursday,13,317,False,True
2025-11-14,20251114,2025,202511,202546,5,Friday,14,318,False,True
2025-11-15,20251115,2025,202511,202546,6,Saturday,15,319,True,False
2025-11-16,20251116,2025,202511,202546,7,Sunday,16,320,True,False
2025-11-17,20251117,2025,202511,202547,1,Monday,17,321,False,True
2025-11-18,20251118,2025,202511,202547,2,Tuesday,18,322,False,True
2025-11-19,20251119,2025,202511,202547,3,Wednesday,19,323,False,True
2025-11-20,20251120,2025,202511,202547,4,Thursday,20,324,False,True
2025-11-21,20251121,2025,202511,202547,5,Friday,21,325,False,True
2025-11-22,20251122,2025,202511,202547,6,Saturday,22,326,True,False
2025-11-23,20251123,2025,202511,202547,7,Sunday,23,327,True,False
2025-11-24,20251124,2025,202511,202548,1,Monday,24,328,False,True
2025-11-25,20251125,2025,202511,202548,2,Tuesday,25,329,False,True
2025-11-26,20251126,2025,202511,202548,3,Wednesday,26,330,False,True
2025-11-27,20251127,2025,202511,202548,4,Thursday,27,331,False,True
2025-11-28,20251128,2025,202511,202548,5,Friday,28,332,False,True
2025-11-29,20251129,2025,202511,202548,6,Saturday,29,333,True,False
2025-11-30,20251130,2025,202511,202548,7,Sunday,30,334,True,False
2025-12-01,20251201,2025,202512,202549,1,Monday,1,335,False,True
2025-12-02,20251202,2025,202512,202549,2,Tuesday,2,336,False,True
2025-12-03,20251203,2025,202512,202549,3,Wednesday,3,337,False,True
2025-12-04,20251204,2025,202512,202549,4,Thursday,4,338,False,True
2025-12-05,20251205,2025,202512,202549,5,Friday,5,339,False,True
2025-12-06,20251206,2025,202512,202549,6,Saturday,6,340,True,False
2025-12-07,20251207,2025,202512,202549,7,Sunday,7,341,True,False
2025-12-08,20251208,2025,202512,202550,1,Monday,8,342,False,True
2025-12-09,20251209,2025,202512,202550,2,Tuesday,9,343,False,True
2025-12-10,20251210,2025,202512,202550,3,Wednesday,10,344,False,True
2025-12-11,20251211,2025,202512,202550,4,Thursday,11,345,False,True
2025-12-12,20251212,2025,202512,202550,5,Friday,12,346,False,True
2025-12-13,20251213,2025,202512,202550,6,Saturday,13,347,True,False
2025-12-14,20251214,2025,202512,202550,7,Sunday,14,348,True,False
2025-12-15,20251215,2025,202512,202551,1,Monday,15,349,False,True
2025-12-16,20251216,2025,202512,202551,2,Tuesday,16,350,False,True
2025-12-17,20251217,2025,202512,202551,3,Wednesday,17,351,False,True
2025-12-18,20251218,2025,202512,202551,4,Thursday,18,352,False,True
2025-12-19,20251219,2025,202512,202551,5,Friday,19,353,False,True
2025-12-20,20251220,2025,202512,202551,6,Saturday,20,354,True,False
2025-12-21,20251221,2025,202512,202551,7,Sunday,21,355,True,False
2025-12-22,20251222,2025,202512,202552,1,Monday,22,356,False,True
2025-12-23,20251223,2025,202512,202552,2,Tuesday,23,357,False,True
2025-12-24,20251224,2025,202512,202552,3,Wednesday,24,358,False,True
2025-12-25,20251225,2025,202512,202552,4,Thursday,25,359,False,True
2025-12-26,20251226,2025,202512,202552,5,Friday,26,360,False,True
2025-12-27,20251227,2025,202512,202552,6,Saturday,27,361,True,False
2025-12-28,20251228,2025,202512,202552,7,Sunday,28,362,True,False
2025-12-29,20251229,2025,202512,202601,1,Monday,29,363,False,True
2025-12-30,20251230,2025,202512,202601,2,Tuesday,30,364,False,True
2025-12-31,20251231,2025,202512,202601,3,Wednesday,31,365,False,True
2026-01-01,20260101,2026,202601,202601,4,Thursday,1,1,False,True
2026-01-02,20260102,2026,202601,202601,5,Friday,2,2,False,True
2026-01-03,20260103,2026,202601,202601,6,Saturday,3,3,True,False
2026-01-04,20260104,2026,202601,202601,7,Sunday,4,4,True,False
2026-01-05,20260105,2026,202601,202602,1,Monday,5,5,False,True
2026-01-06,20260106,2026,202601,202602,2,Tuesday,6,6,False,True
2026-01-07,20260107,2026,202601,202602,3,Wednesday,7,7,False,True
2026-01-08,20260108,2026,202601,202602,4,Thursday,8,8,False,True
2026-01-09,20260109,2026,202601,202602,5,Friday,9,9,False,True
2026-01-10,20260110,2026,202601,202602,6,Saturday,10,10,True,False
2026-01-11,20260111,2026,202601,202602,7,Sunday,11,11,True,False
2026-01-12,20260112,2026,202601,202603,1,Monday,12,12,False,True
2026-01-13,20260113,2026,202601,202603,2,Tuesday,13,13,False,True
2026-01-14,20260114,2026,202601,202603,3,Wednesday,14,14,False,True
2026-01-15,20260115,2026,202601,202603,4,Thursday,15,15,False,True
2026-01-16,20260116,2026,202601,202603,5,Friday,16,16,False,True
2026-01-17,20260117,2026,202601,202603,6,Saturday,17,17,True,False
2026-01-18,20260118,2026,202601,202603,7,Sunday,18,18,True,False
2026-01-19,20260119,2026,202601,202604,1,Monday,19,19,False,True
2026-01-20,20260120,2026,202601,202604,2,Tuesday,20,20,False,True
2026-01-21,20260121,2026,202601,202604,3,Wednesday,21,21,False,True
2026-01-22,20260122,2026,202601,202604,4,Thursday,22,22,False,True
2026-01-23,20260123,2026,202601,202604,5,Friday,23,23,False,True
2026-01-24,20260124,2026,202601,202604,6,Saturday,24,24,True,False
2026-01-25,20260125,2026,202601,202604,7,Sunday,25,25,True,False
2026-01-26,20260126,2026,202601,202605,1,Monday,26,26,False,True
2026-01-27,20260127,2026,202601,202605,2,Tuesday,27,27,False,True
2026-01-28,20260128,2026,202601,202605,3,Wednesday,28,28,False,True
2026-01-29,20260129,2026,202601,202605,4,Thursday,29,29,False,True
2026-01-30,20260130,2026,202601,202605,5,Friday,30,30,False,True
2026-01-31,20260131,2026,202601,202605,6,Saturday,31,31,True,False
2026-02-01,20260201,2026,202602,202605,7,Sunday,1,32,True,False
2026-02-02,20260202,2026,202602,202606,1,Monday,2,33,False,True
2026-02-03,20260203,2026,202602,202606,2,Tuesday,3,34,False,True
2026-02-04,20260204,2026,202602,202606,3,Wednesday,4,35,False,True
2026-02-05,20260205,2026,202602,202606,4,Thursday,5,36,False,True
2026-02-06,20260206,2026,202602,202606,5,Friday,6,37,False,True
2026-02-07,20260207,2026,202602,202606,6,Saturday,7,38,True,False
2026-02-08,20260208,2026,202602,202606,7,Sunday,8,39,True,False
2026-02-09,20260209,2026,202602,202607,1,Monday,9,40,False,True
2026-02-10,20260210,2026,202602,202607,2,Tuesday,10,41,False,True
2026-02-11,20260211,2026,202602,202607,3,Wednesday,11,42,False,True
2026-02-12,20260212,2026,202602,202607,4,Thursday,12,43,False,True
2026-02-13,20260213,2026,202602,202607,5,Friday,13,44,False,True
2026-02-14,20260214,2026,202602,202607,6,Saturday,14,45,True,False
2026-02-15,20260215,2026,202602,202607,7,Sunday,15,46,True,False
2026-02-16,20260216,2026,202602,202608,1,Monday,16,47,False,True
2026-02-17,20260217,2026,202602,202608,2,Tuesday,17,48,False,True
2026-02-18,20260218,2026,202602,202608,3,Wednesday,18,49,False,True
2026-02-19,20260219,2026,202602,202608,4,Thursday,19,50,False,True
2026-02-20,20260220,2026,202602,202608,5,Friday,20,51,False,True
2026-02-21,20260221,2026,202602,202608,6,Saturday,21,52,True,False
2026-02-22,20260222,2026,202602,202608,7,Sunday,22,53,True,False
2026-02-23,20260223,2026,202602,202609,1,Monday,23,54,False,True
2026-02-24,20260224,2026,202602,202609,2,Tuesday,24,55,False,True
2026-02-25,20260225,2026,202602,202609,3,Wednesday,25,56,False,True
2026-02-26,20260226,2026,202602,202609,4,Thursday,26,57,False,True
2026-02-27,20260227,2026,202602,202609,5,Friday,27,58,False,True
2026-02-28,20260228,2026,202602,202609,6,Saturday,28,59,True,False
2026-03-01,20260301,2026,202603,202609,7,Sunday,1,60,True,False
2026-03-02,20260302,2026,202603,202610,1,Monday,2,61,False,True
2026-03-03,20260303,2026,202603,202610,2,Tuesday,3,62,False,True
2026-03-04,20260304,2026,202603,202610,3,Wednesday,4,63,False,True
2026-03-05,20260305,2026,202603,202610,4,Thursday,5,64,False,True
2026-03-06,20260306,2026,202603,202610,5,Friday,6,65,False,True
2026-03-07,20260307,2026,202603,202610,6,Saturday,7,66,True,False
2026-03-08,20260308,2026,202603,202610,7,Sunday,8,67,True,False
2026-03-09,20260309,2026,202603,202611,1,Monday,9,68,False,True
2026-03-10,20260310,2026,202603,202611,2,Tuesday,10,69,False,True
2026-03-11,20260311,2026,202603,202611,3,Wednesday,11,70,False,True
2026-03-12,20260312,2026,202603,202611,4,Thursday,12,71,False,True
2026-03-13,20260313,2026,202603,202611,5,Friday,13,72,False,True
2026-03-14,20260314,2026,202603,202611,6,Saturday,14,73,True,False
2026-03-15,20260315,2026,202603,202611,7,Sunday,15,74,True,False
2026-03-16,20260316,2026,202603,202612,1,Monday,16,75,False,True
2026-03-17,20260317,2026,202603,202612,2,Tuesday,17,76,False,True
2026-03-18,20260318,2026,202603,202612,3,Wednesday,18,77,False,True
2026-03-19,20260319,2026,202603,202612,4,Thursday,19,78,False,True
2026-03-20,20260320,2026,202603,202612,5,Friday,20,79,False,True
2026-03-21,20260321,2026,202603,202612,6,Saturday,21,80,True,False
2026-03-22,20260322,2026,202603,202612,7,Sunday,22,81,True,False
2026-03-23,20260323,2026,202603,202613,1,Monday,23,82,False,True
2026-03-24,20260324,2026,202603,202613,2,Tuesday,24,83,False,True
2026-03-25,20260325,2026,202603,202613,3,Wednesday,25,84,False,True
2026-03-26,20260326,2026,202603,202613,4,Thursday,26,85,False,True
2026-03-27,20260327,2026,202603,202613,5,Friday,27,86,False,True
2026-03-28,20260328,2026,202603,202613,6,Saturday,28,87,True,False
2026-03-29,20260329,2026,202603,202613,7,Sunday,29,88,True,False
2026-03-30,20260330,2026,202603,202614,1,Monday,30,89,False,True
2026-03-31,20260331,2026,202603,202614,2,Tuesday,31,90,False,True
2026-04-01,20260401,2026,202604,202614,3,Wednesday,1,91,False,True
2026-04-02,20260402,2026,202604,202614,4,Thursday,2,92,False,True
2026-04-03,20260403,2026,202604,202614,5,Friday,3,93,False,True
2026-04-04,20260404,2026,202604,202614,6,Saturday,4,94,True,False
2026-04-05,20260405,2026,202604,202614,7,Sunday,5,95,True,False
2026-04-06,20260406,2026,202604,202615,1,Monday,6,96,False,True
2026-04-07,20260407,2026,202604,202615,2,Tuesday,7,97,False,True
2026-04-08,20260408,2026,202604,202615,3,Wednesday,8,98,False,True
2026-04-09,20260409,2026,202604,202615,4,Thursday,9,99,False,True
2026-04-10,20260410,2026,202604,202615,5,Friday,10,100,False,True
2026-04-11,20260411,2026,202604,202615,6,Saturday,11,101,True,False
2026-04-12,20260412,2026,202604,202615,7,Sunday,12,102,True,False
2026-04-13,20260413,2026,202604,202616,1,Monday,13,103,False,True
2026-04-14,20260414,2026,202604,202616,2,Tuesday,14,104,False,True
2026-04-15,20260415,2026,202604,202616,3,Wednesday,15,105,False,True
2026-04-16,20260416,2026,202604,202616,4,Thursday,16,106,False,True
2026-04-17,20260417,2026,202604,202616,5,Friday,17,107,False,True
2026-04-18,20260418,2026,202604,202616,6,Saturday,18,108,True,False
2026-04-19,20260419,2026,202604,202616,7,Sunday,19,109,True,False
2026-04-20,20260420,2026,202604,202617,1,Monday,20,110,False,True
2026-04-21,20260421,2026,202604,202617,2,Tuesday,21,111,False,True
2026-04-22,20260422,2026,202604,202617,3,Wednesday,22,112,False,True
2026-04-23,20260423,2026,202604,202617,4,Thursday,23,113,False,True
2026-04-24,20260424,2026,202604,202617,5,Friday,24,114,False,True
2026-04-25,20260425,2026,202604,202617,6,Saturday,25,115,True,False
2026-04-26,20260426,2026,202604,202617,7,Sunday,26,116,True,False
2026-04-27,20260427,2026,202604,202618,1,Monday,27,117,False,True
2026-04-28,20260428,2026,202604,202618,2,Tuesday,28,118,False,True
2026-04-29,20260429,2026,202604,202618,3,Wednesday,29,119,False,True
2026-04-30,20260430,2026,202604,202618,4,Thursday,30,120,False,True
2026-05-01,20260501,2026,202605,202618,5,Friday,1,121,False,True
2026-05-02,20260502,2026,202605,202618,6,Saturday,2,122,True,False
2026-05-03,20260503,2026,202605,202618,7,Sunday,3,123,True,False
2026-05-04,20260504,2026,202605,202619,1,Monday,4,124,False,True
2026-05-05,20260505,2026,202605,202619,2,Tuesday,5,125,False,True
2026-05-06,20260506,2026,202605,202619,3,Wednesday,6,126,False,True
2026-05-07,20260507,2026,202605,202619,4,Thursday,7,127,False,True
2026-05-08,20260508,2026,202605,202619,5,Friday,8,128,False,True
2026-05-09,20260509,2026,202605,202619,6,Saturday,9,129,True,False
2026-05-10,20260510,2026,202605,202619,7,Sunday,10,130,True,False
2026-05-11,20260511,2026,202605,202620,1,Monday,11,131,False,True
2026-05-12,20260512,2026,202605,202620,2,Tuesday,12,132,False,True
2026-05-13,20260513,2026,202605,202620,3,Wednesday,13,133,False,True
2026-05-14,20260514,2026,202605,202620,4,Thursday,14,134,False,True
2026-05-15,20260515,2026,202605,202620,5,Friday,15,135,False,True
2026-05-16,20260516,2026,202605,202620,6,Saturday,16,136,True,False
2026-05-17,20260517,2026,202605,202620,7,Sunday,17,137,True,False
2026-05-18,20260518,2026,202605,202621,1,Monday,18,138,False,True
2026-05-19,20260519,2026,202605,202621,2,Tuesday,19,139,False,True
2026-05-20,20260520,2026,202605,202621,3,Wednesday,20,140,False,True
2026-05-21,20260521,2026,202605,202621,4,Thursday,21,141,False,True
2026-05-22,20260522,2026,202605,202621,5,Friday,22,142,False,True
2026-05-23,20260523,2026,202605,202621,6,Saturday,23,143,True,False
2026-05-24,20260524,2026,202605,202621,7,Sunday,24,144,True,False
2026-05-25,20260525,2026,202605,202622,1,Monday,25,145,False,True
2026-05-26,20260526,2026,202605,202622,2,Tuesday,26,146,False,True
2026-05-27,20260527,2026,202605,202622,3,Wednesday,27,147,False,True
2026-05-28,20260528,2026,202605,202622,4,Thursday,28,148,False,True
2026-05-29,20260529,2026,202605,202622,5,Friday,29,149,False,True
2026-05-30,20260530,2026,202605,202622,6,Saturday,30,150,True,False
2026-05-31,20260531,2026,202605,202622,7,Sunday,31,151,True,False
2026-06-01,20260601,2026,202606,202623,1,Monday,1,152,False,True
2026-06-02,20260602,2026,202606,202623,2,Tuesday,2,153,False,True
2026-06-03,20260603,2026,202606,202623,3,Wednesday,3,154,False,True
2026-06-04,20260604,2026,202606,202623,4,Thursday,4,155,False,True
2026-06-05,20260605,2026,202606,202623,5,Friday,5,156,False,True
2026-06-06,20260606,2026,202606,202623,6,Saturday,6,157,True,False
2026-06-07,20260607,2026,202606,202623,7,Sunday,7,158,True,False
2026-06-08,20260608,2026,202606,202624,1,Monday,8,159,False,True
2026-06-09,20260609,2026,202606,202624,2,Tuesday,9,160,False,True
2026-06-10,20260610,2026,202606,202624,3,Wednesday,10,161,False,True
2026-06-11,20260611,2026,202606,202624,4,Thursday,11,162,False,True
2026-06-12,20260612,2026,202606,202624,5,Friday,12,163,False,True
2026-06-13,20260613,2026,202606,202624,6,Saturday,13,164,True,False
2026-06-14,20260614,2026,202606,202624,7,Sunday,14,165,True,False
2026-06-15,20260615,2026,202606,202625,1,Monday,15,166,False,True
2026-06-16,20260616,2026,202606,202625,2,Tuesday,16,167,False,True
2026-06-17,20260617,2026,202606,202625,3,Wednesday,17,168,False,True
2026-06-18,20260618,2026,202606,202625,4,Thursday,18,169,False,True
2026-06-19,20260619,2026,202606,202625,5,Friday,19,170,False,True
2026-06-20,20260620,2026,202606,202625,6,Saturday,20,171,True,False
2026-06-21,20260621,2026,202606,202625,7,Sunday,21,172,True,False
2026-06-22,20260622,2026,202606,202626,1,Monday,22,173,False,True
2026-06-23,20260623,2026,202606,202626,2,Tuesday,23,174,False,True
2026-06-24,20260624,2026,202606,202626,3,Wednesday,24,175,False,True
2026-06-25,20260625,2026,202606,202626,4,Thursday,25,176,False,True
2026-06-26,20260626,2026,202606,202626,5,Friday,26,177,False,True
2026-06-27,20260627,2026,202606,202626,6,Saturday,27,178,True,False
2026-06-28,20260628,2026,202606,202626,7,Sunday,28,179,True,False
2026-06-29,20260629,2026,202606,202627,1,Monday,29,180,False,True
2026-06-30,20260630,2026,202606,202627,2,Tuesday,30,181,False,True
2026-07-01,20260701,2026,202607,202627,3,Wednesday,1,182,False,True
2026-07-02,20260702,2026,202607,202627,4,Thursday,2,183,False,True
2026-07-03,20260703,2026,202607,202627,5,Friday,3,184,False,True
2026-07-04,20260704,2026,202607,202627,6,Saturday,4,185,True,False
2026-07-05,20260705,2026,202607,202627,7,Sunday,5,186,True,False
2026-07-06,20260706,2026,202607,202628,1,Monday,6,187,False,True
2026-07-07,20260707,2026,202607,202628,2,Tuesday,7,188,False,True
2026-07-08,20260708,2026,202607,202628,3,Wednesday,8,189,False,True
2026-07-09,20260709,2026,202607,202628,4,Thursday,9,190,False,True
2026-07-10,20260710,2026,202607,202628,5,Friday,10,191,False,True
2026-07-11,20260711,2026,202607,202628,6,Saturday,11,192,True,False
2026-07-12,20260712,2026,202607,202628,7,Sunday,12,193,True,False
2026-07-13,20260713,2026,202607,202629,1,Monday,13,194,False,True
2026-07-14,20260714,2026,202607,202629,2,Tuesday,14,195,False,True
2026-07-15,20260715,2026,202607,202629,3,Wednesday,15,196,False,True
2026-07-16,20260716,2026,202607,202629,4,Thursday,16,197,False,True
2026-07-17,20260717,2026,202607,202629,5,Friday,17,198,False,True
2026-07-18,20260718,2026,202607,202629,6,Saturday,18,199,True,False
2026-07-19,20260719,2026,202607,202629,7,Sunday,19,200,True,False
2026-07-20,20260720,2026,202607,202630,1,Monday,20,201,False,True
2026-07-21,20260721,2026,202607,202630,2,Tuesday,21,202,False,True
2026-07-22,20260722,2026,202607,202630,3,Wednesday,22,203,False,True
2026-07-23,20260723,2026,202607,202630,4,Thursday,23,204,False,True
2026-07-24,20260724,2026,202607,202630,5,Friday,24,205,False,True
2026-07-25,20260725,2026,202607,202630,6,Saturday,25,206,True,False
2026-07-26,20260726,2026,202607,202630,7,Sunday,26,207,True,False
2026-07-27,20260727,2026,202607,202631,1,Monday,27,208,False,True
2026-07-28,20260728,2026,202607,202631,2,Tuesday,28,209,False,True
2026-07-29,20260729,2026,202607,202631,3,Wednesday,29,210,False,True
2026-07-30,20260730,2026,202607,202631,4,Thursday,30,211,False,True
2026-07-31,20260731,2026,202607,202631,5,Friday,31,212,False,True
2026-08-01,20260801,2026,202608,202631,6,Saturday,1,213,True,False
2026-08-02,20260802,2026,202608,202631,7,Sunday,2,214,True,False
2026-08-03,20260803,2026,202608,202632,1,Monday,3,215,False,True
2026-08-04,20260804,2026,202608,202632,2,Tuesday,4,216,False,True
2026-08-05,20260805,2026,202608,202632,3,Wednesday,5,217,False,True
2026-08-06,20260806,2026,202608,202632,4,Thursday,6,218,False,True
2026-08-07,20260807,2026,202608,202632,5,Friday,7,219,False,True
2026-08-08,20260808,2026,202608,202632,6,Saturday,8,220,True,False
2026-08-09,20260809,2026,202608,202632,7,Sunday,9,221,True,False
2026-08-10,20260810,2026,202608,202633,1,Monday,10,222,False,True
2026-08-11,20260811,2026,202608,202633,2,Tuesday,11,223,False,True
2026-08-12,20260812,2026,202608,202633,3,Wednesday,12,224,False,True
2026-08-13,20260813,2026,202608,202633,4,Thursday,13,225,False,True
2026-08-14,20260814,2026,202608,202633,5,Friday,14,226,False,True
2026-08-15,20260815,2026,202608,202633,6,Saturday,15,227,True,False
2026-08-16,20260816,2026,202608,202633,7,Sunday,16,228,True,False
2026-08-17,20260817,2026,202608,202634,1,Monday,17,229,False,True
2026-08-18,20260818,2026,202608,202634,2,Tuesday,18,230,False,True
2026-08-19,20260819,2026,202608,202634,3,Wednesday,19,231,False,True
2026-08-20,20260820,2026,202608,202634,4,Thursday,20,232,False,True
2026-08-21,20260821,2026,202608,202634,5,Friday,21,233,False,True
2026-08-22,20260822,2026,202608,202634,6,Saturday,22,234,True,False
2026-08-23,20260823,2026,202608,202634,7,Sunday,23,235,True,False
2026-08-24,20260824,2026,202608,202635,1,Monday,24,236,False,True
2026-08-25,20260825,2026,202608,202635,2,Tuesday,25,237,False,True
2026-08-26,20260826,2026,202608,202635,3,Wednesday,26,238,False,True
2026-08-27,20260827,2026,202608,202635,4,Thursday,27,239,False,True
2026-08-28,20260828,2026,202608,202635,5,Friday,28,240,False,True
2026-08-29,20260829,2026,202608,202635,6,Saturday,29,241,True,False
2026-08-30,20260830,2026,202608,202635,7,Sunday,30,242,True,False
2026-08-31,20260831,2026,202608,202636,1,Monday,31,243,False,True
2026-09-01,20260901,2026,202609,202636,2,Tuesday,1,244,False,True
2026-09-02,20260902,2026,202609,202636,3,Wednesday,2,245,False,True
2026-09-03,20260903,2026,202609,202636,4,Thursday,3,246,False,True
2026-09-04,20260904,2026,202609,202636,5,Friday,4,247,False,True
2026-09-05,20260905,2026,202609,202636,6,Saturday,5,248,True,False
2026-09-06,20260906,2026,202609,202636,7,Sunday,6,249,True,False
2026-09-07,20260907,2026,202609,202637,1,Monday,7,250,False,True
2026-09-08,20260908,2026,202609,202637,2,Tuesday,8,251,False,True
2026-09-09,20260909,2026,202609,202637,3,Wednesday,9,252,False,True
2026-09-10,20260910,2026,202609,202637,4,Thursday,10,253,False,True
2026-09-11,20260911,2026,202609,202637,5,Friday,11,254,False,True
2026-09-12,20260912,2026,202609,202637,6,Saturday,12,255,True,False
2026-09-13,20260913,2026,202609,202637,7,Sunday,13,256,True,False
2026-09-14,20260914,2026,202609,202638,1,Monday,14,257,False,True
2026-09-15,20260915,2026,202609,202638,2,Tuesday,15,258,False,True
2026-09-16,20260916,2026,202609,202638,3,Wednesday,16,259,False,True
2026-09-17,20260917,2026,202609,202638,4,Thursday,17,260,False,True
2026-09-18,20260918,2026,202609,202638,5,Friday,18,261,False,True
2026-09-19,20260919,2026,202609,202638,6,Saturday,19,262,True,False
2026-09-20,20260920,2026,202609,202638,7,Sunday,20,263,True,False
2026-09-21,20260921,2026,202609,202639,1,Monday,21,264,False,True
2026-09-22,20260922,2026,202609,202639,2,Tuesday,22,265,False,True
2026-09-23,20260923,2026,202609,202639,3,Wednesday,23,266,False,True
2026-09-24,20260924,2026,202609,202639,4,Thursday,24,267,False,True
2026-09-25,20260925,2026,202609,202639,5,Friday,25,268,False,True
2026-09-26,20260926,2026,202609,202639,6,Saturday,26,269,True,False
2026-09-27,20260927,2026,202609,202639,7,Sunday,27,270,True,False
2026-09-28,20260928,2026,202609,202640,1,Monday,28,271,False,True
2026-09-29,20260929,2026,202609,202640,2,Tuesday,29,272,False,True
2026-09-30,20260930,2026,202609,202640,3,Wednesday,30,273,False,True
2026-10-01,20261001,2026,202610,202640,4,Thursday,1,274,False,True
2026-10-02,20261002,2026,202610,202640,5,Friday,2,275,False,True
2026-10-03,20261003,2026,202610,202640,6,Saturday,3,276,True,False
2026-10-04,20261004,2026,202610,202640,7,Sunday,4,277,True,False
2026-10-05,20261005,2026,202610,202641,1,Monday,5,278,False,True
2026-10-06,20261006,2026,202610,202641,2,Tuesday,6,279,False,True
2026-10-07,20261007,2026,202610,202641,3,Wednesday,7,280,False,True
2026-10-08,20261008,2026,202610,202641,4,Thursday,8,281,False,True
2026-10-09,20261009,2026,202610,202641,5,Friday,9,282,False,True
2026-10-10,20261010,2026,202610,202641,6,Saturday,10,283,True,False
2026-10-11,20261011,2026,202610,202641,7,Sunday,11,284,True,False
2026-10-12,20261012,2026,202610,202642,1,Monday,12,285,False,True
2026-10-13,20261013,2026,202610,202642,2,Tuesday,13,286,False,True
2026-10-14,20261014,2026,202610,202642,3,Wednesday,14,287,False,True
2026-10-15,20261015,2026,202610,202642,4,Thursday,15,288,False,True
2026-10-16,20261016,2026,202610,202642,5,Friday,16,289,False,True
2026-10-17,20261017,2026,202610,202642,6,Saturday,17,290,True,False
2026-10-18,20261018,2026,202610,202642,7,Sunday,18,291,True,False
2026-10-19,20261019,2026,202610,202643,1,Monday,19,292,False,True
2026-10-20,20261020,2026,202610,202643,2,Tuesday,20,293,False,True
2026-10-21,20261021,2026,202610,202643,3,Wednesday,21,294,False,True
2026-10-22,20261022,2026,202610,202643,4,Thursday,22,295,False,True
2026-10-23,20261023,2026,202610,202643,5,Friday,23,296,False,True
2026-10-24,20261024,2026,202610,202643,6,Saturday,24,297,True,False
2026-10-25,20261025,2026,202610,202643,7,Sunday,25,298,True,False
2026-10-26,20261026,2026,202610,202644,1,Monday,26,299,False,True
2026-10-27,20261027,2026,202610,202644,2,Tuesday,27,300,False,True
2026-10-28,20261028,2026,202610,202644,3,Wednesday,28,301,False,True
2026-10-29,20261029,2026,202610,202644,4,Thursday,29,302,False,True
2026-10-30,20261030,2026,202610,202644,5,Friday,30,303,False,True
2026-10-31,20261031,2026,202610,202644,6,Saturday,31,304,True,False
2026-11-01,20261101,2026,202611,202644,7,Sunday,1,305,True,False
2026-11-02,20261102,2026,202611,202645,1,Monday,2,306,False,True
2026-11-03,20261103,2026,202611,202645,2,Tuesday,3,307,False,True
2026-11-04,20261104,2026,202611,202645,3,Wednesday,4,308,False,True
2026-11-05,20261105,2026,202611,202645,4,Thursday,5,309,False,True
2026-11-06,20261106,2026,202611,202645,5,Friday,6,310,False,True
2026-11-07,20261107,2026,202611,202645,6,Saturday,7,311,True,False
2026-11-08,20261108,2026,202611,202645,7,Sunday,8,312,True,False
2026-11-09,20261109,2026,202611,202646,1,Monday,9,313,False,True
2026-11-10,20261110,2026,202611,202646,2,Tuesday,10,314,False,True
2026-11-11,20261111,2026,202611,202646,3,Wednesday,11,315,False,True
2026-11-12,20261112,2026,202611,202646,4,Thursday,12,316,False,True
2026-11-13,20261113,2026,202611,202646,5,Friday,13,317,False,True
2026-11-14,20261114,2026,202611,202646,6,Saturday,14,318,True,False
2026-11-15,20261115,2026,202611,202646,7,Sunday,15,319,True,False
2026-11-16,20261116,2026,202611,202647,1,Monday,16,320,False,True
2026-11-17,20261117,2026,202611,202647,2,Tuesday,17,321,False,True
2026-11-18,20261118,2026,202611,202647,3,Wednesday,18,322,False,True
2026-11-19,20261119,2026,202611,202647,4,Thursday,19,323,False,True
2026-11-20,20261120,2026,202611,202647,5,Friday,20,324,False,True
2026-11-21,20261121,2026,202611,202647,6,Saturday,21,325,True,False
2026-11-22,20261122,2026,202611,202647,7,Sunday,22,326,True,False
2026-11-23,20261123,2026,202611,202648,1,Monday,23,327,False,True
2026-11-24,20261124,2026,202611,202648,2,Tuesday,24,328,False,True
2026-11-25,20261125,2026,202611,202648,3,Wednesday,25,329,False,True
2026-11-26,20261126,2026,202611,202648,4,Thursday,26,330,False,True
2026-11-27,20261127,2026,202611,202648,5,Friday,27,331,False,True
2026-11-28,20261128,2026,202611,202648,6,Saturday,28,332,True,False
2026-11-29,20261129,2026,202611,202648,7,Sunday,29,333,True,False
2026-11-30,20261130,2026,202611,202649,1,Monday,30,334,False,True
2026-12-01,20261201,2026,202612,202649,2,Tuesday,1,335,False,True
2026-12-02,20261202,2026,202612,202649,3,Wednesday,2,336,False,True
2026-12-03,20261203,2026,202612,202649,4,Thursday,3,337,False,True
2026-12-04,20261204,2026,202612,202649,5,Friday,4,338,False,True
2026-12-05,20261205,2026,202612,202649,6,Saturday,5,339,True,False
2026-12-06,20261206,2026,202612,202649,7,Sunday,6,340,True,False
2026-12-07,20261207,2026,202612,202650,1,Monday,7,341,False,True
2026-12-08,20261208,2026,202612,202650,2,Tuesday,8,342,False,True
2026-12-09,20261209,2026,202612,202650,3,Wednesday,9,343,False,True
2026-12-10,20261210,2026,202612,202650,4,Thursday,10,344,False,True
2026-12-11,20261211,2026,202612,202650,5,Friday,11,345,False,True
2026-12-12,20261212,2026,202612,202650,6,Saturday,12,346,True,False
2026-12-13,20261213,2026,202612,202650,7,Sunday,13,347,True,False
2026-12-14,20261214,2026,202612,202651,1,Monday,14,348,False,True
2026-12-15,20261215,2026,202612,202651,2,Tuesday,15,349,False,True
2026-12-16,20261216,2026,202612,202651,3,Wednesday,16,350,False,True
2026-12-17,20261217,2026,202612,202651,4,Thursday,17,351,False,True
2026-12-18,20261218,2026,202612,202651,5,Friday,18,352,False,True
2026-12-19,20261219,2026,202612,202651,6,Saturday,19,353,True,False
2026-12-20,20261220,2026,202612,202651,7,Sunday,20,354,True,False
2026-12-21,20261221,2026,202612,202652,1,Monday,21,355,False,True
2026-12-22,20261222,2026,202612,202652,2,Tuesday,22,356,False,True
2026-12-23,20261223,2026,202612,202652,3,Wednesday,23,357,False,True
2026-12-24,20261224,2026,202612,202652,4,Thursday,24,358,False,True
2026-12-25,20261225,2026,202612,202652,5,Friday,25,359,False,True
2026-12-26,20261226,2026,202612,202652,6,Saturday,26,360,True,False
2026-12-27,20261227,2026,202612,202652,7,Sunday,27,361,True,False
2026-12-28,20261228,2026,202612,202653,1,Monday,28,362,False,True
2026-12-29,20261229,2026,202612,202653,2,Tuesday,29,363,False,True
2026-12-30,20261230,2026,202612,202653,3,Wednesday,30,364,False,True
2026-12-31,20261231,2026,202612,202653,4,Thursday,31,365,False,True
2027-01-01,20270101,2027,202701,202653,5,Friday,1,1,False,True
2027-01-02,20270102,2027,202701,202653,6,Saturday,2,2,True,False
2027-01-03,20270103,2027,202701,202653,7,Sunday,3,3,True,False
2027-01-04,20270104,2027,202701,202701,1,Monday,4,4,False,True
2027-01-05,20270105,2027,202701,202701,2,Tuesday,5,5,False,True
2027-01-06,20270106,2027,202701,202701,3,Wednesday,6,6,False,True
2027-01-07,20270107,2027,202701,202701,4,Thursday,7,7,False,True
2027-01-08,20270108,2027,202701,202701,5,Friday,8,8,False,True
2027-01-09,20270109,2027,202701,202701,6,Saturday,9,9,True,False
2027-01-10,20270110,2027,202701,202701,7,Sunday,10,10,True,False
2027-01-11,20270111,2027,202701,202702,1,Monday,11,11,False,True
2027-01-12,20270112,2027,202701,202702,2,Tuesday,12,12,False,True
2027-01-13,20270113,2027,202701,202702,3,Wednesday,13,13,False,True
2027-01-14,20270114,2027,202701,202702,4,Thursday,14,14,False,True
2027-01-15,20270115,2027,202701,202702,5,Friday,15,15,False,True
2027-01-16,20270116,2027,202701,202702,6,Saturday,16,16,True,False
2027-01-17,20270117,2027,202701,202702,7,Sunday,17,17,True,False
2027-01-18,20270118,2027,202701,202703,1,Monday,18,18,False,True
2027-01-19,20270119,2027,202701,202703,2,Tuesday,19,19,False,True
2027-01-20,20270120,2027,202701,202703,3,Wednesday,20,20,False,True
2027-01-21,20270121,2027,202701,202703,4,Thursday,21,21,False,True
2027-01-22,20270122,2027,202701,202703,5,Friday,22,22,False,True
2027-01-23,20270123,2027,202701,202703,6,Saturday,23,23,True,False
2027-01-24,20270124,2027,202701,202703,7,Sunday,24,24,True,False
2027-01-25,20270125,2027,202701,202704,1,Monday,25,25,False,True
2027-01-26,20270126,2027,202701,202704,2,Tuesday,26,26,False,True
2027-01-27,20270127,2027,202701,202704,3,Wednesday,27,27,False,True
2027-01-28,20270128,2027,202701,202704,4,Thursday,28,28,False,True
2027-01-29,20270129,2027,202701,202704,5,Friday,29,29,False,True
2027-01-30,20270130,2027,202701,202704,6,Saturday,30,30,True,False
2027-01-31,20270131,2027,202701,202704,7,Sunday,31,31,True,False
2027-02-01,20270201,2027,202702,202705,1,Monday,1,32,False,True
2027-02-02,20270202,2027,202702,202705,2,Tuesday,2,33,False,True
2027-02-03,20270203,2027,202702,202705,3,Wednesday,3,34,False,True
2027-02-04,20270204,2027,202702,202705,4,Thursday,4,35,False,True
2027-02-05,20270205,2027,202702,202705,5,Friday,5,36,False,True
2027-02-06,20270206,2027,202702,202705,6,Saturday,6,37,True,False
2027-02-07,20270207,2027,202702,202705,7,Sunday,7,38,True,False
2027-02-08,20270208,2027,202702,202706,1,Monday,8,39,False,True
2027-02-09,20270209,2027,202702,202706,2,Tuesday,9,40,False,True
2027-02-10,20270210,2027,202702,202706,3,Wednesday,10,41,False,True
2027-02-11,20270211,2027,202702,202706,4,Thursday,11,42,False,True
2027-02-12,20270212,2027,202702,202706,5,Friday,12,43,False,True
2027-02-13,20270213,2027,202702,202706,6,Saturday,13,44,True,False
2027-02-14,20270214,2027,202702,202706,7,Sunday,14,45,True,False
2027-02-15,20270215,2027,202702,202707,1,Monday,15,46,False,True
2027-02-16,20270216,2027,202702,202707,2,Tuesday,16,47,False,True
2027-02-17,20270217,2027,202702,202707,3,Wednesday,17,48,False,True
2027-02-18,20270218,2027,202702,202707,4,Thursday,18,49,False,True
2027-02-19,20270219,2027,202702,202707,5,Friday,19,50,False,True
2027-02-20,20270220,2027,202702,202707,6,Saturday,20,51,True,False
2027-02-21,20270221,2027,202702,202707,7,Sunday,21,52,True,False
2027-02-22,20270222,2027,202702,202708,1,Monday,22,53,False,True
2027-02-23,20270223,2027,202702,202708,2,Tuesday,23,54,False,True
2027-02-24,20270224,2027,202702,202708,3,Wednesday,24,55,False,True
2027-02-25,20270225,2027,202702,202708,4,Thursday,25,56,False,True
2027-02-26,20270226,2027,202702,202708,5,Friday,26,57,False,True
2027-02-27,20270227,2027,202702,202708,6,Saturday,27,58,True,False
2027-02-28,20270228,2027,202702,202708,7,Sunday,28,59,True,False
2027-03-01,20270301,2027,202703,202709,1,Monday,1,60,False,True
2027-03-02,20270302,2027,202703,202709,2,Tuesday,2,61,False,True
2027-03-03,20270303,2027,202703,202709,3,Wednesday,3,62,False,True
2027-03-04,20270304,2027,202703,202709,4,Thursday,4,63,False,True
2027-03-05,20270305,2027,202703,202709,5,Friday,5,64,False,True
2027-03-06,20270306,2027,202703,202709,6,Saturday,6,65,True,False
2027-03-07,20270307,2027,202703,202709,7,Sunday,7,66,True,False
2027-03-08,20270308,2027,202703,202710,1,Monday,8,67,False,True
2027-03-09,20270309,2027,202703,202710,2,Tuesday,9,68,False,True
2027-03-10,20270310,2027,202703,202710,3,Wednesday,10,69,False,True
2027-03-11,20270311,2027,202703,202710,4,Thursday,11,70,False,True
2027-03-12,20270312,2027,202703,202710,5,Friday,12,71,False,True
2027-03-13,20270313,2027,202703,202710,6,Saturday,13,72,True,False
2027-03-14,20270314,2027,202703,202710,7,Sunday,14,73,True,False
2027-03-15,20270315,2027,202703,202711,1,Monday,15,74,False,True
2027-03-16,20270316,2027,202703,202711,2,Tuesday,16,75,False,True
2027-03-17,20270317,2027,202703,202711,3,Wednesday,17,76,False,True
2027-03-18,20270318,2027,202703,202711,4,Thursday,18,77,False,True
2027-03-19,20270319,2027,202703,202711,5,Friday,19,78,False,True
2027-03-20,20270320,2027,202703,202711,6,Saturday,20,79,True,False
2027-03-21,20270321,2027,202703,202711,7,Sunday,21,80,True,False
2027-03-22,20270322,2027,202703,202712,1,Monday,22,81,False,True
2027-03-23,20270323,2027,202703,202712,2,Tuesday,23,82,False,True
2027-03-24,20270324,2027,202703,202712,3,Wednesday,24,83,False,True
2027-03-25,20270325,2027,202703,202712,4,Thursday,25,84,False,True
2027-03-26,20270326,2027,202703,202712,5,Friday,26,85,False,True
2027-03-27,20270327,2027,202703,202712,6,Saturday,27,86,True,False
2027-03-28,20270328,2027,202703,202712,7,Sunday,28,87,True,False
2027-03-29,20270329,2027,202703,202713,1,Monday,29,88,False,True
2027-03-30,20270330,2027,202703,202713,2,Tuesday,30,89,False,True
2027-03-31,20270331,2027,202703,202713,3,Wednesday,31,90,False,True
2027-04-01,20270401,2027,202704,202713,4,Thursday,1,91,False,True
2027-04-02,20270402,2027,202704,202713,5,Friday,2,92,False,True
2027-04-03,20270403,2027,202704,202713,6,Saturday,3,93,True,False
2027-04-04,20270404,2027,202704,202713,7,Sunday,4,94,True,False
2027-04-05,20270405,2027,202704,202714,1,Monday,5,95,False,True
2027-04-06,20270406,2027,202704,202714,2,Tuesday,6,96,False,True
2027-04-07,20270407,2027,202704,202714,3,Wednesday,7,97,False,True
2027-04-08,20270408,2027,202704,202714,4,Thursday,8,98,False,True
2027-04-09,20270409,2027,202704,202714,5,Friday,9,99,False,True
2027-04-10,20270410,2027,202704,202714,6,Saturday,10,100,True,False
2027-04-11,20270411,2027,202704,202714,7,Sunday,11,101,True,False
2027-04-12,20270412,2027,202704,202715,1,Monday,12,102,False,True
2027-04-13,20270413,2027,202704,202715,2,Tuesday,13,103,False,True
2027-04-14,20270414,2027,202704,202715,3,Wednesday,14,104,False,True
2027-04-15,20270415,2027,202704,202715,4,Thursday,15,105,False,True
2027-04-16,20270416,2027,202704,202715,5,Friday,16,106,False,True
2027-04-17,20270417,2027,202704,202715,6,Saturday,17,107,True,False
2027-04-18,20270418,2027,202704,202715,7,Sunday,18,108,True,False
2027-04-19,20270419,2027,202704,202716,1,Monday,19,109,False,True
2027-04-20,20270420,2027,202704,202716,2,Tuesday,20,110,False,True
2027-04-21,20270421,2027,202704,202716,3,Wednesday,21,111,False,True
2027-04-22,20270422,2027,202704,202716,4,Thursday,22,112,False,True
2027-04-23,20270423,2027,202704,202716,5,Friday,23,113,False,True
2027-04-24,20270424,2027,202704,202716,6,Saturday,24,114,True,False
2027-04-25,20270425,2027,202704,202716,7,Sunday,25,115,True,False
2027-04-26,20270426,2027,202704,202717,1,Monday,26,116,False,True
2027-04-27,20270427,2027,202704,202717,2,Tuesday,27,117,False,True
2027-04-28,20270428,2027,202704,202717,3,Wednesday,28,118,False,True
2027-04-29,20270429,2027,202704,202717,4,Thursday,29,119,False,True
2027-04-30,20270430,2027,202704,202717,5,Friday,30,120,False,True
2027-05-01,20270501,2027,202705,202717,6,Saturday,1,121,True,False
2027-05-02,20270502,2027,202705,202717,7,Sunday,2,122,True,False
2027-05-03,20270503,2027,202705,202718,1,Monday,3,123,False,True
2027-05-04,20270504,2027,202705,202718,2,Tuesday,4,124,False,True
2027-05-05,20270505,2027,202705,202718,3,Wednesday,5,125,False,True
2027-05-06,20270506,2027,202705,202718,4,Thursday,6,126,False,True
2027-05-07,20270507,2027,202705,202718,5,Friday,7,127,False,True
2027-05-08,20270508,2027,202705,202718,6,Saturday,8,128,True,False
2027-05-09,20270509,2027,202705,202718,7,Sunday,9,129,True,False
2027-05-10,20270510,2027,202705,202719,1,Monday,10,130,False,True
2027-05-11,20270511,2027,202705,202719,2,Tuesday,11,131,False,True
2027-05-12,20270512,2027,202705,202719,3,Wednesday,12,132,False,True
2027-05-13,20270513,2027,202705,202719,4,Thursday,13,133,False,True
2027-05-14,20270514,2027,202705,202719,5,Friday,14,134,False,True
2027-05-15,20270515,2027,202705,202719,6,Saturday,15,135,True,False
2027-05-16,20270516,2027,202705,202719,7,Sunday,16,136,True,False
2027-05-17,20270517,2027,202705,202720,1,Monday,17,137,False,True
2027-05-18,20270518,2027,202705,202720,2,Tuesday,18,138,False,True
2027-05-19,20270519,2027,202705,202720,3,Wednesday,19,139,False,True
2027-05-20,20270520,2027,202705,202720,4,Thursday,20,140,False,True
2027-05-21,20270521,2027,202705,202720,5,Friday,21,141,False,True
2027-05-22,20270522,2027,202705,202720,6,Saturday,22,142,True,False
2027-05-23,20270523,2027,202705,202720,7,Sunday,23,143,True,False
2027-05-24,20270524,2027,202705,202721,1,Monday,24,144,False,True
2027-05-25,20270525,2027,202705,202721,2,Tuesday,25,145,False,True
2027-05-26,20270526,2027,202705,202721,3,Wednesday,26,146,False,True
2027-05-27,20270527,2027,202705,202721,4,Thursday,27,147,False,True
2027-05-28,20270528,2027,202705,202721,5,Friday,28,148,False,True
2027-05-29,20270529,2027,202705,202721,6,Saturday,29,149,True,False
2027-05-30,20270530,2027,202705,202721,7,Sunday,30,150,True,False
2027-05-31,20270531,2027,202705,202722,1,Monday,31,151,False,True
2027-06-01,20270601,2027,202706,202722,2,Tuesday,1,152,False,True
2027-06-02,20270602,2027,202706,202722,3,Wednesday,2,153,False,True
2027-06-03,20270603,2027,202706,202722,4,Thursday,3,154,False,True
2027-06-04,20270604,2027,202706,202722,5,Friday,4,155,False,True
2027-06-05,20270605,2027,202706,202722,6,Saturday,5,156,True,False
2027-06-06,20270606,2027,202706,202722,7,Sunday,6,157,True,False
2027-06-07,20270607,2027,202706,202723,1,Monday,7,158,False,True
2027-06-08,20270608,2027,202706,202723,2,Tuesday,8,159,False,True
2027-06-09,20270609,2027,202706,202723,3,Wednesday,9,160,False,True
2027-06-10,20270610,2027,202706,202723,4,Thursday,10,161,False,True
2027-06-11,20270611,2027,202706,202723,5,Friday,11,162,False,True
2027-06-12,20270612,2027,202706,202723,6,Saturday,12,163,True,False
2027-06-13,20270613,2027,202706,202723,7,Sunday,13,164,True,False
2027-06-14,20270614,2027,202706,202724,1,Monday,14,165,False,True
2027-06-15,20270615,2027,202706,202724,2,Tuesday,15,166,False,True
2027-06-16,20270616,2027,202706,202724,3,Wednesday,16,167,False,True
2027-06-17,20270617,2027,202706,202724,4,Thursday,17,168,False,True
2027-06-18,20270618,2027,202706,202724,5,Friday,18,169,False,True
2027-06-19,20270619,2027,202706,202724,6,Saturday,19,170,True,False
2027-06-20,20270620,2027,202706,202724,7,Sunday,20,171,True,False
2027-06-21,20270621,2027,202706,202725,1,Monday,21,172,False,True
2027-06-22,20270622,2027,202706,202725,2,Tuesday,22,173,False,True
2027-06-23,20270623,2027,202706,202725,3,Wednesday,23,174,False,True
2027-06-24,20270624,2027,202706,202725,4,Thursday,24,175,False,True
2027-06-25,20270625,2027,202706,202725,5,Friday,25,176,False,True
2027-06-26,20270626,2027,202706,202725,6,Saturday,26,177,True,False
2027-06-27,20270627,2027,202706,202725,7,Sunday,27,178,True,False
2027-06-28,20270628,2027,202706,202726,1,Monday,28,179,False,True
2027-06-29,20270629,2027,202706,202726,2,Tuesday,29,180,False,True
2027-06-30,20270630,2027,202706,202726,3,Wednesday,30,181,False,True
2027-07-01,20270701,2027,202707,202726,4,Thursday,1,182,False,True
2027-07-02,20270702,2027,202707,202726,5,Friday,2,183,False,True
2027-07-03,20270703,2027,202707,202726,6,Saturday,3,184,True,False
2027-07-04,20270704,2027,202707,202726,7,Sunday,4,185,True,False
2027-07-05,20270705,2027,202707,202727,1,Monday,5,186,False,True
2027-07-06,20270706,2027,202707,202727,2,Tuesday,6,187,False,True
2027-07-07,20270707,2027,202707,202727,3,Wednesday,7,188,False,True
2027-07-08,20270708,2027,202707,202727,4,Thursday,8,189,False,True
2027-07-09,20270709,2027,202707,202727,5,Friday,9,190,False,True
2027-07-10,20270710,2027,202707,202727,6,Saturday,10,191,True,False
2027-07-11,20270711,2027,202707,202727,7,Sunday,11,192,True,False
2027-07-12,20270712,2027,202707,202728,1,Monday,12,193,False,True
2027-07-13,20270713,2027,202707,202728,2,Tuesday,13,194,False,True
2027-07-14,20270714,2027,202707,202728,3,Wednesday,14,195,False,True
2027-07-15,20270715,2027,202707,202728,4,Thursday,15,196,False,True
2027-07-16,20270716,2027,202707,202728,5,Friday,16,197,False,True
2027-07-17,20270717,2027,202707,202728,6,Saturday,17,198,True,False
2027-07-18,20270718,2027,202707,202728,7,Sunday,18,199,True,False
2027-07-19,20270719,2027,202707,202729,1,Monday,19,200,False,True
2027-07-20,20270720,2027,202707,202729,2,Tuesday,20,201,False,True
2027-07-21,20270721,2027,202707,202729,3,Wednesday,21,202,False,True
2027-07-22,20270722,2027,202707,202729,4,Thursday,22,203,False,True
2027-07-23,20270723,2027,202707,202729,5,Friday,23,204,False,True
2027-07-24,20270724,2027,202707,202729,6,Saturday,24,205,True,False
2027-07-25,20270725,2027,202707,202729,7,Sunday,25,206,True,False
2027-07-26,20270726,2027,202707,202730,1,Monday,26,207,False,True
2027-07-27,20270727,2027,202707,202730,2,Tuesday,27,208,False,True
2027-07-28,20270728,2027,202707,202730,3,Wednesday,28,209,False,True
2027-07-29,20270729,2027,202707,202730,4,Thursday,29,210,False,True
2027-07-30,20270730,2027,202707,202730,5,Friday,30,211,False,True
2027-07-31,20270731,2027,202707,202730,6,Saturday,31,212,True,False
2027-08-01,20270801,2027,202708,202730,7,Sunday,1,213,True,False
2027-08-02,20270802,2027,202708,202731,1,Monday,2,214,False,True
2027-08-03,20270803,2027,202708,202731,2,Tuesday,3,215,False,True
2027-08-04,20270804,2027,202708,202731,3,Wednesday,4,216,False,True
2027-08-05,20270805,2027,202708,202731,4,Thursday,5,217,False,True
2027-08-06,20270806,2027,202708,202731,5,Friday,6,218,False,True
2027-08-07,20270807,2027,202708,202731,6,Saturday,7,219,True,False
2027-08-08,20270808,2027,202708,202731,7,Sunday,8,220,True,False
2027-08-09,20270809,2027,202708,202732,1,Monday,9,221,False,True
2027-08-10,20270810,2027,202708,202732,2,Tuesday,10,222,False,True
2027-08-11,20270811,2027,202708,202732,3,Wednesday,11,223,False,True
2027-08-12,20270812,2027,202708,202732,4,Thursday,12,224,False,True
2027-08-13,20270813,2027,202708,202732,5,Friday,13,225,False,True
2027-08-14,20270814,2027,202708,202732,6,Saturday,14,226,True,False
2027-08-15,20270815,2027,202708,202732,7,Sunday,15,227,True,False
2027-08-16,20270816,2027,202708,202733,1,Monday,16,228,False,True
2027-08-17,20270817,2027,202708,202733,2,Tuesday,17,229,False,True
2027-08-18,20270818,2027,202708,202733,3,Wednesday,18,230,False,True
2027-08-19,20270819,2027,202708,202733,4,Thursday,19,231,False,True
2027-08-20,20270820,2027,202708,202733,5,Friday,20,232,False,True
2027-08-21,20270821,2027,202708,202733,6,Saturday,21,233,True,False
2027-08-22,20270822,2027,202708,202733,7,Sunday,22,234,True,False
2027-08-23,20270823,2027,202708,202734,1,Monday,23,235,False,True
2027-08-24,20270824,2027,202708,202734,2,Tuesday,24,236,False,True
2027-08-25,20270825,2027,202708,202734,3,Wednesday,25,237,False,True
2027-08-26,20270826,2027,202708,202734,4,Thursday,26,238,False,True
2027-08-27,20270827,2027,202708,202734,5,Friday,27,239,False,True
2027-08-28,20270828,2027,202708,202734,6,Saturday,28,240,True,False
2027-08-29,20270829,2027,202708,202734,7,Sunday,29,241,True,False
2027-08-30,20270830,2027,202708,202735,1,Monday,30,242,False,True
2027-08-31,20270831,2027,202708,202735,2,Tuesday,31,243,False,True
2027-09-01,20270901,2027,202709,202735,3,Wednesday,1,244,False,True
2027-09-02,20270902,2027,202709,202735,4,Thursday,2,245,False,True
2027-09-03,20270903,2027,202709,202735,5,Friday,3,246,False,True
2027-09-04,20270904,2027,202709,202735,6,Saturday,4,247,True,False
2027-09-05,20270905,2027,202709,202735,7,Sunday,5,248,True,False
2027-09-06,20270906,2027,202709,202736,1,Monday,6,249,False,True
2027-09-07,20270907,2027,202709,202736,2,Tuesday,7,250,False,True
2027-09-08,20270908,2027,202709,202736,3,Wednesday,8,251,False,True
2027-09-09,20270909,2027,202709,202736,4,Thursday,9,252,False,True
2027-09-10,20270910,2027,202709,202736,5,Friday,10,253,False,True
2027-09-11,20270911,2027,202709,202736,6,Saturday,11,254,True,False
2027-09-12,20270912,2027,202709,202736,7,Sunday,12,255,True,False
2027-09-13,20270913,2027,202709,202737,1,Monday,13,256,False,True
2027-09-14,20270914,2027,202709,202737,2,Tuesday,14,257,False,True
2027-09-15,20270915,2027,202709,202737,3,Wednesday,15,258,False,True
2027-09-16,20270916,2027,202709,202737,4,Thursday,16,259,False,True
2027-09-17,20270917,2027,202709,202737,5,Friday,17,260,False,True
2027-09-18,20270918,2027,202709,202737,6,Saturday,18,261,True,False
2027-09-19,20270919,2027,202709,202737,7,Sunday,19,262,True,False
2027-09-20,20270920,2027,202709,202738,1,Monday,20,263,False,True
2027-09-21,20270921,2027,202709,202738,2,Tuesday,21,264,False,True
2027-09-22,20270922,2027,202709,202738,3,Wednesday,22,265,False,True
2027-09-23,20270923,2027,202709,202738,4,Thursday,23,266,False,True
2027-09-24,20270924,2027,202709,202738,5,Friday,24,267,False,True
2027-09-25,20270925,2027,202709,202738,6,Saturday,25,268,True,False
2027-09-26,20270926,2027,202709,202738,7,Sunday,26,269,True,False
2027-09-27,20270927,2027,202709,202739,1,Monday,27,270,False,True
2027-09-28,20270928,2027,202709,202739,2,Tuesday,28,271,False,True
2027-09-29,20270929,2027,202709,202739,3,Wednesday,29,272,False,True
2027-09-30,20270930,2027,202709,202739,4,Thursday,30,273,False,True
2027-10-01,20271001,2027,202710,202739,5,Friday,1,274,False,True
2027-10-02,20271002,2027,202710,202739,6,Saturday,2,275,True,False
2027-10-03,20271003,2027,202710,202739,7,Sunday,3,276,True,False
2027-10-04,20271004,2027,202710,202740,1,Monday,4,277,False,True
2027-10-05,20271005,2027,202710,202740,2,Tuesday,5,278,False,True
2027-10-06,20271006,2027,202710,202740,3,Wednesday,6,279,False,True
2027-10-07,20271007,2027,202710,202740,4,Thursday,7,280,False,True
2027-10-08,20271008,2027,202710,202740,5,Friday,8,281,False,True
2027-10-09,20271009,2027,202710,202740,6,Saturday,9,282,True,False
2027-10-10,20271010,2027,202710,202740,7,Sunday,10,283,True,False
2027-10-11,20271011,2027,202710,202741,1,Monday,11,284,False,True
2027-10-12,20271012,2027,202710,202741,2,Tuesday,12,285,False,True
2027-10-13,20271013,2027,202710,202741,3,Wednesday,13,286,False,True
2027-10-14,20271014,2027,202710,202741,4,Thursday,14,287,False,True
2027-10-15,20271015,2027,202710,202741,5,Friday,15,288,False,True
2027-10-16,20271016,2027,202710,202741,6,Saturday,16,289,True,False
2027-10-17,20271017,2027,202710,202741,7,Sunday,17,290,True,False
2027-10-18,20271018,2027,202710,202742,1,Monday,18,291,False,True
2027-10-19,20271019,2027,202710,202742,2,Tuesday,19,292,False,True
2027-10-20,20271020,2027,202710,202742,3,Wednesday,20,293,False,True
2027-10-21,20271021,2027,202710,202742,4,Thursday,21,294,False,True
2027-10-22,20271022,2027,202710,202742,5,Friday,22,295,False,True
2027-10-23,20271023,2027,202710,202742,6,Saturday,23,296,True,False
2027-10-24,20271024,2027,202710,202742,7,Sunday,24,297,True,False
2027-10-25,20271025,2027,202710,202743,1,Monday,25,298,False,True
2027-10-26,20271026,2027,202710,202743,2,Tuesday,26,299,False,True
2027-10-27,20271027,2027,202710,202743,3,Wednesday,27,300,False,True
2027-10-28,20271028,2027,202710,202743,4,Thursday,28,301,False,True
2027-10-29,20271029,2027,202710,202743,5,Friday,29,302,False,True
2027-10-30,20271030,2027,202710,202743,6,Saturday,30,303,True,False
2027-10-31,20271031,2027,202710,202743,7,Sunday,31,304,True,False
2027-11-01,20271101,2027,202711,202744,1,Monday,1,305,False,True
2027-11-02,20271102,2027,202711,202744,2,Tuesday,2,306,False,True
2027-11-03,20271103,2027,202711,202744,3,Wednesday,3,307,False,True
2027-11-04,20271104,2027,202711,202744,4,Thursday,4,308,False,True
2027-11-05,20271105,2027,202711,202744,5,Friday,5,309,False,True
2027-11-06,20271106,2027,202711,202744,6,Saturday,6,310,True,False
2027-11-07,20271107,2027,202711,202744,7,Sunday,7,311,True,False
2027-11-08,20271108,2027,202711,202745,1,Monday,8,312,False,True
2027-11-09,20271109,2027,202711,202745,2,Tuesday,9,313,False,True
2027-11-10,20271110,2027,202711,202745,3,Wednesday,10,314,False,True
2027-11-11,20271111,2027,202711,202745,4,Thursday,11,315,False,True
2027-11-12,20271112,2027,202711,202745,5,Friday,12,316,False,True
2027-11-13,20271113,2027,202711,202745,6,Saturday,13,317,True,False
2027-11-14,20271114,2027,202711,202745,7,Sunday,14,318,True,False
2027-11-15,20271115,2027,202711,202746,1,Monday,15,319,False,True
2027-11-16,20271116,2027,202711,202746,2,Tuesday,16,320,False,True
2027-11-17,20271117,2027,202711,202746,3,Wednesday,17,321,False,True
2027-11-18,20271118,2027,202711,202746,4,Thursday,18,322,False,True
2027-11-19,20271119,2027,202711,202746,5,Friday,19,323,False,True
2027-11-20,20271120,2027,202711,202746,6,Saturday,20,324,True,False
2027-11-21,20271121,2027,202711,202746,7,Sunday,21,325,True,False
2027-11-22,20271122,2027,202711,202747,1,Monday,22,326,False,True
2027-11-23,20271123,2027,202711,202747,2,Tuesday,23,327,False,True
2027-11-24,20271124,2027,202711,202747,3,Wednesday,24,328,False,True
2027-11-25,20271125,2027,202711,202747,4,Thursday,25,329,False,True
2027-11-26,20271126,2027,202711,202747,5,Friday,26,330,False,True
2027-11-27,20271127,2027,202711,202747,6,Saturday,27,331,True,False
2027-11-28,20271128,2027,202711,202747,7,Sunday,28,332,True,False
2027-11-29,20271129,2027,202711,202748,1,Monday,29,333,False,True
2027-11-30,20271130,2027,202711,202748,2,Tuesday,30,334,False,True
2027-12-01,20271201,2027,202712,202748,3,Wednesday,1,335,False,True
2027-12-02,20271202,2027,202712,202748,4,Thursday,2,336,False,True
2027-12-03,20271203,2027,202712,202748,5,Friday,3,337,False,True
2027-12-04,20271204,2027,202712,202748,6,Saturday,4,338,True,False
2027-12-05,20271205,2027,202712,202748,7,Sunday,5,339,True,False
2027-12-06,20271206,2027,202712,202749,1,Monday,6,340,False,True
2027-12-07,20271207,2027,202712,202749,2,Tuesday,7,341,False,True
2027-12-08,20271208,2027,202712,202749,3,Wednesday,8,342,False,True
2027-12-09,20271209,2027,202712,202749,4,Thursday,9,343,False,True
2027-12-10,20271210,2027,202712,202749,5,Friday,10,344,False,True
2027-12-11,20271211,2027,202712,202749,6,Saturday,11,345,True,False
2027-12-12,20271212,2027,202712,202749,7,Sunday,12,346,True,False
2027-12-13,20271213,2027,202712,202750,1,Monday,13,347,False,True
2027-12-14,20271214,2027,202712,202750,2,Tuesday,14,348,False,True
2027-12-15,20271215,2027,202712,202750,3,Wednesday,15,349,False,True
2027-12-16,20271216,2027,202712,202750,4,Thursday,16,350,False,True
2027-12-17,20271217,2027,202712,202750,5,Friday,17,351,False,True
2027-12-18,20271218,2027,202712,202750,6,Saturday,18,352,True,False
2027-12-19,20271219,2027,202712,202750,7,Sunday,19,353,True,False
2027-12-20,20271220,2027,202712,202751,1,Monday,20,354,False,True
2027-12-21,20271221,2027,202712,202751,2,Tuesday,21,355,False,True
2027-12-22,20271222,2027,202712,202751,3,Wednesday,22,356,False,True
2027-12-23,20271223,2027,202712,202751,4,Thursday,23,357,False,True
2027-12-24,20271224,2027,202712,202751,5,Friday,24,358,False,True
2027-12-25,20271225,2027,202712,202751,6,Saturday,25,359,True,False
2027-12-26,20271226,2027,202712,202751,7,Sunday,26,360,True,False
2027-12-27,20271227,2027,202712,202752,1,Monday,27,361,False,True
2027-12-28,20271228,2027,202712,202752,2,Tuesday,28,362,False,True
2027-12-29,20271229,2027,202712,202752,3,Wednesday,29,363,False,True
2027-12-30,20271230,2027,202712,202752,4,Thursday,30,364,False,True
2027-12-31,20271231,2027,202712,202752,5,Friday,31,365,False,True
