party_id,party_code,party_type,legal_name,status
PTY-ENT-001,PTY-ENT-001,ORGANIZATION,SCOF Enterprise Corp,ACTIVE
PTY-RET-001,PTY-RET-001,ORGANIZATION,SCOF Retail Operations Ltd,ACTIVE
PTY-LOG-001,PTY-LOG-001,ORGANIZATION,SCOF Logistics & Supply Ltd,ACTIVE
PTY-SUP-001,PTY-SUP-001,ORGANIZATION,Enterprise Supplier 001 Ltd,ACTIVE
PTY-SUP-002,PTY-SUP-002,ORGANIZATION,Enterprise Supplier 002 Ltd,ACTIVE
PTY-SUP-003,PTY-SUP-003,ORGANIZATION,Enterprise Supplier 003 Ltd,ACTIVE
PTY-SUP-004,PTY-SUP-004,ORGANIZATION,Enterprise Supplier 004 Ltd,ACTIVE
PTY-SUP-005,PTY-SUP-005,ORGANIZATION,Enterprise Supplier 005 Ltd,ACTIVE
PTY-SUP-006,PTY-SUP-006,ORGANIZATION,Enterprise Supplier 006 Ltd,ACTIVE
PTY-SUP-007,PTY-SUP-007,ORGANIZATION,Enterprise Supplier 007 Ltd,ACTIVE
PTY-SUP-008,PTY-SUP-008,ORGANIZATION,Enterprise Supplier 008 Ltd,ACTIVE
PTY-SUP-009,PTY-SUP-009,ORGANIZATION,Enterprise Supplier 009 Ltd,ACTIVE
PTY-SUP-010,PTY-SUP-010,ORGANIZATION,Enterprise Supplier 010 Ltd,ACTIVE
PTY-SUP-011,PTY-SUP-011,ORGANIZATION,Enterprise Supplier 011 Ltd,ACTIVE
PTY-SUP-012,PTY-SUP-012,ORGANIZATION,Enterprise Supplier 012 Ltd,ACTIVE
PTY-SUP-013,PTY-SUP-013,ORGANIZATION,Enterprise Supplier 013 Ltd,ACTIVE
PTY-SUP-014,PTY-SUP-014,ORGANIZATION,Enterprise Supplier 014 Ltd,ACTIVE
PTY-SUP-015,PTY-SUP-015,ORGANIZATION,Enterprise Supplier 015 Ltd,ACTIVE
PTY-SUP-016,PTY-SUP-016,ORGANIZATION,Enterprise Supplier 016 Ltd,ACTIVE
PTY-SUP-017,PTY-SUP-017,ORGANIZATION,Enterprise Supplier 017 Ltd,ACTIVE
PTY-SUP-018,PTY-SUP-018,ORGANIZATION,Enterprise Supplier 018 Ltd,ACTIVE
PTY-SUP-019,PTY-SUP-019,ORGANIZATION,Enterprise Supplier 019 Ltd,ACTIVE
PTY-SUP-020,PTY-SUP-020,ORGANIZATION,Enterprise Supplier 020 Ltd,ACTIVE
PTY-SUP-021,PTY-SUP-021,ORGANIZATION,Enterprise Supplier 021 Ltd,ACTIVE
PTY-SUP-022,PTY-SUP-022,ORGANIZATION,Enterprise Supplier 022 Ltd,ACTIVE
PTY-SUP-023,PTY-SUP-023,ORGANIZATION,Enterprise Supplier 023 Ltd,ACTIVE
PTY-SUP-024,PTY-SUP-024,ORGANIZATION,Enterprise Supplier 024 Ltd,ACTIVE
PTY-SUP-025,PTY-SUP-025,ORGANIZATION,Enterprise Supplier 025 Ltd,ACTIVE
PTY-SUP-026,PTY-SUP-026,ORGANIZATION,Enterprise Supplier 026 Ltd,ACTIVE
PTY-SUP-027,PTY-SUP-027,ORGANIZATION,Enterprise Supplier 027 Ltd,ACTIVE
PTY-SUP-028,PTY-SUP-028,ORGANIZATION,Enterprise Supplier 028 Ltd,ACTIVE
PTY-SUP-029,PTY-SUP-029,ORGANIZATION,Enterprise Supplier 029 Ltd,ACTIVE
PTY-SUP-030,PTY-SUP-030,ORGANIZATION,Enterprise Supplier 030 Ltd,ACTIVE
PTY-SUP-031,PTY-SUP-031,ORGANIZATION,Enterprise Supplier 031 Ltd,ACTIVE
PTY-SUP-032,PTY-SUP-032,ORGANIZATION,Enterprise Supplier 032 Ltd,ACTIVE
PTY-SUP-033,PTY-SUP-033,ORGANIZATION,Enterprise Supplier 033 Ltd,ACTIVE
PTY-SUP-034,PTY-SUP-034,ORGANIZATION,Enterprise Supplier 034 Ltd,ACTIVE
PTY-SUP-035,PTY-SUP-035,ORGANIZATION,Enterprise Supplier 035 Ltd,ACTIVE
PTY-SUP-036,PTY-SUP-036,ORGANIZATION,Enterprise Supplier 036 Ltd,ACTIVE
PTY-SUP-037,PTY-SUP-037,ORGANIZATION,Enterprise Supplier 037 Ltd,ACTIVE
PTY-SUP-038,PTY-SUP-038,ORGANIZATION,Enterprise Supplier 038 Ltd,ACTIVE
PTY-SUP-039,PTY-SUP-039,ORGANIZATION,Enterprise Supplier 039 Ltd,ACTIVE
PTY-SUP-040,PTY-SUP-040,ORGANIZATION,Enterprise Supplier 040 Ltd,ACTIVE
PTY-SUP-041,PTY-SUP-041,ORGANIZATION,Enterprise Supplier 041 Ltd,ACTIVE
PTY-SUP-042,PTY-SUP-042,ORGANIZATION,Enterprise Supplier 042 Ltd,ACTIVE
PTY-SUP-043,PTY-SUP-043,ORGANIZATION,Enterprise Supplier 043 Ltd,ACTIVE
PTY-SUP-044,PTY-SUP-044,ORGANIZATION,Enterprise Supplier 044 Ltd,ACTIVE
PTY-SUP-045,PTY-SUP-045,ORGANIZATION,Enterprise Supplier 045 Ltd,ACTIVE
PTY-SUP-046,PTY-SUP-046,ORGANIZATION,Enterprise Supplier 046 Ltd,ACTIVE
PTY-SUP-047,PTY-SUP-047,ORGANIZATION,Enterprise Supplier 047 Ltd,ACTIVE
PTY-SUP-048,PTY-SUP-048,ORGANIZATION,Enterprise Supplier 048 Ltd,ACTIVE
PTY-SUP-049,PTY-SUP-049,ORGANIZATION,Enterprise Supplier 049 Ltd,ACTIVE
PTY-SUP-050,PTY-SUP-050,ORGANIZATION,Enterprise Supplier 050 Ltd,ACTIVE
PTY-SUP-051,PTY-SUP-051,ORGANIZATION,Enterprise Supplier 051 Ltd,ACTIVE
PTY-SUP-052,PTY-SUP-052,ORGANIZATION,Enterprise Supplier 052 Ltd,ACTIVE
PTY-SUP-053,PTY-SUP-053,ORGANIZATION,Enterprise Supplier 053 Ltd,ACTIVE
PTY-SUP-054,PTY-SUP-054,ORGANIZATION,Enterprise Supplier 054 Ltd,ACTIVE
PTY-SUP-055,PTY-SUP-055,ORGANIZATION,Enterprise Supplier 055 Ltd,ACTIVE
PTY-SUP-056,PTY-SUP-056,ORGANIZATION,Enterprise Supplier 056 Ltd,ACTIVE
PTY-SUP-057,PTY-SUP-057,ORGANIZATION,Enterprise Supplier 057 Ltd,ACTIVE
PTY-SUP-058,PTY-SUP-058,ORGANIZATION,Enterprise Supplier 058 Ltd,ACTIVE
PTY-SUP-059,PTY-SUP-059,ORGANIZATION,Enterprise Supplier 059 Ltd,ACTIVE
PTY-SUP-060,PTY-SUP-060,ORGANIZATION,Enterprise Supplier 060 Ltd,ACTIVE
PTY-SUP-061,PTY-SUP-061,ORGANIZATION,Enterprise Supplier 061 Ltd,ACTIVE
PTY-SUP-062,PTY-SUP-062,ORGANIZATION,Enterprise Supplier 062 Ltd,ACTIVE
PTY-SUP-063,PTY-SUP-063,ORGANIZATION,Enterprise Supplier 063 Ltd,ACTIVE
PTY-SUP-064,PTY-SUP-064,ORGANIZATION,Enterprise Supplier 064 Ltd,ACTIVE
PTY-SUP-065,PTY-SUP-065,ORGANIZATION,Enterprise Supplier 065 Ltd,ACTIVE
PTY-SUP-066,PTY-SUP-066,ORGANIZATION,Enterprise Supplier 066 Ltd,ACTIVE
PTY-SUP-067,PTY-SUP-067,ORGANIZATION,Enterprise Supplier 067 Ltd,ACTIVE
PTY-SUP-068,PTY-SUP-068,ORGANIZATION,Enterprise Supplier 068 Ltd,ACTIVE
PTY-SUP-069,PTY-SUP-069,ORGANIZATION,Enterprise Supplier 069 Ltd,ACTIVE
PTY-SUP-070,PTY-SUP-070,ORGANIZATION,Enterprise Supplier 070 Ltd,ACTIVE
PTY-SUP-071,PTY-SUP-071,ORGANIZATION,Enterprise Supplier 071 Ltd,ACTIVE
PTY-SUP-072,PTY-SUP-072,ORGANIZATION,Enterprise Supplier 072 Ltd,ACTIVE
PTY-SUP-073,PTY-SUP-073,ORGANIZATION,Enterprise Supplier 073 Ltd,ACTIVE
PTY-SUP-074,PTY-SUP-074,ORGANIZATION,Enterprise Supplier 074 Ltd,ACTIVE
PTY-SUP-075,PTY-SUP-075,ORGANIZATION,Enterprise Supplier 075 Ltd,ACTIVE
PTY-SUP-076,PTY-SUP-076,ORGANIZATION,Enterprise Supplier 076 Ltd,ACTIVE
PTY-SUP-077,PTY-SUP-077,ORGANIZATION,Enterprise Supplier 077 Ltd,ACTIVE
PTY-SUP-078,PTY-SUP-078,ORGANIZATION,Enterprise Supplier 078 Ltd,ACTIVE
PTY-SUP-079,PTY-SUP-079,ORGANIZATION,Enterprise Supplier 079 Ltd,ACTIVE
PTY-SUP-080,PTY-SUP-080,ORGANIZATION,Enterprise Supplier 080 Ltd,ACTIVE
PTY-SUP-081,PTY-SUP-081,ORGANIZATION,Enterprise Supplier 081 Ltd,ACTIVE
PTY-SUP-082,PTY-SUP-082,ORGANIZATION,Enterprise Supplier 082 Ltd,ACTIVE
PTY-SUP-083,PTY-SUP-083,ORGANIZATION,Enterprise Supplier 083 Ltd,ACTIVE
PTY-SUP-084,PTY-SUP-084,ORGANIZATION,Enterprise Supplier 084 Ltd,ACTIVE
PTY-SUP-085,PTY-SUP-085,ORGANIZATION,Enterprise Supplier 085 Ltd,ACTIVE
PTY-SUP-086,PTY-SUP-086,ORGANIZATION,Enterprise Supplier 086 Ltd,ACTIVE
PTY-SUP-087,PTY-SUP-087,ORGANIZATION,Enterprise Supplier 087 Ltd,ACTIVE
PTY-SUP-088,PTY-SUP-088,ORGANIZATION,Enterprise Supplier 088 Ltd,ACTIVE
PTY-SUP-089,PTY-SUP-089,ORGANIZATION,Enterprise Supplier 089 Ltd,ACTIVE
PTY-SUP-090,PTY-SUP-090,ORGANIZATION,Enterprise Supplier 090 Ltd,ACTIVE
PTY-SUP-091,PTY-SUP-091,ORGANIZATION,Enterprise Supplier 091 Ltd,ACTIVE
PTY-SUP-092,PTY-SUP-092,ORGANIZATION,Enterprise Supplier 092 Ltd,ACTIVE
PTY-SUP-093,PTY-SUP-093,ORGANIZATION,Enterprise Supplier 093 Ltd,ACTIVE
PTY-SUP-094,PTY-SUP-094,ORGANIZATION,Enterprise Supplier 094 Ltd,ACTIVE
PTY-SUP-095,PTY-SUP-095,ORGANIZATION,Enterprise Supplier 095 Ltd,ACTIVE
PTY-SUP-096,PTY-SUP-096,ORGANIZATION,Enterprise Supplier 096 Ltd,ACTIVE
PTY-SUP-097,PTY-SUP-097,ORGANIZATION,Enterprise Supplier 097 Ltd,ACTIVE
PTY-SUP-098,PTY-SUP-098,ORGANIZATION,Enterprise Supplier 098 Ltd,ACTIVE
PTY-SUP-099,PTY-SUP-099,ORGANIZATION,Enterprise Supplier 099 Ltd,ACTIVE
PTY-SUP-100,PTY-SUP-100,ORGANIZATION,Enterprise Supplier 100 Ltd,ACTIVE
PTY-SUP-101,PTY-SUP-101,ORGANIZATION,Enterprise Supplier 101 Ltd,ACTIVE
PTY-SUP-102,PTY-SUP-102,ORGANIZATION,Enterprise Supplier 102 Ltd,ACTIVE
PTY-SUP-103,PTY-SUP-103,ORGANIZATION,Enterprise Supplier 103 Ltd,ACTIVE
PTY-SUP-104,PTY-SUP-104,ORGANIZATION,Enterprise Supplier 104 Ltd,ACTIVE
PTY-SUP-105,PTY-SUP-105,ORGANIZATION,Enterprise Supplier 105 Ltd,ACTIVE
PTY-SUP-106,PTY-SUP-106,ORGANIZATION,Enterprise Supplier 106 Ltd,ACTIVE
PTY-SUP-107,PTY-SUP-107,ORGANIZATION,Enterprise Supplier 107 Ltd,ACTIVE
PTY-SUP-108,PTY-SUP-108,ORGANIZATION,Enterprise Supplier 108 Ltd,ACTIVE
PTY-SUP-109,PTY-SUP-109,ORGANIZATION,Enterprise Supplier 109 Ltd,ACTIVE
PTY-SUP-110,PTY-SUP-110,ORGANIZATION,Enterprise Supplier 110 Ltd,ACTIVE
PTY-SUP-111,PTY-SUP-111,ORGANIZATION,Enterprise Supplier 111 Ltd,ACTIVE
PTY-SUP-112,PTY-SUP-112,ORGANIZATION,Enterprise Supplier 112 Ltd,ACTIVE
PTY-SUP-113,PTY-SUP-113,ORGANIZATION,Enterprise Supplier 113 Ltd,ACTIVE
PTY-SUP-114,PTY-SUP-114,ORGANIZATION,Enterprise Supplier 114 Ltd,ACTIVE
PTY-SUP-115,PTY-SUP-115,ORGANIZATION,Enterprise Supplier 115 Ltd,ACTIVE
PTY-SUP-116,PTY-SUP-116,ORGANIZATION,Enterprise Supplier 116 Ltd,ACTIVE
PTY-SUP-117,PTY-SUP-117,ORGANIZATION,Enterprise Supplier 117 Ltd,ACTIVE
PTY-SUP-118,PTY-SUP-118,ORGANIZATION,Enterprise Supplier 118 Ltd,ACTIVE
PTY-SUP-119,PTY-SUP-119,ORGANIZATION,Enterprise Supplier 119 Ltd,ACTIVE
PTY-SUP-120,PTY-SUP-120,ORGANIZATION,Enterprise Supplier 120 Ltd,ACTIVE
PTY-SUP-121,PTY-SUP-121,ORGANIZATION,Enterprise Supplier 121 Ltd,ACTIVE
PTY-SUP-122,PTY-SUP-122,ORGANIZATION,Enterprise Supplier 122 Ltd,ACTIVE
PTY-SUP-123,PTY-SUP-123,ORGANIZATION,Enterprise Supplier 123 Ltd,ACTIVE
PTY-SUP-124,PTY-SUP-124,ORGANIZATION,Enterprise Supplier 124 Ltd,ACTIVE
PTY-SUP-125,PTY-SUP-125,ORGANIZATION,Enterprise Supplier 125 Ltd,ACTIVE
PTY-SUP-126,PTY-SUP-126,ORGANIZATION,Enterprise Supplier 126 Ltd,ACTIVE
PTY-SUP-127,PTY-SUP-127,ORGANIZATION,Enterprise Supplier 127 Ltd,ACTIVE
PTY-SUP-128,PTY-SUP-128,ORGANIZATION,Enterprise Supplier 128 Ltd,ACTIVE
PTY-SUP-129,PTY-SUP-129,ORGANIZATION,Enterprise Supplier 129 Ltd,ACTIVE
PTY-SUP-130,PTY-SUP-130,ORGANIZATION,Enterprise Supplier 130 Ltd,ACTIVE
PTY-SUP-131,PTY-SUP-131,ORGANIZATION,Enterprise Supplier 131 Ltd,ACTIVE
PTY-SUP-132,PTY-SUP-132,ORGANIZATION,Enterprise Supplier 132 Ltd,ACTIVE
PTY-SUP-133,PTY-SUP-133,ORGANIZATION,Enterprise Supplier 133 Ltd,ACTIVE
PTY-SUP-134,PTY-SUP-134,ORGANIZATION,Enterprise Supplier 134 Ltd,ACTIVE
PTY-SUP-135,PTY-SUP-135,ORGANIZATION,Enterprise Supplier 135 Ltd,ACTIVE
PTY-SUP-136,PTY-SUP-136,ORGANIZATION,Enterprise Supplier 136 Ltd,ACTIVE
PTY-SUP-137,PTY-SUP-137,ORGANIZATION,Enterprise Supplier 137 Ltd,ACTIVE
PTY-SUP-138,PTY-SUP-138,ORGANIZATION,Enterprise Supplier 138 Ltd,ACTIVE
PTY-SUP-139,PTY-SUP-139,ORGANIZATION,Enterprise Supplier 139 Ltd,ACTIVE
PTY-SUP-140,PTY-SUP-140,ORGANIZATION,Enterprise Supplier 140 Ltd,ACTIVE
PTY-SUP-141,PTY-SUP-141,ORGANIZATION,Enterprise Supplier 141 Ltd,ACTIVE
PTY-SUP-142,PTY-SUP-142,ORGANIZATION,Enterprise Supplier 142 Ltd,ACTIVE
PTY-SUP-143,PTY-SUP-143,ORGANIZATION,Enterprise Supplier 143 Ltd,ACTIVE
PTY-SUP-144,PTY-SUP-144,ORGANIZATION,Enterprise Supplier 144 Ltd,ACTIVE
PTY-SUP-145,PTY-SUP-145,ORGANIZATION,Enterprise Supplier 145 Ltd,ACTIVE
PTY-SUP-146,PTY-SUP-146,ORGANIZATION,Enterprise Supplier 146 Ltd,ACTIVE
PTY-SUP-147,PTY-SUP-147,ORGANIZATION,Enterprise Supplier 147 Ltd,ACTIVE
PTY-SUP-148,PTY-SUP-148,ORGANIZATION,Enterprise Supplier 148 Ltd,ACTIVE
PTY-SUP-149,PTY-SUP-149,ORGANIZATION,Enterprise Supplier 149 Ltd,ACTIVE
PTY-SUP-150,PTY-SUP-150,ORGANIZATION,Enterprise Supplier 150 Ltd,ACTIVE
PTY-SUP-151,PTY-SUP-151,ORGANIZATION,Enterprise Supplier 151 Ltd,ACTIVE
PTY-SUP-152,PTY-SUP-152,ORGANIZATION,Enterprise Supplier 152 Ltd,ACTIVE
PTY-SUP-153,PTY-SUP-153,ORGANIZATION,Enterprise Supplier 153 Ltd,ACTIVE
PTY-SUP-154,PTY-SUP-154,ORGANIZATION,Enterprise Supplier 154 Ltd,ACTIVE
PTY-SUP-155,PTY-SUP-155,ORGANIZATION,Enterprise Supplier 155 Ltd,ACTIVE
PTY-SUP-156,PTY-SUP-156,ORGANIZATION,Enterprise Supplier 156 Ltd,ACTIVE
PTY-SUP-157,PTY-SUP-157,ORGANIZATION,Enterprise Supplier 157 Ltd,ACTIVE
PTY-SUP-158,PTY-SUP-158,ORGANIZATION,Enterprise Supplier 158 Ltd,ACTIVE
PTY-SUP-159,PTY-SUP-159,ORGANIZATION,Enterprise Supplier 159 Ltd,ACTIVE
PTY-SUP-160,PTY-SUP-160,ORGANIZATION,Enterprise Supplier 160 Ltd,ACTIVE
PTY-SUP-161,PTY-SUP-161,ORGANIZATION,Enterprise Supplier 161 Ltd,ACTIVE
PTY-SUP-162,PTY-SUP-162,ORGANIZATION,Enterprise Supplier 162 Ltd,ACTIVE
PTY-SUP-163,PTY-SUP-163,ORGANIZATION,Enterprise Supplier 163 Ltd,ACTIVE
PTY-SUP-164,PTY-SUP-164,ORGANIZATION,Enterprise Supplier 164 Ltd,ACTIVE
PTY-SUP-165,PTY-SUP-165,ORGANIZATION,Enterprise Supplier 165 Ltd,ACTIVE
PTY-SUP-166,PTY-SUP-166,ORGANIZATION,Enterprise Supplier 166 Ltd,ACTIVE
PTY-SUP-167,PTY-SUP-167,ORGANIZATION,Enterprise Supplier 167 Ltd,ACTIVE
PTY-SUP-168,PTY-SUP-168,ORGANIZATION,Enterprise Supplier 168 Ltd,ACTIVE
PTY-SUP-169,PTY-SUP-169,ORGANIZATION,Enterprise Supplier 169 Ltd,ACTIVE
PTY-SUP-170,PTY-SUP-170,ORGANIZATION,Enterprise Supplier 170 Ltd,ACTIVE
PTY-SUP-171,PTY-SUP-171,ORGANIZATION,Enterprise Supplier 171 Ltd,ACTIVE
PTY-SUP-172,PTY-SUP-172,ORGANIZATION,Enterprise Supplier 172 Ltd,ACTIVE
PTY-SUP-173,PTY-SUP-173,ORGANIZATION,Enterprise Supplier 173 Ltd,ACTIVE
PTY-SUP-174,PTY-SUP-174,ORGANIZATION,Enterprise Supplier 174 Ltd,ACTIVE
PTY-SUP-175,PTY-SUP-175,ORGANIZATION,Enterprise Supplier 175 Ltd,ACTIVE
PTY-SUP-176,PTY-SUP-176,ORGANIZATION,Enterprise Supplier 176 Ltd,ACTIVE
PTY-SUP-177,PTY-SUP-177,ORGANIZATION,Enterprise Supplier 177 Ltd,ACTIVE
PTY-SUP-178,PTY-SUP-178,ORGANIZATION,Enterprise Supplier 178 Ltd,ACTIVE
PTY-SUP-179,PTY-SUP-179,ORGANIZATION,Enterprise Supplier 179 Ltd,ACTIVE
PTY-SUP-180,PTY-SUP-180,ORGANIZATION,Enterprise Supplier 180 Ltd,ACTIVE
PTY-SUP-181,PTY-SUP-181,ORGANIZATION,Enterprise Supplier 181 Ltd,ACTIVE
PTY-SUP-182,PTY-SUP-182,ORGANIZATION,Enterprise Supplier 182 Ltd,ACTIVE
PTY-SUP-183,PTY-SUP-183,ORGANIZATION,Enterprise Supplier 183 Ltd,ACTIVE
PTY-SUP-184,PTY-SUP-184,ORGANIZATION,Enterprise Supplier 184 Ltd,ACTIVE
PTY-SUP-185,PTY-SUP-185,ORGANIZATION,Enterprise Supplier 185 Ltd,ACTIVE
PTY-SUP-186,PTY-SUP-186,ORGANIZATION,Enterprise Supplier 186 Ltd,ACTIVE
PTY-SUP-187,PTY-SUP-187,ORGANIZATION,Enterprise Supplier 187 Ltd,ACTIVE
PTY-SUP-188,PTY-SUP-188,ORGANIZATION,Enterprise Supplier 188 Ltd,ACTIVE
PTY-SUP-189,PTY-SUP-189,ORGANIZATION,Enterprise Supplier 189 Ltd,ACTIVE
PTY-SUP-190,PTY-SUP-190,ORGANIZATION,Enterprise Supplier 190 Ltd,ACTIVE
PTY-SUP-191,PTY-SUP-191,ORGANIZATION,Enterprise Supplier 191 Ltd,ACTIVE
PTY-SUP-192,PTY-SUP-192,ORGANIZATION,Enterprise Supplier 192 Ltd,ACTIVE
PTY-SUP-193,PTY-SUP-193,ORGANIZATION,Enterprise Supplier 193 Ltd,ACTIVE
PTY-SUP-194,PTY-SUP-194,ORGANIZATION,Enterprise Supplier 194 Ltd,ACTIVE
PTY-SUP-195,PTY-SUP-195,ORGANIZATION,Enterprise Supplier 195 Ltd,ACTIVE
PTY-SUP-196,PTY-SUP-196,ORGANIZATION,Enterprise Supplier 196 Ltd,ACTIVE
PTY-SUP-197,PTY-SUP-197,ORGANIZATION,Enterprise Supplier 197 Ltd,ACTIVE
PTY-SUP-198,PTY-SUP-198,ORGANIZATION,Enterprise Supplier 198 Ltd,ACTIVE
PTY-SUP-199,PTY-SUP-199,ORGANIZATION,Enterprise Supplier 199 Ltd,ACTIVE
PTY-SUP-200,PTY-SUP-200,ORGANIZATION,Enterprise Supplier 200 Ltd,ACTIVE
PTY-CARR-001,PTY-CARR-001,ORGANIZATION,Express Freight Carrier 001 Ltd,ACTIVE
PTY-CARR-002,PTY-CARR-002,ORGANIZATION,Express Freight Carrier 002 Ltd,ACTIVE
PTY-CARR-003,PTY-CARR-003,ORGANIZATION,Express Freight Carrier 003 Ltd,ACTIVE
PTY-CARR-004,PTY-CARR-004,ORGANIZATION,Express Freight Carrier 004 Ltd,ACTIVE
PTY-CARR-005,PTY-CARR-005,ORGANIZATION,Express Freight Carrier 005 Ltd,ACTIVE
PTY-CARR-006,PTY-CARR-006,ORGANIZATION,Express Freight Carrier 006 Ltd,ACTIVE
PTY-CARR-007,PTY-CARR-007,ORGANIZATION,Express Freight Carrier 007 Ltd,ACTIVE
PTY-CARR-008,PTY-CARR-008,ORGANIZATION,Express Freight Carrier 008 Ltd,ACTIVE
PTY-CARR-009,PTY-CARR-009,ORGANIZATION,Express Freight Carrier 009 Ltd,ACTIVE
PTY-CARR-010,PTY-CARR-010,ORGANIZATION,Express Freight Carrier 010 Ltd,ACTIVE
PTY-CARR-011,PTY-CARR-011,ORGANIZATION,Express Freight Carrier 011 Ltd,ACTIVE
PTY-CARR-012,PTY-CARR-012,ORGANIZATION,Express Freight Carrier 012 Ltd,ACTIVE
PTY-CARR-013,PTY-CARR-013,ORGANIZATION,Express Freight Carrier 013 Ltd,ACTIVE
PTY-CARR-014,PTY-CARR-014,ORGANIZATION,Express Freight Carrier 014 Ltd,ACTIVE
PTY-CARR-015,PTY-CARR-015,ORGANIZATION,Express Freight Carrier 015 Ltd,ACTIVE
PTY-CARR-016,PTY-CARR-016,ORGANIZATION,Express Freight Carrier 016 Ltd,ACTIVE
PTY-CARR-017,PTY-CARR-017,ORGANIZATION,Express Freight Carrier 017 Ltd,ACTIVE
PTY-CARR-018,PTY-CARR-018,ORGANIZATION,Express Freight Carrier 018 Ltd,ACTIVE
PTY-CARR-019,PTY-CARR-019,ORGANIZATION,Express Freight Carrier 019 Ltd,ACTIVE
PTY-CARR-020,PTY-CARR-020,ORGANIZATION,Express Freight Carrier 020 Ltd,ACTIVE
PTY-CARR-021,PTY-CARR-021,ORGANIZATION,Express Freight Carrier 021 Ltd,ACTIVE
PTY-CARR-022,PTY-CARR-022,ORGANIZATION,Express Freight Carrier 022 Ltd,ACTIVE
PTY-CARR-023,PTY-CARR-023,ORGANIZATION,Express Freight Carrier 023 Ltd,ACTIVE
PTY-CARR-024,PTY-CARR-024,ORGANIZATION,Express Freight Carrier 024 Ltd,ACTIVE
PTY-CARR-025,PTY-CARR-025,ORGANIZATION,Express Freight Carrier 025 Ltd,ACTIVE
PTY-EMP-001,PTY-EMP-001,PERSON,Rajesh Kumar,ACTIVE
PTY-CUST-001,PTY-CUST-001,PERSON,Suresh Patel,ACTIVE
