contract_id,party_id,contract_type,start_date,end_date,payment_term_id,status
CONT-SUP-001,PTY-SUP-001,SUPPLIER_MASTER_AGREEMENT,2025-01-01,2027-12-31,NET_30,ACTIVE
CONT-SUP-002,PTY-SUP-002,SUPPLIER_MASTER_AGREEMENT,2025-01-01,2027-12-31,NET_30,ACTIVE
CONT-SUP-003,PTY-SUP-003,SUPPLIER_MASTER_AGREEMENT,2025-01-01,2027-12-31,NET_30,ACTIVE
CONT-SUP-004,PTY-SUP-004,SUPPLIER_MASTER_AGREEMENT,2025-01-01,2027-12-31,NET_30,ACTIVE
CONT-SUP-005,PTY-SUP-005,SUPPLIER_MASTER_AGREEMENT,2025-01-01,2027-12-31,NET_30,ACTIVE
CONT-SUP-006,PTY-SUP-006,SUPPLIER_MASTER_AGREEMENT,2025-01-01,2027-12-31,NET_30,ACTIVE
CONT-SUP-007,PTY-SUP-007,SUPPLIER_MASTER_AGREEMENT,2025-01-01,2027-12-31,NET_30,ACTIVE
CONT-SUP-008,PTY-SUP-008,SUPPLIER_MASTER_AGREEMENT,2025-01-01,2027-12-31,NET_30,ACTIVE
CONT-SUP-009,PTY-SUP-009,SUPPLIER_MASTER_AGREEMENT,2025-01-01,2027-12-31,NET_30,ACTIVE
CONT-SUP-010,PTY-SUP-010,SUPPLIER_MASTER_AGREEMENT,2025-01-01,2027-12-31,NET_30,ACTIVE
CONT-SUP-011,PTY-SUP-011,SUPPLIER_MASTER_AGREEMENT,2025-01-01,2027-12-31,NET_30,ACTIVE
CONT-SUP-012,PTY-SUP-012,SUPPLIER_MASTER_AGREEMENT,2025-01-01,2027-12-31,NET_30,ACTIVE
CONT-SUP-013,PTY-SUP-013,SUPPLIER_MASTER_AGREEMENT,2025-01-01,2027-12-31,NET_30,ACTIVE
CONT-SUP-014,PTY-SUP-014,SUPPLIER_MASTER_AGREEMENT,2025-01-01,2027-12-31,NET_30,ACTIVE
CONT-SUP-015,PTY-SUP-015,SUPPLIER_MASTER_AGREEMENT,2025-01-01,2027-12-31,NET_30,ACTIVE
CONT-SUP-016,PTY-SUP-016,SUPPLIER_MASTER_AGREEMENT,2025-01-01,2027-12-31,NET_30,ACTIVE
CONT-SUP-017,PTY-SUP-017,SUPPLIER_MASTER_AGREEMENT,2025-01-01,2027-12-31,NET_30,ACTIVE
CONT-SUP-018,PTY-SUP-018,SUPPLIER_MASTER_AGREEMENT,2025-01-01,2027-12-31,NET_30,ACTIVE
CONT-SUP-019,PTY-SUP-019,SUPPLIER_MASTER_AGREEMENT,2025-01-01,2027-12-31,NET_30,ACTIVE
CONT-SUP-020,PTY-SUP-020,SUPPLIER_MASTER_AGREEMENT,2025-01-01,2027-12-31,NET_30,ACTIVE
CONT-SUP-021,PTY-SUP-021,SUPPLIER_MASTER_AGREEMENT,2025-01-01,2027-12-31,NET_30,ACTIVE
CONT-SUP-022,PTY-SUP-022,SUPPLIER_MASTER_AGREEMENT,2025-01-01,2027-12-31,NET_30,ACTIVE
CONT-SUP-023,PTY-SUP-023,SUPPLIER_MASTER_AGREEMENT,2025-01-01,2027-12-31,NET_30,ACTIVE
CONT-SUP-024,PTY-SUP-024,SUPPLIER_MASTER_AGREEMENT,2025-01-01,2027-12-31,NET_30,ACTIVE
CONT-SUP-025,PTY-SUP-025,SUPPLIER_MASTER_AGREEMENT,2025-01-01,2027-12-31,NET_30,ACTIVE
CONT-SUP-026,PTY-SUP-026,SUPPLIER_MASTER_AGREEMENT,2025-01-01,2027-12-31,NET_30,ACTIVE
CONT-SUP-027,PTY-SUP-027,SUPPLIER_MASTER_AGREEMENT,2025-01-01,2027-12-31,NET_30,ACTIVE
CONT-SUP-028,PTY-SUP-028,SUPPLIER_MASTER_AGREEMENT,2025-01-01,2027-12-31,NET_30,ACTIVE
CONT-SUP-029,PTY-SUP-029,SUPPLIER_MASTER_AGREEMENT,2025-01-01,2027-12-31,NET_30,ACTIVE
CONT-SUP-030,PTY-SUP-030,SUPPLIER_MASTER_AGREEMENT,2025-01-01,2027-12-31,NET_30,ACTIVE
CONT-SUP-031,PTY-SUP-031,SUPPLIER_MASTER_AGREEMENT,2025-01-01,2027-12-31,NET_30,ACTIVE
CONT-SUP-032,PTY-SUP-032,SUPPLIER_MASTER_AGREEMENT,2025-01-01,2027-12-31,NET_30,ACTIVE
CONT-SUP-033,PTY-SUP-033,SUPPLIER_MASTER_AGREEMENT,2025-01-01,2027-12-31,NET_30,ACTIVE
CONT-SUP-034,PTY-SUP-034,SUPPLIER_MASTER_AGREEMENT,2025-01-01,2027-12-31,NET_30,ACTIVE
CONT-SUP-035,PTY-SUP-035,SUPPLIER_MASTER_AGREEMENT,2025-01-01,2027-12-31,NET_30,ACTIVE
CONT-SUP-036,PTY-SUP-036,SUPPLIER_MASTER_AGREEMENT,2025-01-01,2027-12-31,NET_30,ACTIVE
CONT-SUP-037,PTY-SUP-037,SUPPLIER_MASTER_AGREEMENT,2025-01-01,2027-12-31,NET_30,ACTIVE
CONT-SUP-038,PTY-SUP-038,SUPPLIER_MASTER_AGREEMENT,2025-01-01,2027-12-31,NET_30,ACTIVE
CONT-SUP-039,PTY-SUP-039,SUPPLIER_MASTER_AGREEMENT,2025-01-01,2027-12-31,NET_30,ACTIVE
CONT-SUP-040,PTY-SUP-040,SUPPLIER_MASTER_AGREEMENT,2025-01-01,2027-12-31,NET_30,ACTIVE
CONT-SUP-041,PTY-SUP-041,SUPPLIER_MASTER_AGREEMENT,2025-01-01,2027-12-31,NET_30,ACTIVE
CONT-SUP-042,PTY-SUP-042,SUPPLIER_MASTER_AGREEMENT,2025-01-01,2027-12-31,NET_30,ACTIVE
CONT-SUP-043,PTY-SUP-043,SUPPLIER_MASTER_AGREEMENT,2025-01-01,2027-12-31,NET_30,ACTIVE
CONT-SUP-044,PTY-SUP-044,SUPPLIER_MASTER_AGREEMENT,2025-01-01,2027-12-31,NET_30,ACTIVE
CONT-SUP-045,PTY-SUP-045,SUPPLIER_MASTER_AGREEMENT,2025-01-01,2027-12-31,NET_30,ACTIVE
CONT-SUP-046,PTY-SUP-046,SUPPLIER_MASTER_AGREEMENT,2025-01-01,2027-12-31,NET_30,ACTIVE
CONT-SUP-047,PTY-SUP-047,SUPPLIER_MASTER_AGREEMENT,2025-01-01,2027-12-31,NET_30,ACTIVE
CONT-SUP-048,PTY-SUP-048,SUPPLIER_MASTER_AGREEMENT,2025-01-01,2027-12-31,NET_30,ACTIVE
CONT-SUP-049,PTY-SUP-049,SUPPLIER_MASTER_AGREEMENT,2025-01-01,2027-12-31,NET_30,ACTIVE
CONT-SUP-050,PTY-SUP-050,SUPPLIER_MASTER_AGREEMENT,2025-01-01,2027-12-31,NET_30,ACTIVE
CONT-SUP-051,PTY-SUP-051,SUPPLIER_MASTER_AGREEMENT,2025-01-01,2027-12-31,NET_30,ACTIVE
CONT-SUP-052,PTY-SUP-052,SUPPLIER_MASTER_AGREEMENT,2025-01-01,2027-12-31,NET_30,ACTIVE
CONT-SUP-053,PTY-SUP-053,SUPPLIER_MASTER_AGREEMENT,2025-01-01,2027-12-31,NET_30,ACTIVE
CONT-SUP-054,PTY-SUP-054,SUPPLIER_MASTER_AGREEMENT,2025-01-01,2027-12-31,NET_30,ACTIVE
CONT-SUP-055,PTY-SUP-055,SUPPLIER_MASTER_AGREEMENT,2025-01-01,2027-12-31,NET_30,ACTIVE
CONT-SUP-056,PTY-SUP-056,SUPPLIER_MASTER_AGREEMENT,2025-01-01,2027-12-31,NET_30,ACTIVE
CONT-SUP-057,PTY-SUP-057,SUPPLIER_MASTER_AGREEMENT,2025-01-01,2027-12-31,NET_30,ACTIVE
CONT-SUP-058,PTY-SUP-058,SUPPLIER_MASTER_AGREEMENT,2025-01-01,2027-12-31,NET_30,ACTIVE
CONT-SUP-059,PTY-SUP-059,SUPPLIER_MASTER_AGREEMENT,2025-01-01,2027-12-31,NET_30,ACTIVE
CONT-SUP-060,PTY-SUP-060,SUPPLIER_MASTER_AGREEMENT,2025-01-01,2027-12-31,NET_30,ACTIVE
CONT-SUP-061,PTY-SUP-061,SUPPLIER_MASTER_AGREEMENT,2025-01-01,2027-12-31,NET_30,ACTIVE
CONT-SUP-062,PTY-SUP-062,SUPPLIER_MASTER_AGREEMENT,2025-01-01,2027-12-31,NET_30,ACTIVE
CONT-SUP-063,PTY-SUP-063,SUPPLIER_MASTER_AGREEMENT,2025-01-01,2027-12-31,NET_30,ACTIVE
CONT-SUP-064,PTY-SUP-064,SUPPLIER_MASTER_AGREEMENT,2025-01-01,2027-12-31,NET_30,ACTIVE
CONT-SUP-065,PTY-SUP-065,SUPPLIER_MASTER_AGREEMENT,2025-01-01,2027-12-31,NET_30,ACTIVE
CONT-SUP-066,PTY-SUP-066,SUPPLIER_MASTER_AGREEMENT,2025-01-01,2027-12-31,NET_30,ACTIVE
CONT-SUP-067,PTY-SUP-067,SUPPLIER_MASTER_AGREEMENT,2025-01-01,2027-12-31,NET_30,ACTIVE
CONT-SUP-068,PTY-SUP-068,SUPPLIER_MASTER_AGREEMENT,2025-01-01,2027-12-31,NET_30,ACTIVE
CONT-SUP-069,PTY-SUP-069,SUPPLIER_MASTER_AGREEMENT,2025-01-01,2027-12-31,NET_30,ACTIVE
CONT-SUP-070,PTY-SUP-070,SUPPLIER_MASTER_AGREEMENT,2025-01-01,2027-12-31,NET_30,ACTIVE
CONT-SUP-071,PTY-SUP-071,SUPPLIER_MASTER_AGREEMENT,2025-01-01,2027-12-31,NET_30,ACTIVE
CONT-SUP-072,PTY-SUP-072,SUPPLIER_MASTER_AGREEMENT,2025-01-01,2027-12-31,NET_30,ACTIVE
CONT-SUP-073,PTY-SUP-073,SUPPLIER_MASTER_AGREEMENT,2025-01-01,2027-12-31,NET_30,ACTIVE
CONT-SUP-074,PTY-SUP-074,SUPPLIER_MASTER_AGREEMENT,2025-01-01,2027-12-31,NET_30,ACTIVE
CONT-SUP-075,PTY-SUP-075,SUPPLIER_MASTER_AGREEMENT,2025-01-01,2027-12-31,NET_30,ACTIVE
CONT-SUP-076,PTY-SUP-076,SUPPLIER_MASTER_AGREEMENT,2025-01-01,2027-12-31,NET_30,ACTIVE
CONT-SUP-077,PTY-SUP-077,SUPPLIER_MASTER_AGREEMENT,2025-01-01,2027-12-31,NET_30,ACTIVE
CONT-SUP-078,PTY-SUP-078,SUPPLIER_MASTER_AGREEMENT,2025-01-01,2027-12-31,NET_30,ACTIVE
CONT-SUP-079,PTY-SUP-079,SUPPLIER_MASTER_AGREEMENT,2025-01-01,2027-12-31,NET_30,ACTIVE
CONT-SUP-080,PTY-SUP-080,SUPPLIER_MASTER_AGREEMENT,2025-01-01,2027-12-31,NET_30,ACTIVE
CONT-SUP-081,PTY-SUP-081,SUPPLIER_MASTER_AGREEMENT,2025-01-01,2027-12-31,NET_30,ACTIVE
CONT-SUP-082,PTY-SUP-082,SUPPLIER_MASTER_AGREEMENT,2025-01-01,2027-12-31,NET_30,ACTIVE
CONT-SUP-083,PTY-SUP-083,SUPPLIER_MASTER_AGREEMENT,2025-01-01,2027-12-31,NET_30,ACTIVE
CONT-SUP-084,PTY-SUP-084,SUPPLIER_MASTER_AGREEMENT,2025-01-01,2027-12-31,NET_30,ACTIVE
CONT-SUP-085,PTY-SUP-085,SUPPLIER_MASTER_AGREEMENT,2025-01-01,2027-12-31,NET_30,ACTIVE
CONT-SUP-086,PTY-SUP-086,SUPPLIER_MASTER_AGREEMENT,2025-01-01,2027-12-31,NET_30,ACTIVE
CONT-SUP-087,PTY-SUP-087,SUPPLIER_MASTER_AGREEMENT,2025-01-01,2027-12-31,NET_30,ACTIVE
CONT-SUP-088,PTY-SUP-088,SUPPLIER_MASTER_AGREEMENT,2025-01-01,2027-12-31,NET_30,ACTIVE
CONT-SUP-089,PTY-SUP-089,SUPPLIER_MASTER_AGREEMENT,2025-01-01,2027-12-31,NET_30,ACTIVE
CONT-SUP-090,PTY-SUP-090,SUPPLIER_MASTER_AGREEMENT,2025-01-01,2027-12-31,NET_30,ACTIVE
CONT-SUP-091,PTY-SUP-091,SUPPLIER_MASTER_AGREEMENT,2025-01-01,2027-12-31,NET_30,ACTIVE
CONT-SUP-092,PTY-SUP-092,SUPPLIER_MASTER_AGREEMENT,2025-01-01,2027-12-31,NET_30,ACTIVE
CONT-SUP-093,PTY-SUP-093,SUPPLIER_MASTER_AGREEMENT,2025-01-01,2027-12-31,NET_30,ACTIVE
CONT-SUP-094,PTY-SUP-094,SUPPLIER_MASTER_AGREEMENT,2025-01-01,2027-12-31,NET_30,ACTIVE
CONT-SUP-095,PTY-SUP-095,SUPPLIER_MASTER_AGREEMENT,2025-01-01,2027-12-31,NET_30,ACTIVE
CONT-SUP-096,PTY-SUP-096,SUPPLIER_MASTER_AGREEMENT,2025-01-01,2027-12-31,NET_30,ACTIVE
CONT-SUP-097,PTY-SUP-097,SUPPLIER_MASTER_AGREEMENT,2025-01-01,2027-12-31,NET_30,ACTIVE
CONT-SUP-098,PTY-SUP-098,SUPPLIER_MASTER_AGREEMENT,2025-01-01,2027-12-31,NET_30,ACTIVE
CONT-SUP-099,PTY-SUP-099,SUPPLIER_MASTER_AGREEMENT,2025-01-01,2027-12-31,NET_30,ACTIVE
CONT-SUP-100,PTY-SUP-100,SUPPLIER_MASTER_AGREEMENT,2025-01-01,2027-12-31,NET_30,ACTIVE
CONT-SUP-101,PTY-SUP-101,SUPPLIER_MASTER_AGREEMENT,2025-01-01,2027-12-31,NET_30,ACTIVE
CONT-SUP-102,PTY-SUP-102,SUPPLIER_MASTER_AGREEMENT,2025-01-01,2027-12-31,NET_30,ACTIVE
CONT-SUP-103,PTY-SUP-103,SUPPLIER_MASTER_AGREEMENT,2025-01-01,2027-12-31,NET_30,ACTIVE
CONT-SUP-104,PTY-SUP-104,SUPPLIER_MASTER_AGREEMENT,2025-01-01,2027-12-31,NET_30,ACTIVE
CONT-SUP-105,PTY-SUP-105,SUPPLIER_MASTER_AGREEMENT,2025-01-01,2027-12-31,NET_30,ACTIVE
CONT-SUP-106,PTY-SUP-106,SUPPLIER_MASTER_AGREEMENT,2025-01-01,2027-12-31,NET_30,ACTIVE
CONT-SUP-107,PTY-SUP-107,SUPPLIER_MASTER_AGREEMENT,2025-01-01,2027-12-31,NET_30,ACTIVE
CONT-SUP-108,PTY-SUP-108,SUPPLIER_MASTER_AGREEMENT,2025-01-01,2027-12-31,NET_30,ACTIVE
CONT-SUP-109,PTY-SUP-109,SUPPLIER_MASTER_AGREEMENT,2025-01-01,2027-12-31,NET_30,ACTIVE
CONT-SUP-110,PTY-SUP-110,SUPPLIER_MASTER_AGREEMENT,2025-01-01,2027-12-31,NET_30,ACTIVE
CONT-SUP-111,PTY-SUP-111,SUPPLIER_MASTER_AGREEMENT,2025-01-01,2027-12-31,NET_30,ACTIVE
CONT-SUP-112,PTY-SUP-112,SUPPLIER_MASTER_AGREEMENT,2025-01-01,2027-12-31,NET_30,ACTIVE
CONT-SUP-113,PTY-SUP-113,SUPPLIER_MASTER_AGREEMENT,2025-01-01,2027-12-31,NET_30,ACTIVE
CONT-SUP-114,PTY-SUP-114,SUPPLIER_MASTER_AGREEMENT,2025-01-01,2027-12-31,NET_30,ACTIVE
CONT-SUP-115,PTY-SUP-115,SUPPLIER_MASTER_AGREEMENT,2025-01-01,2027-12-31,NET_30,ACTIVE
CONT-SUP-116,PTY-SUP-116,SUPPLIER_MASTER_AGREEMENT,2025-01-01,2027-12-31,NET_30,ACTIVE
CONT-SUP-117,PTY-SUP-117,SUPPLIER_MASTER_AGREEMENT,2025-01-01,2027-12-31,NET_30,ACTIVE
CONT-SUP-118,PTY-SUP-118,SUPPLIER_MASTER_AGREEMENT,2025-01-01,2027-12-31,NET_30,ACTIVE
CONT-SUP-119,PTY-SUP-119,SUPPLIER_MASTER_AGREEMENT,2025-01-01,2027-12-31,NET_30,ACTIVE
CONT-SUP-120,PTY-SUP-120,SUPPLIER_MASTER_AGREEMENT,2025-01-01,2027-12-31,NET_30,ACTIVE
CONT-SUP-121,PTY-SUP-121,SUPPLIER_MASTER_AGREEMENT,2025-01-01,2027-12-31,NET_30,ACTIVE
CONT-SUP-122,PTY-SUP-122,SUPPLIER_MASTER_AGREEMENT,2025-01-01,2027-12-31,NET_30,ACTIVE
CONT-SUP-123,PTY-SUP-123,SUPPLIER_MASTER_AGREEMENT,2025-01-01,2027-12-31,NET_30,ACTIVE
CONT-SUP-124,PTY-SUP-124,SUPPLIER_MASTER_AGREEMENT,2025-01-01,2027-12-31,NET_30,ACTIVE
CONT-SUP-125,PTY-SUP-125,SUPPLIER_MASTER_AGREEMENT,2025-01-01,2027-12-31,NET_30,ACTIVE
CONT-SUP-126,PTY-SUP-126,SUPPLIER_MASTER_AGREEMENT,2025-01-01,2027-12-31,NET_30,ACTIVE
CONT-SUP-127,PTY-SUP-127,SUPPLIER_MASTER_AGREEMENT,2025-01-01,2027-12-31,NET_30,ACTIVE
CONT-SUP-128,PTY-SUP-128,SUPPLIER_MASTER_AGREEMENT,2025-01-01,2027-12-31,NET_30,ACTIVE
CONT-SUP-129,PTY-SUP-129,SUPPLIER_MASTER_AGREEMENT,2025-01-01,2027-12-31,NET_30,ACTIVE
CONT-SUP-130,PTY-SUP-130,SUPPLIER_MASTER_AGREEMENT,2025-01-01,2027-12-31,NET_30,ACTIVE
CONT-SUP-131,PTY-SUP-131,SUPPLIER_MASTER_AGREEMENT,2025-01-01,2027-12-31,NET_30,ACTIVE
CONT-SUP-132,PTY-SUP-132,SUPPLIER_MASTER_AGREEMENT,2025-01-01,2027-12-31,NET_30,ACTIVE
CONT-SUP-133,PTY-SUP-133,SUPPLIER_MASTER_AGREEMENT,2025-01-01,2027-12-31,NET_30,ACTIVE
CONT-SUP-134,PTY-SUP-134,SUPPLIER_MASTER_AGREEMENT,2025-01-01,2027-12-31,NET_30,ACTIVE
CONT-SUP-135,PTY-SUP-135,SUPPLIER_MASTER_AGREEMENT,2025-01-01,2027-12-31,NET_30,ACTIVE
CONT-SUP-136,PTY-SUP-136,SUPPLIER_MASTER_AGREEMENT,2025-01-01,2027-12-31,NET_30,ACTIVE
CONT-SUP-137,PTY-SUP-137,SUPPLIER_MASTER_AGREEMENT,2025-01-01,2027-12-31,NET_30,ACTIVE
CONT-SUP-138,PTY-SUP-138,SUPPLIER_MASTER_AGREEMENT,2025-01-01,2027-12-31,NET_30,ACTIVE
CONT-SUP-139,PTY-SUP-139,SUPPLIER_MASTER_AGREEMENT,2025-01-01,2027-12-31,NET_30,ACTIVE
CONT-SUP-140,PTY-SUP-140,SUPPLIER_MASTER_AGREEMENT,2025-01-01,2027-12-31,NET_30,ACTIVE
CONT-SUP-141,PTY-SUP-141,SUPPLIER_MASTER_AGREEMENT,2025-01-01,2027-12-31,NET_30,ACTIVE
CONT-SUP-142,PTY-SUP-142,SUPPLIER_MASTER_AGREEMENT,2025-01-01,2027-12-31,NET_30,ACTIVE
CONT-SUP-143,PTY-SUP-143,SUPPLIER_MASTER_AGREEMENT,2025-01-01,2027-12-31,NET_30,ACTIVE
CONT-SUP-144,PTY-SUP-144,SUPPLIER_MASTER_AGREEMENT,2025-01-01,2027-12-31,NET_30,ACTIVE
CONT-SUP-145,PTY-SUP-145,SUPPLIER_MASTER_AGREEMENT,2025-01-01,2027-12-31,NET_30,ACTIVE
CONT-SUP-146,PTY-SUP-146,SUPPLIER_MASTER_AGREEMENT,2025-01-01,2027-12-31,NET_30,ACTIVE
CONT-SUP-147,PTY-SUP-147,SUPPLIER_MASTER_AGREEMENT,2025-01-01,2027-12-31,NET_30,ACTIVE
CONT-SUP-148,PTY-SUP-148,SUPPLIER_MASTER_AGREEMENT,2025-01-01,2027-12-31,NET_30,ACTIVE
CONT-SUP-149,PTY-SUP-149,SUPPLIER_MASTER_AGREEMENT,2025-01-01,2027-12-31,NET_30,ACTIVE
CONT-SUP-150,PTY-SUP-150,SUPPLIER_MASTER_AGREEMENT,2025-01-01,2027-12-31,NET_30,ACTIVE
CONT-SUP-151,PTY-SUP-151,SUPPLIER_MASTER_AGREEMENT,2025-01-01,2027-12-31,NET_30,ACTIVE
CONT-SUP-152,PTY-SUP-152,SUPPLIER_MASTER_AGREEMENT,2025-01-01,2027-12-31,NET_30,ACTIVE
CONT-SUP-153,PTY-SUP-153,SUPPLIER_MASTER_AGREEMENT,2025-01-01,2027-12-31,NET_30,ACTIVE
CONT-SUP-154,PTY-SUP-154,SUPPLIER_MASTER_AGREEMENT,2025-01-01,2027-12-31,NET_30,ACTIVE
CONT-SUP-155,PTY-SUP-155,SUPPLIER_MASTER_AGREEMENT,2025-01-01,2027-12-31,NET_30,ACTIVE
CONT-SUP-156,PTY-SUP-156,SUPPLIER_MASTER_AGREEMENT,2025-01-01,2027-12-31,NET_30,ACTIVE
CONT-SUP-157,PTY-SUP-157,SUPPLIER_MASTER_AGREEMENT,2025-01-01,2027-12-31,NET_30,ACTIVE
CONT-SUP-158,PTY-SUP-158,SUPPLIER_MASTER_AGREEMENT,2025-01-01,2027-12-31,NET_30,ACTIVE
CONT-SUP-159,PTY-SUP-159,SUPPLIER_MASTER_AGREEMENT,2025-01-01,2027-12-31,NET_30,ACTIVE
CONT-SUP-160,PTY-SUP-160,SUPPLIER_MASTER_AGREEMENT,2025-01-01,2027-12-31,NET_30,ACTIVE
CONT-SUP-161,PTY-SUP-161,SUPPLIER_MASTER_AGREEMENT,2025-01-01,2027-12-31,NET_30,ACTIVE
CONT-SUP-162,PTY-SUP-162,SUPPLIER_MASTER_AGREEMENT,2025-01-01,2027-12-31,NET_30,ACTIVE
CONT-SUP-163,PTY-SUP-163,SUPPLIER_MASTER_AGREEMENT,2025-01-01,2027-12-31,NET_30,ACTIVE
CONT-SUP-164,PTY-SUP-164,SUPPLIER_MASTER_AGREEMENT,2025-01-01,2027-12-31,NET_30,ACTIVE
CONT-SUP-165,PTY-SUP-165,SUPPLIER_MASTER_AGREEMENT,2025-01-01,2027-12-31,NET_30,ACTIVE
CONT-SUP-166,PTY-SUP-166,SUPPLIER_MASTER_AGREEMENT,2025-01-01,2027-12-31,NET_30,ACTIVE
CONT-SUP-167,PTY-SUP-167,SUPPLIER_MASTER_AGREEMENT,2025-01-01,2027-12-31,NET_30,ACTIVE
CONT-SUP-168,PTY-SUP-168,SUPPLIER_MASTER_AGREEMENT,2025-01-01,2027-12-31,NET_30,ACTIVE
CONT-SUP-169,PTY-SUP-169,SUPPLIER_MASTER_AGREEMENT,2025-01-01,2027-12-31,NET_30,ACTIVE
CONT-SUP-170,PTY-SUP-170,SUPPLIER_MASTER_AGREEMENT,2025-01-01,2027-12-31,NET_30,ACTIVE
CONT-SUP-171,PTY-SUP-171,SUPPLIER_MASTER_AGREEMENT,2025-01-01,2027-12-31,NET_30,ACTIVE
CONT-SUP-172,PTY-SUP-172,SUPPLIER_MASTER_AGREEMENT,2025-01-01,2027-12-31,NET_30,ACTIVE
CONT-SUP-173,PTY-SUP-173,SUPPLIER_MASTER_AGREEMENT,2025-01-01,2027-12-31,NET_30,ACTIVE
CONT-SUP-174,PTY-SUP-174,SUPPLIER_MASTER_AGREEMENT,2025-01-01,2027-12-31,NET_30,ACTIVE
CONT-SUP-175,PTY-SUP-175,SUPPLIER_MASTER_AGREEMENT,2025-01-01,2027-12-31,NET_30,ACTIVE
CONT-SUP-176,PTY-SUP-176,SUPPLIER_MASTER_AGREEMENT,2025-01-01,2027-12-31,NET_30,ACTIVE
CONT-SUP-177,PTY-SUP-177,SUPPLIER_MASTER_AGREEMENT,2025-01-01,2027-12-31,NET_30,ACTIVE
CONT-SUP-178,PTY-SUP-178,SUPPLIER_MASTER_AGREEMENT,2025-01-01,2027-12-31,NET_30,ACTIVE
CONT-SUP-179,PTY-SUP-179,SUPPLIER_MASTER_AGREEMENT,2025-01-01,2027-12-31,NET_30,ACTIVE
CONT-SUP-180,PTY-SUP-180,SUPPLIER_MASTER_AGREEMENT,2025-01-01,2027-12-31,NET_30,ACTIVE
CONT-SUP-181,PTY-SUP-181,SUPPLIER_MASTER_AGREEMENT,2025-01-01,2027-12-31,NET_30,ACTIVE
CONT-SUP-182,PTY-SUP-182,SUPPLIER_MASTER_AGREEMENT,2025-01-01,2027-12-31,NET_30,ACTIVE
CONT-SUP-183,PTY-SUP-183,SUPPLIER_MASTER_AGREEMENT,2025-01-01,2027-12-31,NET_30,ACTIVE
CONT-SUP-184,PTY-SUP-184,SUPPLIER_MASTER_AGREEMENT,2025-01-01,2027-12-31,NET_30,ACTIVE
CONT-SUP-185,PTY-SUP-185,SUPPLIER_MASTER_AGREEMENT,2025-01-01,2027-12-31,NET_30,ACTIVE
CONT-SUP-186,PTY-SUP-186,SUPPLIER_MASTER_AGREEMENT,2025-01-01,2027-12-31,NET_30,ACTIVE
CONT-SUP-187,PTY-SUP-187,SUPPLIER_MASTER_AGREEMENT,2025-01-01,2027-12-31,NET_30,ACTIVE
CONT-SUP-188,PTY-SUP-188,SUPPLIER_MASTER_AGREEMENT,2025-01-01,2027-12-31,NET_30,ACTIVE
CONT-SUP-189,PTY-SUP-189,SUPPLIER_MASTER_AGREEMENT,2025-01-01,2027-12-31,NET_30,ACTIVE
CONT-SUP-190,PTY-SUP-190,SUPPLIER_MASTER_AGREEMENT,2025-01-01,2027-12-31,NET_30,ACTIVE
CONT-SUP-191,PTY-SUP-191,SUPPLIER_MASTER_AGREEMENT,2025-01-01,2027-12-31,NET_30,ACTIVE
CONT-SUP-192,PTY-SUP-192,SUPPLIER_MASTER_AGREEMENT,2025-01-01,2027-12-31,NET_30,ACTIVE
CONT-SUP-193,PTY-SUP-193,SUPPLIER_MASTER_AGREEMENT,2025-01-01,2027-12-31,NET_30,ACTIVE
CONT-SUP-194,PTY-SUP-194,SUPPLIER_MASTER_AGREEMENT,2025-01-01,2027-12-31,NET_30,ACTIVE
CONT-SUP-195,PTY-SUP-195,SUPPLIER_MASTER_AGREEMENT,2025-01-01,2027-12-31,NET_30,ACTIVE
CONT-SUP-196,PTY-SUP-196,SUPPLIER_MASTER_AGREEMENT,2025-01-01,2027-12-31,NET_30,ACTIVE
CONT-SUP-197,PTY-SUP-197,SUPPLIER_MASTER_AGREEMENT,2025-01-01,2027-12-31,NET_30,ACTIVE
CONT-SUP-198,PTY-SUP-198,SUPPLIER_MASTER_AGREEMENT,2025-01-01,2027-12-31,NET_30,ACTIVE
CONT-SUP-199,PTY-SUP-199,SUPPLIER_MASTER_AGREEMENT,2025-01-01,2027-12-31,NET_30,ACTIVE
CONT-SUP-200,PTY-SUP-200,SUPPLIER_MASTER_AGREEMENT,2025-01-01,2027-12-31,NET_30,ACTIVE
CONT-CARR-001,PTY-CARR-001,CARRIER_SERVICE_AGREEMENT,2025-01-01,2027-12-31,NET_30,ACTIVE
CONT-CARR-002,PTY-CARR-002,CARRIER_SERVICE_AGREEMENT,2025-01-01,2027-12-31,NET_30,ACTIVE
CONT-CARR-003,PTY-CARR-003,CARRIER_SERVICE_AGREEMENT,2025-01-01,2027-12-31,NET_30,ACTIVE
CONT-CARR-004,PTY-CARR-004,CARRIER_SERVICE_AGREEMENT,2025-01-01,2027-12-31,NET_30,ACTIVE
CONT-CARR-005,PTY-CARR-005,CARRIER_SERVICE_AGREEMENT,2025-01-01,2027-12-31,NET_30,ACTIVE
CONT-CARR-006,PTY-CARR-006,CARRIER_SERVICE_AGREEMENT,2025-01-01,2027-12-31,NET_30,ACTIVE
CONT-CARR-007,PTY-CARR-007,CARRIER_SERVICE_AGREEMENT,2025-01-01,2027-12-31,NET_30,ACTIVE
CONT-CARR-008,PTY-CARR-008,CARRIER_SERVICE_AGREEMENT,2025-01-01,2027-12-31,NET_30,ACTIVE
CONT-CARR-009,PTY-CARR-009,CARRIER_SERVICE_AGREEMENT,2025-01-01,2027-12-31,NET_30,ACTIVE
CONT-CARR-010,PTY-CARR-010,CARRIER_SERVICE_AGREEMENT,2025-01-01,2027-12-31,NET_30,ACTIVE
CONT-CARR-011,PTY-CARR-011,CARRIER_SERVICE_AGREEMENT,2025-01-01,2027-12-31,NET_30,ACTIVE
CONT-CARR-012,PTY-CARR-012,CARRIER_SERVICE_AGREEMENT,2025-01-01,2027-12-31,NET_30,ACTIVE
CONT-CARR-013,PTY-CARR-013,CARRIER_SERVICE_AGREEMENT,2025-01-01,2027-12-31,NET_30,ACTIVE
CONT-CARR-014,PTY-CARR-014,CARRIER_SERVICE_AGREEMENT,2025-01-01,2027-12-31,NET_30,ACTIVE
CONT-CARR-015,PTY-CARR-015,CARRIER_SERVICE_AGREEMENT,2025-01-01,2027-12-31,NET_30,ACTIVE
CONT-CARR-016,PTY-CARR-016,CARRIER_SERVICE_AGREEMENT,2025-01-01,2027-12-31,NET_30,ACTIVE
CONT-CARR-017,PTY-CARR-017,CARRIER_SERVICE_AGREEMENT,2025-01-01,2027-12-31,NET_30,ACTIVE
CONT-CARR-018,PTY-CARR-018,CARRIER_SERVICE_AGREEMENT,2025-01-01,2027-12-31,NET_30,ACTIVE
CONT-CARR-019,PTY-CARR-019,CARRIER_SERVICE_AGREEMENT,2025-01-01,2027-12-31,NET_30,ACTIVE
CONT-CARR-020,PTY-CARR-020,CARRIER_SERVICE_AGREEMENT,2025-01-01,2027-12-31,NET_30,ACTIVE
CONT-CARR-021,PTY-CARR-021,CARRIER_SERVICE_AGREEMENT,2025-01-01,2027-12-31,NET_30,ACTIVE
CONT-CARR-022,PTY-CARR-022,CARRIER_SERVICE_AGREEMENT,2025-01-01,2027-12-31,NET_30,ACTIVE
CONT-CARR-023,PTY-CARR-023,CARRIER_SERVICE_AGREEMENT,2025-01-01,2027-12-31,NET_30,ACTIVE
CONT-CARR-024,PTY-CARR-024,CARRIER_SERVICE_AGREEMENT,2025-01-01,2027-12-31,NET_30,ACTIVE
CONT-CARR-025,PTY-CARR-025,CARRIER_SERVICE_AGREEMENT,2025-01-01,2027-12-31,NET_30,ACTIVE
