Section,Subsection
Furniture,Dining
Bags & Luggage,General
Bakery & Confectionery,Chocolate
Safety & Security,General
Footwear,Men
Footwear,Women
Home Furnishings & Decor,Textiles
Apparel — Children,Boys
Collectibles & Specialty Merchandise,General
Home Appliances,Kitchen
Beverages,Coffee
Apparel — Children,Girls
Kitchen & Dining,Specialty
Painting & Decoration Materials,General
Household Cleaning,Cleaning Tools
Travel Products,General
Hardware & Home Improvement,Safety
Digital Non-Physical Retail Items,General
Books,Academic
"Meat, Seafood & Protein",Seafood
Computing & Mobile,Mobile Accessories
Beverages,Soft Drinks
Footwear,Shoe Accessories
Jewellery,Fashion
Festival & Seasonal,Halloween
Musical Instruments,Accessories
Fresh Produce,Organic / Premium Produce
"Health, Wellness & Pharmacy",Otc Health
Kitchen & Dining,Bakeware
Baby & Maternity,Baby Feeding
Electrical & Lighting,Electrical
Sports & Fitness,Combat
Grocery & Food Staples,Pulses & Legumes
Apparel — Men,Upper Body
Toys,Infant
Festival & Seasonal,Christmas
Toys,Creative
Hardware & Home Improvement,Adhesives
Services Sold Through The Retail Complex,Food
Apparel — Women,Indian/Traditional
Frozen & Ready-To-Eat,General
Apparel — Women,Innerwear
Personal Care,Oral Care
Automotive,Maintenance
Premium & Luxury Goods,General
Flowers & Floral Products,General
Baby & Maternity,Baby Equipment
Beauty & Cosmetics,Nail Care
Beauty & Cosmetics,Skincare
Books,Children
Beverages,Juices
Festival & Seasonal,Seasonal
Home Appliances,Laundry
Pets & Pet Supplies,Grooming
Services Sold Through The Retail Complex,Personal Services
Specialty Professional Light-Commercial Goods,Workshop
Regulated Controlled Merchandise,General
Services Sold Through The Retail Complex,Technology
Kitchen & Dining,Dining
Smart Home & Connected Devices,General
Garden & Outdoor Living,Outdoor Living
"Meat, Seafood & Protein",Fish
Entertainment & Media,General
"Sewing, Textile & Craft Supplies",General
Pets & Pet Supplies,Habitat
Specialty Professional Light-Commercial Goods,Hospitality
Sports & Fitness,Outdoor
Musical Instruments,General
Entertainment Experience Businesses,General
Apparel — Men,Sleepwear
Sports & Fitness,Running
Garden & Outdoor Living,Plants
Personal Care,Hygiene
Stationery & Office Supplies,Writing
Toys,Educational
Services Sold Through The Retail Complex,Home Services
Fresh Produce,Fruits
Baby & Maternity,Baby Bathing
Computing & Mobile,Networking
Games & Puzzles,Board Games
Kitchen & Dining,Kitchen Tools
"Meat, Seafood & Protein",Meat
Beverages,Drink Mixes
"Health, Wellness & Pharmacy",Medical Supplies
Hardware & Home Improvement,Power Tools
Beauty & Cosmetics,Fragrance
Automotive,Car Electronics
Apparel — Men,Lower Body
Plumbing & Building Supplies,General
Office & Business Consumables,General
Pets & Pet Supplies,Food
Household Cleaning,Surface Cleaning
Automotive,Emergency
Fashion Accessories,General
Kitchen & Dining,Storage
Services Sold Through The Retail Complex,Automotive
Apparel — Women,Activewear
Art & Decorative Goods,General
Grocery & Food Staples,Spices
Automotive,Motorcycles
Food & Beverage Outlets Within The Complex,General
"Hobbies, Arts & Crafts",Diy
Festival & Seasonal,New Year
Grocery & Food Staples,Salt & Sweeteners
Personal Care,Hair
Snacks,General
Sports & Fitness,Gym
Automotive,Accessories
Toys,Action & Character
Footwear,Specialty
Home Furnishings & Decor,Soft Furnishings
Party & Celebration,Birthdays
Beverages,Energy & Sports Drinks
Bicycles & Personal Mobility,General
Bakery & Confectionery,Biscuits & Cookies
Party & Celebration,Entertainment
Apparel — Men,Innerwear
Apparel — Women,Sleepwear
Beauty & Cosmetics,Beauty Tools
Books,Fiction
Electrical & Lighting,Lighting
Furniture,Outdoor
Apparel — Children,Infant
Sleep & Wellness Lifestyle,General
Personal Care,Shaving
Fresh Produce,Fresh Herbs
Specialty Professional Light-Commercial Goods,Cleaning
Beauty & Cosmetics,Makeup
Baby & Maternity,Diapering
Hardware & Home Improvement,Fasteners
Hardware & Home Improvement,Hand Tools
Dairy & Refrigerated Products,Specialty Dairy
Household Cleaning,Dishwashing
Apparel — Women,General
Apparel — Men,Traditional
Books,Nonfiction
Grocery & Food Staples,Flours & Baking Ingredients
"Hobbies, Arts & Crafts",Collecting
Kitchen & Dining,Cookware
Computing & Mobile,Mobile
Stationery & Office Supplies,Office
Stationery & Office Supplies,Desk Accessories
Toys,Pretend Play
Furniture,Children'S
Consumer Electronics,Accessories
Furniture,Bedroom
"Meat, Seafood & Protein",Processed Protein
Pets & Pet Supplies,Accessories
Home Furnishings & Decor,Decor
Baby & Maternity,Baby Clothing
Stationery & Office Supplies,Paper
Games & Puzzles,Electronic
"Paper, Disposable & Consumable Household Goods",General
Computing & Mobile,Computers
Grocery & Food Staples,Grains & Cereals
Festival & Seasonal,Easter
Specialized Accessibility Assistive Goods,General
Footwear,Children
"Hobbies, Arts & Crafts",Art
Religious & Cultural Products,General
Games & Puzzles,Card Games
Grocery & Food Staples,Sauces & Condiments
Gifts & Lifestyle,General
Jewellery,Precious
Watches & Timepieces,General
"Health, Wellness & Pharmacy",Wellness
Home Appliances,Climate
Baby & Maternity,Maternity
Dairy & Refrigerated Products,Refrigerated Foods
Home Furnishings & Decor,Floor Coverings
Sports & Fitness,Racquet Sports
Electrical & Lighting,Backup Power
Specialty Professional Light-Commercial Goods,Small Business
Beverages,Water
Household Cleaning,Laundry
Fresh Produce,Vegetables
Bakery & Confectionery,Bakery
Garden & Outdoor Living,Gardening Supplies
Apparel — Children,Specialty
Furniture,Office
Packaging & Shipping Supplies,General
Consumer Electronics,General
Computing & Mobile,Peripherals
Furniture,Living Room
Automotive,Consumables
Bakery & Confectionery,Candy & Sweets
Jewellery,Accessories
Dairy & Refrigerated Products,Dairy
"Hobbies, Arts & Crafts",Craft
Sports & Fitness,Team Sports
Solar & Sustainability Products,General
Festival & Seasonal,Indian Festivals
Festival & Seasonal,Valentine'S
Beverages,Tea
Grocery & Food Staples,Oils & Fats
Fresh Produce,Leafy Greens
Games & Puzzles,Puzzles
"Meat, Seafood & Protein",Eggs
Party & Celebration,Events
Personal Care,Bath
