FAMILY_ID,SUBCATEGORY_ID,FAMILY_NAME
FAM-00001,SUBCAT-0001,T-shirts
FAM-00002,SUBCAT-0001,Shirts
FAM-00003,SUBCAT-0001,Pants
FAM-00004,SUBCAT-0001,Jeans
FAM-00005,SUBCAT-0001,Shorts
FAM-00006,SUBCAT-0001,Jackets
FAM-00007,SUBCAT-0001,Schoolwear
FAM-00008,SUBCAT-0001,Ethnic wear
FAM-00009,SUBCAT-0002,Dresses
FAM-00010,SUBCAT-0002,Tops
FAM-00011,SUBCAT-0002,Skirts
FAM-00012,SUBCAT-0002,Leggings
FAM-00013,SUBCAT-0002,Jeans
FAM-00014,SUBCAT-0002,Jackets
FAM-00015,SUBCAT-0002,Ethnic wear
FAM-00016,SUBCAT-0003,Bodysuits
FAM-00017,SUBCAT-0003,Rompers
FAM-00018,SUBCAT-0003,Sleepwear
FAM-00019,SUBCAT-0003,Winterwear
FAM-00020,SUBCAT-0004,School uniforms
FAM-00021,SUBCAT-0004,Character clothing
FAM-00022,SUBCAT-0004,Costume wear
FAM-00023,SUBCAT-0004,Swimwear
FAM-00024,SUBCAT-0005,T-shirts
FAM-00025,SUBCAT-0005,Shirts
FAM-00026,SUBCAT-0005,Polo shirts
FAM-00027,SUBCAT-0005,Sweatshirts
FAM-00028,SUBCAT-0005,Hoodies
FAM-00029,SUBCAT-0005,Sweaters
FAM-00030,SUBCAT-0005,Jackets
FAM-00031,SUBCAT-0005,Coats
FAM-00032,SUBCAT-0005,Blazers
FAM-00033,SUBCAT-0005,Suits
FAM-00034,SUBCAT-0005,Ethnic wear
FAM-00035,SUBCAT-0006,Jeans
FAM-00036,SUBCAT-0006,Trousers
FAM-00037,SUBCAT-0006,Chinos
FAM-00038,SUBCAT-0006,Shorts
FAM-00039,SUBCAT-0006,Track pants
FAM-00040,SUBCAT-0006,Formal pants
FAM-00041,SUBCAT-0006,Traditional bottoms
FAM-00042,SUBCAT-0007,Briefs
FAM-00043,SUBCAT-0007,Boxers
FAM-00044,SUBCAT-0007,Undershirts
FAM-00045,SUBCAT-0007,Thermal wear
FAM-00046,SUBCAT-0008,Night suits
FAM-00047,SUBCAT-0008,Pajamas
FAM-00048,SUBCAT-0008,Robes
FAM-00049,SUBCAT-0009,Kurta
FAM-00050,SUBCAT-0009,Sherwani
FAM-00051,SUBCAT-0009,Dhoti
FAM-00052,SUBCAT-0009,Veshti
FAM-00053,SUBCAT-0009,Ethnic sets
FAM-00054,SUBCAT-0010,T-shirts
FAM-00055,SUBCAT-0010,Shirts
FAM-00056,SUBCAT-0010,Tops
FAM-00057,SUBCAT-0010,Blouses
FAM-00058,SUBCAT-0010,Dresses
FAM-00059,SUBCAT-0010,Skirts
FAM-00060,SUBCAT-0010,Jeans
FAM-00061,SUBCAT-0010,Trousers
FAM-00062,SUBCAT-0010,Leggings
FAM-00063,SUBCAT-0010,Shorts
FAM-00064,SUBCAT-0010,Jumpsuits
FAM-00065,SUBCAT-0010,Jackets
FAM-00066,SUBCAT-0010,Coats
FAM-00067,SUBCAT-0010,Blazers
FAM-00068,SUBCAT-0011,Sarees
FAM-00069,SUBCAT-0011,Salwar suits
FAM-00070,SUBCAT-0011,Kurtis
FAM-00071,SUBCAT-0011,Lehengas
FAM-00072,SUBCAT-0011,Anarkalis
FAM-00073,SUBCAT-0011,Churidars
FAM-00074,SUBCAT-0011,Dupattas
FAM-00075,SUBCAT-0011,Blouses
FAM-00076,SUBCAT-0012,Bras
FAM-00077,SUBCAT-0012,Briefs
FAM-00078,SUBCAT-0012,Shapewear
FAM-00079,SUBCAT-0012,Camisoles
FAM-00080,SUBCAT-0012,Thermals
FAM-00081,SUBCAT-0013,Night suits
FAM-00082,SUBCAT-0013,Pajamas
FAM-00083,SUBCAT-0013,Robes
FAM-00084,SUBCAT-0014,Sports bras
FAM-00085,SUBCAT-0014,Yoga wear
FAM-00086,SUBCAT-0014,Gym wear
FAM-00087,SUBCAT-0014,Running wear
FAM-00088,SUBCAT-0015,Paintings
FAM-00089,SUBCAT-0015,Prints
FAM-00090,SUBCAT-0015,Sculptures
FAM-00091,SUBCAT-0015,Wall art
FAM-00092,SUBCAT-0015,Handicrafts
FAM-00093,SUBCAT-0015,Ceramic art
FAM-00094,SUBCAT-0015,Glass art
FAM-00095,SUBCAT-0015,Woodcraft
FAM-00096,SUBCAT-0015,Metalcraft
FAM-00097,SUBCAT-0015,Handmade decor
FAM-00098,SUBCAT-0015,Artisan products
FAM-00099,SUBCAT-0016,Engine oils
FAM-00100,SUBCAT-0016,Coolants
FAM-00101,SUBCAT-0016,Brake fluids
FAM-00102,SUBCAT-0016,Cleaning chemicals
FAM-00103,SUBCAT-0017,Car mats
FAM-00104,SUBCAT-0017,Seat covers
FAM-00105,SUBCAT-0017,Steering covers
FAM-00106,SUBCAT-0017,Sunshades
FAM-00107,SUBCAT-0017,Phone holders
FAM-00108,SUBCAT-0017,Organizers
FAM-00109,SUBCAT-0018,Wipers
FAM-00110,SUBCAT-0018,Bulbs
FAM-00111,SUBCAT-0018,Fuses
FAM-00112,SUBCAT-0018,Batteries
FAM-00113,SUBCAT-0018,Spark plugs
FAM-00114,SUBCAT-0018,Cleaning kits
FAM-00115,SUBCAT-0019,First-aid kits
FAM-00116,SUBCAT-0019,Warning triangles
FAM-00117,SUBCAT-0019,Jumper cables
FAM-00118,SUBCAT-0019,Emergency tools
FAM-00119,SUBCAT-0020,Dashcams
FAM-00120,SUBCAT-0020,Car stereos
FAM-00121,SUBCAT-0020,Parking sensors
FAM-00122,SUBCAT-0020,Tire-pressure monitors
FAM-00123,SUBCAT-0020,Chargers
FAM-00124,SUBCAT-0021,Helmets
FAM-00125,SUBCAT-0021,Gloves
FAM-00126,SUBCAT-0021,Riding jackets
FAM-00127,SUBCAT-0021,Accessories
FAM-00128,SUBCAT-0022,Feeding bottles
FAM-00129,SUBCAT-0022,Bottle sterilizers
FAM-00130,SUBCAT-0022,Breast pumps
FAM-00131,SUBCAT-0022,Formula
FAM-00132,SUBCAT-0022,Baby food
FAM-00133,SUBCAT-0022,Bibs
FAM-00134,SUBCAT-0022,Sippy cups
FAM-00135,SUBCAT-0023,Diapers
FAM-00136,SUBCAT-0023,Cloth diapers
FAM-00137,SUBCAT-0023,Wipes
FAM-00138,SUBCAT-0023,Changing mats
FAM-00139,SUBCAT-0023,Diaper bags
FAM-00140,SUBCAT-0023,Diaper creams
FAM-00141,SUBCAT-0024,Baby shampoo
FAM-00142,SUBCAT-0024,Baby soap
FAM-00143,SUBCAT-0024,Lotion
FAM-00144,SUBCAT-0024,Powder
FAM-00145,SUBCAT-0024,Towels
FAM-00146,SUBCAT-0025,Onesies
FAM-00147,SUBCAT-0025,Rompers
FAM-00148,SUBCAT-0025,Sleepsuits
FAM-00149,SUBCAT-0025,Socks
FAM-00150,SUBCAT-0025,Caps
FAM-00151,SUBCAT-0025,Jackets
FAM-00152,SUBCAT-0026,Strollers
FAM-00153,SUBCAT-0026,Cribs
FAM-00154,SUBCAT-0026,High chairs
FAM-00155,SUBCAT-0026,Car seats
FAM-00156,SUBCAT-0026,Baby carriers
FAM-00157,SUBCAT-0026,Baby monitors
FAM-00158,SUBCAT-0027,Maternity clothing
FAM-00159,SUBCAT-0027,Nursing clothing
FAM-00160,SUBCAT-0027,Maternity support products
FAM-00161,SUBCAT-0027,Nursing accessories
FAM-00162,SUBCAT-0028,Backpacks
FAM-00163,SUBCAT-0028,School bags
FAM-00164,SUBCAT-0028,Laptop bags
FAM-00165,SUBCAT-0028,Handbags
FAM-00166,SUBCAT-0028,Shoulder bags
FAM-00167,SUBCAT-0028,Sling bags
FAM-00168,SUBCAT-0028,Tote bags
FAM-00169,SUBCAT-0028,Duffel bags
FAM-00170,SUBCAT-0028,Travel bags
FAM-00171,SUBCAT-0028,Suitcases
FAM-00172,SUBCAT-0028,Cabin luggage
FAM-00173,SUBCAT-0028,Trunks
FAM-00174,SUBCAT-0028,Briefcases
FAM-00175,SUBCAT-0028,Wallets
FAM-00176,SUBCAT-0028,Passport holders
FAM-00177,SUBCAT-0028,Travel organizers
FAM-00178,SUBCAT-0029,Bread
FAM-00179,SUBCAT-0029,Buns
FAM-00180,SUBCAT-0029,Rolls
FAM-00181,SUBCAT-0029,Croissants
FAM-00182,SUBCAT-0029,Muffins
FAM-00183,SUBCAT-0029,Cakes
FAM-00184,SUBCAT-0029,Cupcakes
FAM-00185,SUBCAT-0029,Pastries
FAM-00186,SUBCAT-0029,Donuts
FAM-00187,SUBCAT-0029,Cookies
FAM-00188,SUBCAT-0029,Pies
FAM-00189,SUBCAT-0029,Tarts
FAM-00190,SUBCAT-0030,Cream biscuits
FAM-00191,SUBCAT-0030,Digestive biscuits
FAM-00192,SUBCAT-0030,Crackers
FAM-00193,SUBCAT-0030,Cookies
FAM-00194,SUBCAT-0030,Wafer biscuits
FAM-00195,SUBCAT-0030,Premium cookies
FAM-00196,SUBCAT-0030,Imported biscuits
FAM-00197,SUBCAT-0031,Chocolate bars
FAM-00198,SUBCAT-0031,Dark chocolate
FAM-00199,SUBCAT-0031,Milk chocolate
FAM-00200,SUBCAT-0031,White chocolate
FAM-00201,SUBCAT-0031,Truffles
FAM-00202,SUBCAT-0031,Pralines
FAM-00203,SUBCAT-0031,Boxed chocolates
FAM-00204,SUBCAT-0031,Premium chocolates
FAM-00205,SUBCAT-0031,Baking chocolate
FAM-00206,SUBCAT-0032,Hard candy
FAM-00207,SUBCAT-0032,Gummies
FAM-00208,SUBCAT-0032,Toffees
FAM-00209,SUBCAT-0032,Lollipops
FAM-00210,SUBCAT-0032,Marshmallows
FAM-00211,SUBCAT-0032,Traditional sweets
FAM-00212,SUBCAT-0032,Festival sweets
FAM-00213,SUBCAT-0033,Foundation
FAM-00214,SUBCAT-0033,Concealer
FAM-00215,SUBCAT-0033,Powder
FAM-00216,SUBCAT-0033,Blush
FAM-00217,SUBCAT-0033,Bronzer
FAM-00218,SUBCAT-0033,Highlighter
FAM-00219,SUBCAT-0033,Eyeliner
FAM-00220,SUBCAT-0033,Mascara
FAM-00221,SUBCAT-0033,Eye shadow
FAM-00222,SUBCAT-0033,Lipstick
FAM-00223,SUBCAT-0033,Lip gloss
FAM-00224,SUBCAT-0033,Lip balm
FAM-00225,SUBCAT-0033,Makeup remover
FAM-00226,SUBCAT-0034,Face wash
FAM-00227,SUBCAT-0034,Moisturizer
FAM-00228,SUBCAT-0034,Sunscreen
FAM-00229,SUBCAT-0034,Serum
FAM-00230,SUBCAT-0034,Toner
FAM-00231,SUBCAT-0034,Face masks
FAM-00232,SUBCAT-0034,Anti-aging products
FAM-00233,SUBCAT-0035,Nail polish
FAM-00234,SUBCAT-0035,Nail remover
FAM-00235,SUBCAT-0035,Nail tools
FAM-00236,SUBCAT-0035,Nail extensions
FAM-00237,SUBCAT-0036,Perfume
FAM-00238,SUBCAT-0036,Eau de parfum
FAM-00239,SUBCAT-0036,Cologne
FAM-00240,SUBCAT-0036,Body mist
FAM-00241,SUBCAT-0036,Attar
FAM-00242,SUBCAT-0037,Hair dryers
FAM-00243,SUBCAT-0037,Curlers
FAM-00244,SUBCAT-0037,Straighteners
FAM-00245,SUBCAT-0037,Hair brushes
FAM-00246,SUBCAT-0037,Makeup brushes
FAM-00247,SUBCAT-0037,Mirrors
FAM-00248,SUBCAT-0037,Facial tools
FAM-00249,SUBCAT-0038,Bottled water
FAM-00250,SUBCAT-0038,Mineral water
FAM-00251,SUBCAT-0038,Sparkling water
FAM-00252,SUBCAT-0038,Flavoured water
FAM-00253,SUBCAT-0039,Cola
FAM-00254,SUBCAT-0039,Lemon/lime drinks
FAM-00255,SUBCAT-0039,Orange drinks
FAM-00256,SUBCAT-0039,Soda
FAM-00257,SUBCAT-0039,Tonic water
FAM-00258,SUBCAT-0040,Fruit juice
FAM-00259,SUBCAT-0040,Vegetable juice
FAM-00260,SUBCAT-0040,Cold-pressed juice
FAM-00261,SUBCAT-0040,Juice concentrates
FAM-00262,SUBCAT-0040,Nectar
FAM-00263,SUBCAT-0041,Energy drinks
FAM-00264,SUBCAT-0041,Electrolyte drinks
FAM-00265,SUBCAT-0041,Sports drinks
FAM-00266,SUBCAT-0042,Tea bags
FAM-00267,SUBCAT-0042,Loose tea
FAM-00268,SUBCAT-0042,Green tea
FAM-00269,SUBCAT-0042,Black tea
FAM-00270,SUBCAT-0042,Herbal tea
FAM-00271,SUBCAT-0042,Specialty tea
FAM-00272,SUBCAT-0043,Instant coffee
FAM-00273,SUBCAT-0043,Ground coffee
FAM-00274,SUBCAT-0043,Beans
FAM-00275,SUBCAT-0043,Cold brew
FAM-00276,SUBCAT-0043,Capsules
FAM-00277,SUBCAT-0043,Specialty coffee
FAM-00278,SUBCAT-0044,Milk powders
FAM-00279,SUBCAT-0044,Cocoa drinks
FAM-00280,SUBCAT-0044,Health drinks
FAM-00281,SUBCAT-0044,Protein drinks
FAM-00282,SUBCAT-0044,Syrups
FAM-00283,SUBCAT-0044,Concentrates
FAM-00284,SUBCAT-0045,Bicycles
FAM-00285,SUBCAT-0045,Mountain bikes
FAM-00286,SUBCAT-0045,Road bikes
FAM-00287,SUBCAT-0045,Kids' bikes
FAM-00288,SUBCAT-0045,E-bikes
FAM-00289,SUBCAT-0045,Scooters
FAM-00290,SUBCAT-0045,Skateboards
FAM-00291,SUBCAT-0045,Roller skates
FAM-00292,SUBCAT-0045,Protective helmets
FAM-00293,SUBCAT-0045,Knee/elbow protection
FAM-00294,SUBCAT-0045,Bicycle lights
FAM-00295,SUBCAT-0045,Pumps
FAM-00296,SUBCAT-0045,Locks
FAM-00297,SUBCAT-0045,Repair kits
FAM-00298,SUBCAT-0046,Romance
FAM-00299,SUBCAT-0046,Mystery
FAM-00300,SUBCAT-0046,Thriller
FAM-00301,SUBCAT-0046,Fantasy
FAM-00302,SUBCAT-0046,Science fiction
FAM-00303,SUBCAT-0046,Literary fiction
FAM-00304,SUBCAT-0046,Young adult
FAM-00305,SUBCAT-0047,Business
FAM-00306,SUBCAT-0047,Technology
FAM-00307,SUBCAT-0047,Science
FAM-00308,SUBCAT-0047,History
FAM-00309,SUBCAT-0047,Psychology
FAM-00310,SUBCAT-0047,Philosophy
FAM-00311,SUBCAT-0047,Self-help
FAM-00312,SUBCAT-0047,Biography
FAM-00313,SUBCAT-0047,Travel
FAM-00314,SUBCAT-0047,Cooking
FAM-00315,SUBCAT-0048,Picture books
FAM-00316,SUBCAT-0048,Story books
FAM-00317,SUBCAT-0048,Activity books
FAM-00318,SUBCAT-0048,Educational books
FAM-00319,SUBCAT-0049,Textbooks
FAM-00320,SUBCAT-0049,Reference books
FAM-00321,SUBCAT-0049,Competitive-exam books
FAM-00322,SUBCAT-0049,Professional books
FAM-00323,SUBCAT-0050,Coins
FAM-00324,SUBCAT-0050,Stamps
FAM-00325,SUBCAT-0050,Trading cards
FAM-00326,SUBCAT-0050,Sports memorabilia
FAM-00327,SUBCAT-0050,Movie memorabilia
FAM-00328,SUBCAT-0050,Signed items
FAM-00329,SUBCAT-0050,Figurines
FAM-00330,SUBCAT-0050,Limited editions
FAM-00331,SUBCAT-0050,Art prints
FAM-00332,SUBCAT-0050,Collector toys
FAM-00333,SUBCAT-0050,Antiques where legally permissible
FAM-00334,SUBCAT-0051,Desktops
FAM-00335,SUBCAT-0051,Laptops
FAM-00336,SUBCAT-0051,Gaming laptops
FAM-00337,SUBCAT-0051,Mini PCs
FAM-00338,SUBCAT-0051,Workstations
FAM-00339,SUBCAT-0052,Keyboards
FAM-00340,SUBCAT-0052,Mice
FAM-00341,SUBCAT-0052,Monitors
FAM-00342,SUBCAT-0052,Webcams
FAM-00343,SUBCAT-0052,Printers
FAM-00344,SUBCAT-0052,Scanners
FAM-00345,SUBCAT-0052,Speakers
FAM-00346,SUBCAT-0052,Microphones
FAM-00347,SUBCAT-0053,Routers
FAM-00348,SUBCAT-0053,Mesh systems
FAM-00349,SUBCAT-0053,Modems
FAM-00350,SUBCAT-0053,Network cables
FAM-00351,SUBCAT-0053,Switches
FAM-00352,SUBCAT-0054,Smartphones
FAM-00353,SUBCAT-0054,Tablets
FAM-00354,SUBCAT-0054,Smart watches
FAM-00355,SUBCAT-0055,Cases
FAM-00356,SUBCAT-0055,Screen protectors
FAM-00357,SUBCAT-0055,Chargers
FAM-00358,SUBCAT-0055,Cables
FAM-00359,SUBCAT-0055,Wireless chargers
FAM-00360,SUBCAT-0055,Car chargers
FAM-00361,SUBCAT-0055,Stands
FAM-00362,SUBCAT-0055,Holders
FAM-00363,SUBCAT-0056,Televisions
FAM-00364,SUBCAT-0056,Soundbars
FAM-00365,SUBCAT-0056,Speakers
FAM-00366,SUBCAT-0056,Headphones
FAM-00367,SUBCAT-0056,Earphones
FAM-00368,SUBCAT-0056,Earbuds
FAM-00369,SUBCAT-0056,Home theatre systems
FAM-00370,SUBCAT-0056,Projectors
FAM-00371,SUBCAT-0056,Streaming devices
FAM-00372,SUBCAT-0056,Cameras
FAM-00373,SUBCAT-0056,Action cameras
FAM-00374,SUBCAT-0056,Drones
FAM-00375,SUBCAT-0056,Digital photo frames
FAM-00376,SUBCAT-0056,E-readers
FAM-00377,SUBCAT-0056,Smart home devices
FAM-00378,SUBCAT-0057,HDMI cables
FAM-00379,SUBCAT-0057,Chargers
FAM-00380,SUBCAT-0057,Power adapters
FAM-00381,SUBCAT-0057,Batteries
FAM-00382,SUBCAT-0057,Power banks
FAM-00383,SUBCAT-0057,Memory cards
FAM-00384,SUBCAT-0057,USB devices
FAM-00385,SUBCAT-0057,Remote controls
FAM-00386,SUBCAT-0058,Milk
FAM-00387,SUBCAT-0058,Curd
FAM-00388,SUBCAT-0058,Yogurt
FAM-00389,SUBCAT-0058,Greek yogurt
FAM-00390,SUBCAT-0058,Paneer
FAM-00391,SUBCAT-0058,Cheese
FAM-00392,SUBCAT-0058,Cream
FAM-00393,SUBCAT-0058,Butter
FAM-00394,SUBCAT-0058,Buttermilk
FAM-00395,SUBCAT-0058,Flavoured milk
FAM-00396,SUBCAT-0059,Vegan milk alternatives
FAM-00397,SUBCAT-0059,Almond milk
FAM-00398,SUBCAT-0059,Soy milk
FAM-00399,SUBCAT-0059,Oat milk
FAM-00400,SUBCAT-0059,Coconut milk
FAM-00401,SUBCAT-0059,Plant-based cheese
FAM-00402,SUBCAT-0059,Plant-based yogurt
FAM-00403,SUBCAT-0060,Dips
FAM-00404,SUBCAT-0060,Hummus
FAM-00405,SUBCAT-0060,Fresh pasta
FAM-00406,SUBCAT-0060,Prepared salads
FAM-00407,SUBCAT-0060,Sandwiches
FAM-00408,SUBCAT-0060,Ready meals
FAM-00409,SUBCAT-0060,Fresh juices
FAM-00410,SUBCAT-0061,Gift cards
FAM-00411,SUBCAT-0061,Store credit
FAM-00412,SUBCAT-0061,Digital subscriptions
FAM-00413,SUBCAT-0061,Game cards
FAM-00414,SUBCAT-0061,Streaming vouchers
FAM-00415,SUBCAT-0061,Software licences
FAM-00416,SUBCAT-0061,E-books
FAM-00417,SUBCAT-0061,Digital memberships
FAM-00418,SUBCAT-0061,Event tickets
FAM-00419,SUBCAT-0061,Service vouchers
FAM-00420,SUBCAT-0061,Warranty extensions
FAM-00421,SUBCAT-0061,Installation packages
FAM-00422,SUBCAT-0062,LED bulbs
FAM-00423,SUBCAT-0062,Tube lights
FAM-00424,SUBCAT-0062,Decorative lighting
FAM-00425,SUBCAT-0062,Ceiling lights
FAM-00426,SUBCAT-0062,Lamps
FAM-00427,SUBCAT-0062,Floor lamps
FAM-00428,SUBCAT-0062,Outdoor lights
FAM-00429,SUBCAT-0062,Solar lighting
FAM-00430,SUBCAT-0063,Switches
FAM-00431,SUBCAT-0063,Sockets
FAM-00432,SUBCAT-0063,Extension boards
FAM-00433,SUBCAT-0063,Cables
FAM-00434,SUBCAT-0063,Plugs
FAM-00435,SUBCAT-0063,Adapters
FAM-00436,SUBCAT-0063,Circuit breakers
FAM-00437,SUBCAT-0064,UPS
FAM-00438,SUBCAT-0064,Inverters
FAM-00439,SUBCAT-0064,Batteries
FAM-00440,SUBCAT-0064,Solar backup products
FAM-00441,SUBCAT-0065,Cinema
FAM-00442,SUBCAT-0065,Gaming zone
FAM-00443,SUBCAT-0065,Arcade
FAM-00444,SUBCAT-0065,Bowling
FAM-00445,SUBCAT-0065,Children's play area
FAM-00446,SUBCAT-0065,Trampoline park
FAM-00447,SUBCAT-0065,VR experience
FAM-00448,SUBCAT-0065,Escape room
FAM-00449,SUBCAT-0065,Event venue
FAM-00450,SUBCAT-0065,Workshop space
FAM-00451,SUBCAT-0065,Cooking classes
FAM-00452,SUBCAT-0065,Art workshops
FAM-00453,SUBCAT-0066,DVDs/Blu-rays where applicable
FAM-00454,SUBCAT-0066,Digital media cards
FAM-00455,SUBCAT-0066,Music merchandise
FAM-00456,SUBCAT-0066,Movies/TV merchandise
FAM-00457,SUBCAT-0066,Posters
FAM-00458,SUBCAT-0066,Collectible merchandise
FAM-00459,SUBCAT-0066,Fan merchandise
FAM-00460,SUBCAT-0067,Belts
FAM-00461,SUBCAT-0067,Wallets
FAM-00462,SUBCAT-0067,Card holders
FAM-00463,SUBCAT-0067,Handbags
FAM-00464,SUBCAT-0067,Purses
FAM-00465,SUBCAT-0067,Clutches
FAM-00466,SUBCAT-0067,Backpacks
FAM-00467,SUBCAT-0067,Scarves
FAM-00468,SUBCAT-0067,Hats
FAM-00469,SUBCAT-0067,Caps
FAM-00470,SUBCAT-0067,Gloves
FAM-00471,SUBCAT-0067,Sunglasses
FAM-00472,SUBCAT-0067,Hair accessories
FAM-00473,SUBCAT-0067,Hair bands
FAM-00474,SUBCAT-0067,Hair clips
FAM-00475,SUBCAT-0067,Brooches
FAM-00476,SUBCAT-0067,Tie
FAM-00477,SUBCAT-0067,Bow tie
FAM-00478,SUBCAT-0067,Cufflinks
FAM-00479,SUBCAT-0067,Pocket squares
FAM-00480,SUBCAT-0068,Decorations
FAM-00481,SUBCAT-0068,Party goods
FAM-00482,SUBCAT-0068,Gift products
FAM-00483,SUBCAT-0069,Chocolates
FAM-00484,SUBCAT-0069,Flowers
FAM-00485,SUBCAT-0069,Gifts
FAM-00486,SUBCAT-0069,Cards
FAM-00487,SUBCAT-0069,Decorative merchandise
FAM-00488,SUBCAT-0070,Eggs
FAM-00489,SUBCAT-0070,Decorations
FAM-00490,SUBCAT-0070,Gifts
FAM-00491,SUBCAT-0071,Costumes
FAM-00492,SUBCAT-0071,Decorations
FAM-00493,SUBCAT-0071,Masks
FAM-00494,SUBCAT-0071,Party products
FAM-00495,SUBCAT-0072,Trees
FAM-00496,SUBCAT-0072,Ornaments
FAM-00497,SUBCAT-0072,Lights
FAM-00498,SUBCAT-0072,Stockings
FAM-00499,SUBCAT-0072,Gifts
FAM-00500,SUBCAT-0072,Wrapping supplies
FAM-00501,SUBCAT-0073,Diwali decorations
FAM-00502,SUBCAT-0073,Diyas
FAM-00503,SUBCAT-0073,Rangoli products
FAM-00504,SUBCAT-0073,Puja products
FAM-00505,SUBCAT-0073,Rakhi
FAM-00506,SUBCAT-0073,Holi products
FAM-00507,SUBCAT-0073,Pongal merchandise
FAM-00508,SUBCAT-0073,Onam merchandise
FAM-00509,SUBCAT-0073,Navratri/Dussehra products
FAM-00510,SUBCAT-0073,Eid merchandise
FAM-00511,SUBCAT-0074,Rainwear
FAM-00512,SUBCAT-0074,Umbrellas
FAM-00513,SUBCAT-0074,Winterwear
FAM-00514,SUBCAT-0074,Blankets
FAM-00515,SUBCAT-0074,Summer products
FAM-00516,SUBCAT-0074,Cooling products
FAM-00517,SUBCAT-0075,Cut flowers
FAM-00518,SUBCAT-0075,Bouquets
FAM-00519,SUBCAT-0075,Flower baskets
FAM-00520,SUBCAT-0075,Indoor plants
FAM-00521,SUBCAT-0075,Floral arrangements
FAM-00522,SUBCAT-0075,Artificial flowers
FAM-00523,SUBCAT-0075,Wedding flowers
FAM-00524,SUBCAT-0075,Funeral flowers
FAM-00525,SUBCAT-0075,Gift plants
FAM-00526,SUBCAT-0075,Decorative planters
FAM-00527,SUBCAT-0076,Supermarket
FAM-00528,SUBCAT-0076,Bakery
FAM-00529,SUBCAT-0076,Café
FAM-00530,SUBCAT-0076,Coffee shop
FAM-00531,SUBCAT-0076,Juice bar
FAM-00532,SUBCAT-0076,Restaurant
FAM-00533,SUBCAT-0076,Fast food
FAM-00534,SUBCAT-0076,Fine dining
FAM-00535,SUBCAT-0076,Food court
FAM-00536,SUBCAT-0076,Dessert shop
FAM-00537,SUBCAT-0076,Ice cream counter
FAM-00538,SUBCAT-0076,Specialty cuisine outlets
FAM-00539,SUBCAT-0076,Takeaway counter
FAM-00540,SUBCAT-0076,Catering
FAM-00541,SUBCAT-0077,Formal shoes
FAM-00542,SUBCAT-0077,Casual shoes
FAM-00543,SUBCAT-0077,Sneakers
FAM-00544,SUBCAT-0077,Boots
FAM-00545,SUBCAT-0077,Sandals
FAM-00546,SUBCAT-0077,Slippers
FAM-00547,SUBCAT-0077,Loafers
FAM-00548,SUBCAT-0077,Sports shoes
FAM-00549,SUBCAT-0078,Heels
FAM-00550,SUBCAT-0078,Flats
FAM-00551,SUBCAT-0078,Sandals
FAM-00552,SUBCAT-0078,Wedges
FAM-00553,SUBCAT-0078,Sneakers
FAM-00554,SUBCAT-0078,Boots
FAM-00555,SUBCAT-0078,Slippers
FAM-00556,SUBCAT-0079,School shoes
FAM-00557,SUBCAT-0079,Sneakers
FAM-00558,SUBCAT-0079,Sandals
FAM-00559,SUBCAT-0079,Boots
FAM-00560,SUBCAT-0079,Casual shoes
FAM-00561,SUBCAT-0080,Running shoes
FAM-00562,SUBCAT-0080,Hiking shoes
FAM-00563,SUBCAT-0080,Safety footwear
FAM-00564,SUBCAT-0080,Work boots
FAM-00565,SUBCAT-0080,Rain footwear
FAM-00566,SUBCAT-0081,Insoles
FAM-00567,SUBCAT-0081,Laces
FAM-00568,SUBCAT-0081,Shoe polish
FAM-00569,SUBCAT-0081,Shoe trees
FAM-00570,SUBCAT-0081,Cleaning kits
FAM-00571,SUBCAT-0082,Apples
FAM-00572,SUBCAT-0082,Bananas
FAM-00573,SUBCAT-0082,Oranges
FAM-00574,SUBCAT-0082,Grapes
FAM-00575,SUBCAT-0082,Mangoes
FAM-00576,SUBCAT-0082,Papaya
FAM-00577,SUBCAT-0082,Watermelon
FAM-00578,SUBCAT-0082,Pineapple
FAM-00579,SUBCAT-0082,Guava
FAM-00580,SUBCAT-0082,Pomegranate
FAM-00581,SUBCAT-0082,Kiwi
FAM-00582,SUBCAT-0082,Dragon fruit
FAM-00583,SUBCAT-0082,Berries
FAM-00584,SUBCAT-0082,Stone fruits
FAM-00585,SUBCAT-0082,Citrus fruits
FAM-00586,SUBCAT-0082,Imported fruits
FAM-00587,SUBCAT-0082,Exotic fruits
FAM-00588,SUBCAT-0083,Potato
FAM-00589,SUBCAT-0083,Tomato
FAM-00590,SUBCAT-0083,Onion
FAM-00591,SUBCAT-0083,Carrot
FAM-00592,SUBCAT-0083,Beans
FAM-00593,SUBCAT-0083,Brinjal
FAM-00594,SUBCAT-0083,Cabbage
FAM-00595,SUBCAT-0083,Cauliflower
FAM-00596,SUBCAT-0083,Broccoli
FAM-00597,SUBCAT-0083,Spinach
FAM-00598,SUBCAT-0083,Lettuce
FAM-00599,SUBCAT-0083,Capsicum
FAM-00600,SUBCAT-0083,Pumpkin
FAM-00601,SUBCAT-0083,Cucumber
FAM-00602,SUBCAT-0083,Beetroot
FAM-00603,SUBCAT-0083,Radish
FAM-00604,SUBCAT-0083,Sweet potato
FAM-00605,SUBCAT-0083,Mushrooms
FAM-00606,SUBCAT-0084,Spinach
FAM-00607,SUBCAT-0084,Coriander
FAM-00608,SUBCAT-0084,Mint
FAM-00609,SUBCAT-0084,Curry leaves
FAM-00610,SUBCAT-0084,Moringa
FAM-00611,SUBCAT-0084,Lettuce varieties
FAM-00612,SUBCAT-0084,Salad greens
FAM-00613,SUBCAT-0085,Basil
FAM-00614,SUBCAT-0085,Rosemary
FAM-00615,SUBCAT-0085,Thyme
FAM-00616,SUBCAT-0085,Parsley
FAM-00617,SUBCAT-0085,Dill
FAM-00618,SUBCAT-0085,Lemongrass
FAM-00619,SUBCAT-0086,Organic fruits
FAM-00620,SUBCAT-0086,Organic vegetables
FAM-00621,SUBCAT-0086,Hydroponic produce
FAM-00622,SUBCAT-0086,Farm-direct produce
FAM-00623,SUBCAT-0086,Specialty/exotic produce
FAM-00624,SUBCAT-0087,Frozen vegetables
FAM-00625,SUBCAT-0087,Frozen fruits
FAM-00626,SUBCAT-0087,Frozen meat
FAM-00627,SUBCAT-0087,Frozen seafood
FAM-00628,SUBCAT-0087,Ice cream
FAM-00629,SUBCAT-0087,Frozen desserts
FAM-00630,SUBCAT-0087,Frozen pizza
FAM-00631,SUBCAT-0087,Frozen snacks
FAM-00632,SUBCAT-0087,Frozen parathas
FAM-00633,SUBCAT-0087,Frozen meals
FAM-00634,SUBCAT-0087,Ready-to-cook meals
FAM-00635,SUBCAT-0087,Instant meals
FAM-00636,SUBCAT-0087,Instant noodles
FAM-00637,SUBCAT-0087,Soup
FAM-00638,SUBCAT-0087,Pasta
FAM-00639,SUBCAT-0087,Microwave meals
FAM-00640,SUBCAT-0088,Sofas
FAM-00641,SUBCAT-0088,Recliners
FAM-00642,SUBCAT-0088,Coffee tables
FAM-00643,SUBCAT-0088,Side tables
FAM-00644,SUBCAT-0088,TV units
FAM-00645,SUBCAT-0088,Shelving
FAM-00646,SUBCAT-0089,Beds
FAM-00647,SUBCAT-0089,Mattresses
FAM-00648,SUBCAT-0089,Wardrobes
FAM-00649,SUBCAT-0089,Dressers
FAM-00650,SUBCAT-0089,Bedside tables
FAM-00651,SUBCAT-0090,Dining tables
FAM-00652,SUBCAT-0090,Chairs
FAM-00653,SUBCAT-0090,Benches
FAM-00654,SUBCAT-0090,Bar stools
FAM-00655,SUBCAT-0091,Office desks
FAM-00656,SUBCAT-0091,Office chairs
FAM-00657,SUBCAT-0091,Filing cabinets
FAM-00658,SUBCAT-0091,Workstations
FAM-00659,SUBCAT-0092,Study desks
FAM-00660,SUBCAT-0092,Bunk beds
FAM-00661,SUBCAT-0092,Kids' tables
FAM-00662,SUBCAT-0092,Kids' chairs
FAM-00663,SUBCAT-0093,Patio furniture
FAM-00664,SUBCAT-0093,Garden chairs
FAM-00665,SUBCAT-0093,Garden tables
FAM-00666,SUBCAT-0093,Swings
FAM-00667,SUBCAT-0094,Chess
FAM-00668,SUBCAT-0094,Checkers
FAM-00669,SUBCAT-0094,Monopoly-style games
FAM-00670,SUBCAT-0094,Strategy games
FAM-00671,SUBCAT-0094,Family games
FAM-00672,SUBCAT-0095,Playing cards
FAM-00673,SUBCAT-0095,Collectible card games
FAM-00674,SUBCAT-0095,Trading cards
FAM-00675,SUBCAT-0096,Jigsaw puzzles
FAM-00676,SUBCAT-0096,3D puzzles
FAM-00677,SUBCAT-0096,Logic puzzles
FAM-00678,SUBCAT-0096,Brain teasers
FAM-00679,SUBCAT-0097,Gaming consoles
FAM-00680,SUBCAT-0097,Controllers
FAM-00681,SUBCAT-0097,Gaming accessories
FAM-00682,SUBCAT-0097,VR headsets
FAM-00683,SUBCAT-0098,Indoor plants
FAM-00684,SUBCAT-0098,Outdoor plants
FAM-00685,SUBCAT-0098,Flowering plants
FAM-00686,SUBCAT-0098,Vegetable plants
FAM-00687,SUBCAT-0098,Herbs
FAM-00688,SUBCAT-0098,Succulents
FAM-00689,SUBCAT-0098,Bonsai
FAM-00690,SUBCAT-0099,Seeds
FAM-00691,SUBCAT-0099,Soil
FAM-00692,SUBCAT-0099,Compost
FAM-00693,SUBCAT-0099,Fertilizer
FAM-00694,SUBCAT-0099,Pots
FAM-00695,SUBCAT-0099,Planters
FAM-00696,SUBCAT-0099,Trays
FAM-00697,SUBCAT-0099,Watering cans
FAM-00698,SUBCAT-0099,Hoses
FAM-00699,SUBCAT-0099,Gardening tools
FAM-00700,SUBCAT-0100,Patio furniture
FAM-00701,SUBCAT-0100,Barbecue equipment
FAM-00702,SUBCAT-0100,Outdoor lighting
FAM-00703,SUBCAT-0100,Garden decor
FAM-00704,SUBCAT-0100,Gazebos
FAM-00705,SUBCAT-0100,Hammocks
FAM-00706,SUBCAT-0100,Outdoor storage
FAM-00707,SUBCAT-0101,Gift boxes
FAM-00708,SUBCAT-0101,Greeting cards
FAM-00709,SUBCAT-0101,Personalized gifts
FAM-00710,SUBCAT-0101,Photo frames
FAM-00711,SUBCAT-0101,Mugs
FAM-00712,SUBCAT-0101,Keychains
FAM-00713,SUBCAT-0101,Souvenirs
FAM-00714,SUBCAT-0101,Novelties
FAM-00715,SUBCAT-0101,Decorative gifts
FAM-00716,SUBCAT-0101,Corporate gifts
FAM-00717,SUBCAT-0101,Premium gift hampers
FAM-00718,SUBCAT-0102,Rice
FAM-00719,SUBCAT-0102,Wheat
FAM-00720,SUBCAT-0102,Maida
FAM-00721,SUBCAT-0102,Atta
FAM-00722,SUBCAT-0102,Rava/sooji
FAM-00723,SUBCAT-0102,Semolina
FAM-00724,SUBCAT-0102,Broken rice
FAM-00725,SUBCAT-0102,Barley
FAM-00726,SUBCAT-0102,Oats
FAM-00727,SUBCAT-0102,Corn
FAM-00728,SUBCAT-0102,Millet
FAM-00729,SUBCAT-0102,Quinoa
FAM-00730,SUBCAT-0102,Couscous
FAM-00731,SUBCAT-0102,Specialty grains
FAM-00732,SUBCAT-0102,Breakfast cereals
FAM-00733,SUBCAT-0103,Toor dal
FAM-00734,SUBCAT-0103,Moong dal
FAM-00735,SUBCAT-0103,Urad dal
FAM-00736,SUBCAT-0103,Chana dal
FAM-00737,SUBCAT-0103,Masoor dal
FAM-00738,SUBCAT-0103,Rajma
FAM-00739,SUBCAT-0103,Chickpeas
FAM-00740,SUBCAT-0103,Black beans
FAM-00741,SUBCAT-0103,Kidney beans
FAM-00742,SUBCAT-0103,Soybeans
FAM-00743,SUBCAT-0103,Peas
FAM-00744,SUBCAT-0103,Lentils
FAM-00745,SUBCAT-0104,Wheat flour
FAM-00746,SUBCAT-0104,Rice flour
FAM-00747,SUBCAT-0104,Besan
FAM-00748,SUBCAT-0104,Corn flour
FAM-00749,SUBCAT-0104,Almond flour
FAM-00750,SUBCAT-0104,Coconut flour
FAM-00751,SUBCAT-0104,Baking powder
FAM-00752,SUBCAT-0104,Baking soda
FAM-00753,SUBCAT-0104,Yeast
FAM-00754,SUBCAT-0104,Cocoa
FAM-00755,SUBCAT-0104,Baking chocolate
FAM-00756,SUBCAT-0104,Food colouring
FAM-00757,SUBCAT-0104,Cake mixes
FAM-00758,SUBCAT-0105,Sunflower oil
FAM-00759,SUBCAT-0105,Groundnut oil
FAM-00760,SUBCAT-0105,Coconut oil
FAM-00761,SUBCAT-0105,Mustard oil
FAM-00762,SUBCAT-0105,Olive oil
FAM-00763,SUBCAT-0105,Sesame oil
FAM-00764,SUBCAT-0105,Rice bran oil
FAM-00765,SUBCAT-0105,Palm oil
FAM-00766,SUBCAT-0105,Ghee
FAM-00767,SUBCAT-0105,Butter
FAM-00768,SUBCAT-0105,Shortening
FAM-00769,SUBCAT-0106,Turmeric
FAM-00770,SUBCAT-0106,Chilli powder
FAM-00771,SUBCAT-0106,Pepper
FAM-00772,SUBCAT-0106,Cardamom
FAM-00773,SUBCAT-0106,Cinnamon
FAM-00774,SUBCAT-0106,Cloves
FAM-00775,SUBCAT-0106,Cumin
FAM-00776,SUBCAT-0106,Coriander
FAM-00777,SUBCAT-0106,Fennel
FAM-00778,SUBCAT-0106,Fenugreek
FAM-00779,SUBCAT-0106,Nutmeg
FAM-00780,SUBCAT-0106,Star anise
FAM-00781,SUBCAT-0106,Mixed masalas
FAM-00782,SUBCAT-0106,Regional spice blends
FAM-00783,SUBCAT-0106,International spice blends
FAM-00784,SUBCAT-0107,Table salt
FAM-00785,SUBCAT-0107,Rock salt
FAM-00786,SUBCAT-0107,Sea salt
FAM-00787,SUBCAT-0107,Pink salt
FAM-00788,SUBCAT-0107,Sugar
FAM-00789,SUBCAT-0107,Brown sugar
FAM-00790,SUBCAT-0107,Jaggery
FAM-00791,SUBCAT-0107,Honey
FAM-00792,SUBCAT-0107,Maple syrup
FAM-00793,SUBCAT-0107,Artificial sweeteners
FAM-00794,SUBCAT-0108,Ketchup
FAM-00795,SUBCAT-0108,Mayonnaise
FAM-00796,SUBCAT-0108,Mustard
FAM-00797,SUBCAT-0108,Chilli sauce
FAM-00798,SUBCAT-0108,Soy sauce
FAM-00799,SUBCAT-0108,Vinegar
FAM-00800,SUBCAT-0108,Pasta sauce
FAM-00801,SUBCAT-0108,Pizza sauce
FAM-00802,SUBCAT-0108,Pickles
FAM-00803,SUBCAT-0108,Chutneys
FAM-00804,SUBCAT-0108,Relishes
FAM-00805,SUBCAT-0108,Dips
FAM-00806,SUBCAT-0109,Hammers
FAM-00807,SUBCAT-0109,Screwdrivers
FAM-00808,SUBCAT-0109,Pliers
FAM-00809,SUBCAT-0109,Wrenches
FAM-00810,SUBCAT-0109,Saws
FAM-00811,SUBCAT-0109,Cutting tools
FAM-00812,SUBCAT-0110,Drills
FAM-00813,SUBCAT-0110,Sanders
FAM-00814,SUBCAT-0110,Grinders
FAM-00815,SUBCAT-0110,Saws
FAM-00816,SUBCAT-0110,Heat guns
FAM-00817,SUBCAT-0111,Screws
FAM-00818,SUBCAT-0111,Nails
FAM-00819,SUBCAT-0111,Bolts
FAM-00820,SUBCAT-0111,Nuts
FAM-00821,SUBCAT-0111,Washers
FAM-00822,SUBCAT-0111,Anchors
FAM-00823,SUBCAT-0112,Glue
FAM-00824,SUBCAT-0112,Epoxy
FAM-00825,SUBCAT-0112,Sealants
FAM-00826,SUBCAT-0112,Tapes
FAM-00827,SUBCAT-0113,Gloves
FAM-00828,SUBCAT-0113,Goggles
FAM-00829,SUBCAT-0113,Masks
FAM-00830,SUBCAT-0113,Helmets
FAM-00831,SUBCAT-0113,Ear protection
FAM-00832,SUBCAT-0114,Pain relief
FAM-00833,SUBCAT-0114,Cold/cough products
FAM-00834,SUBCAT-0114,Antacids
FAM-00835,SUBCAT-0114,Digestive aids
FAM-00836,SUBCAT-0114,First-aid products
FAM-00837,SUBCAT-0115,Bandages
FAM-00838,SUBCAT-0115,Gauze
FAM-00839,SUBCAT-0115,Thermometers
FAM-00840,SUBCAT-0115,Masks
FAM-00841,SUBCAT-0115,Gloves
FAM-00842,SUBCAT-0115,Digital blood pressure monitors
FAM-00843,SUBCAT-0115,Glucose monitors
FAM-00844,SUBCAT-0115,Heating pads
FAM-00845,SUBCAT-0115,Supports/braces
FAM-00846,SUBCAT-0116,Vitamins
FAM-00847,SUBCAT-0116,Minerals
FAM-00848,SUBCAT-0116,Nutritional products
FAM-00849,SUBCAT-0116,Oral rehydration products
FAM-00850,SUBCAT-0116,Protein products
FAM-00851,SUBCAT-0116,Wellness beverages
FAM-00852,SUBCAT-0117,Paints
FAM-00853,SUBCAT-0117,Brushes
FAM-00854,SUBCAT-0117,Canvas
FAM-00855,SUBCAT-0117,Sketchbooks
FAM-00856,SUBCAT-0117,Drawing pencils
FAM-00857,SUBCAT-0117,Charcoal
FAM-00858,SUBCAT-0117,Easels
FAM-00859,SUBCAT-0118,Glue
FAM-00860,SUBCAT-0118,Craft paper
FAM-00861,SUBCAT-0118,Beads
FAM-00862,SUBCAT-0118,Threads
FAM-00863,SUBCAT-0118,Scissors
FAM-00864,SUBCAT-0118,Cutting tools
FAM-00865,SUBCAT-0118,Craft kits
FAM-00866,SUBCAT-0119,Model kits
FAM-00867,SUBCAT-0119,Woodcraft kits
FAM-00868,SUBCAT-0119,Miniature kits
FAM-00869,SUBCAT-0120,Stamps
FAM-00870,SUBCAT-0120,Coins
FAM-00871,SUBCAT-0120,Trading cards
FAM-00872,SUBCAT-0120,Memorabilia
FAM-00873,SUBCAT-0120,Figurines
FAM-00874,SUBCAT-0121,Refrigerators
FAM-00875,SUBCAT-0121,Freezers
FAM-00876,SUBCAT-0121,Microwave ovens
FAM-00877,SUBCAT-0121,OTGs
FAM-00878,SUBCAT-0121,Electric ovens
FAM-00879,SUBCAT-0121,Air fryers
FAM-00880,SUBCAT-0121,Mixers
FAM-00881,SUBCAT-0121,Blenders
FAM-00882,SUBCAT-0121,Food processors
FAM-00883,SUBCAT-0121,Juicers
FAM-00884,SUBCAT-0121,Toasters
FAM-00885,SUBCAT-0121,Sandwich makers
FAM-00886,SUBCAT-0121,Coffee machines
FAM-00887,SUBCAT-0121,Kettles
FAM-00888,SUBCAT-0121,Rice cookers
FAM-00889,SUBCAT-0121,Induction cooktops
FAM-00890,SUBCAT-0121,Dishwashers
FAM-00891,SUBCAT-0122,Washing machines
FAM-00892,SUBCAT-0122,Dryers
FAM-00893,SUBCAT-0122,Steamers
FAM-00894,SUBCAT-0122,Irons
FAM-00895,SUBCAT-0123,Air conditioners
FAM-00896,SUBCAT-0123,Fans
FAM-00897,SUBCAT-0123,Air coolers
FAM-00898,SUBCAT-0123,Heaters
FAM-00899,SUBCAT-0123,Air purifiers
FAM-00900,SUBCAT-0123,Humidifiers
FAM-00901,SUBCAT-0123,Dehumidifiers
FAM-00902,SUBCAT-0124,Curtains
FAM-00903,SUBCAT-0124,Bedsheets
FAM-00904,SUBCAT-0124,Pillow covers
FAM-00905,SUBCAT-0124,Blankets
FAM-00906,SUBCAT-0124,Quilts
FAM-00907,SUBCAT-0124,Comforters
FAM-00908,SUBCAT-0124,Duvets
FAM-00909,SUBCAT-0124,Towels
FAM-00910,SUBCAT-0124,Tablecloths
FAM-00911,SUBCAT-0124,Napkins
FAM-00912,SUBCAT-0125,Carpets
FAM-00913,SUBCAT-0125,Rugs
FAM-00914,SUBCAT-0125,Mats
FAM-00915,SUBCAT-0125,Door mats
FAM-00916,SUBCAT-0126,Wall art
FAM-00917,SUBCAT-0126,Paintings
FAM-00918,SUBCAT-0126,Mirrors
FAM-00919,SUBCAT-0126,Vases
FAM-00920,SUBCAT-0126,Figurines
FAM-00921,SUBCAT-0126,Sculptures
FAM-00922,SUBCAT-0126,Decorative boxes
FAM-00923,SUBCAT-0126,Clocks
FAM-00924,SUBCAT-0126,Candles
FAM-00925,SUBCAT-0126,Candle holders
FAM-00926,SUBCAT-0127,Cushions
FAM-00927,SUBCAT-0127,Throws
FAM-00928,SUBCAT-0127,Poufs
FAM-00929,SUBCAT-0127,Beanbags
FAM-00930,SUBCAT-0128,Detergent
FAM-00931,SUBCAT-0128,Fabric softener
FAM-00932,SUBCAT-0128,Stain remover
FAM-00933,SUBCAT-0128,Bleach
FAM-00934,SUBCAT-0128,Laundry pods
FAM-00935,SUBCAT-0129,Dishwash liquid
FAM-00936,SUBCAT-0129,Dishwasher tablets
FAM-00937,SUBCAT-0129,Dishwashing powder
FAM-00938,SUBCAT-0129,Scrubbers
FAM-00939,SUBCAT-0130,Floor cleaner
FAM-00940,SUBCAT-0130,Glass cleaner
FAM-00941,SUBCAT-0130,Bathroom cleaner
FAM-00942,SUBCAT-0130,Kitchen cleaner
FAM-00943,SUBCAT-0130,Disinfectant
FAM-00944,SUBCAT-0130,Multipurpose cleaner
FAM-00945,SUBCAT-0131,Brooms
FAM-00946,SUBCAT-0131,Mops
FAM-00947,SUBCAT-0131,Buckets
FAM-00948,SUBCAT-0131,Brushes
FAM-00949,SUBCAT-0131,Dustpans
FAM-00950,SUBCAT-0131,Sponges
FAM-00951,SUBCAT-0131,Microfiber cloths
FAM-00952,SUBCAT-0131,Gloves
FAM-00953,SUBCAT-0132,Gold jewellery
FAM-00954,SUBCAT-0132,Silver jewellery
FAM-00955,SUBCAT-0132,Platinum jewellery
FAM-00956,SUBCAT-0132,Diamond jewellery
FAM-00957,SUBCAT-0132,Gemstone jewellery
FAM-00958,SUBCAT-0133,Artificial jewellery
FAM-00959,SUBCAT-0133,Costume jewellery
FAM-00960,SUBCAT-0133,Chains
FAM-00961,SUBCAT-0133,Necklaces
FAM-00962,SUBCAT-0133,Bracelets
FAM-00963,SUBCAT-0133,Bangles
FAM-00964,SUBCAT-0133,Rings
FAM-00965,SUBCAT-0133,Earrings
FAM-00966,SUBCAT-0133,Anklets
FAM-00967,SUBCAT-0133,Pendants
FAM-00968,SUBCAT-0134,Jewellery boxes
FAM-00969,SUBCAT-0134,Jewellery organizers
FAM-00970,SUBCAT-0134,Watch boxes
FAM-00971,SUBCAT-0135,Pots
FAM-00972,SUBCAT-0135,Pans
FAM-00973,SUBCAT-0135,Pressure cookers
FAM-00974,SUBCAT-0135,Tawas
FAM-00975,SUBCAT-0135,Woks
FAM-00976,SUBCAT-0135,Sauce pans
FAM-00977,SUBCAT-0135,Dutch ovens
FAM-00978,SUBCAT-0136,Baking trays
FAM-00979,SUBCAT-0136,Cake moulds
FAM-00980,SUBCAT-0136,Baking tins
FAM-00981,SUBCAT-0136,Oven dishes
FAM-00982,SUBCAT-0137,Knives
FAM-00983,SUBCAT-0137,Peelers
FAM-00984,SUBCAT-0137,Graters
FAM-00985,SUBCAT-0137,Choppers
FAM-00986,SUBCAT-0137,Whisks
FAM-00987,SUBCAT-0137,Spatulas
FAM-00988,SUBCAT-0137,Tongs
FAM-00989,SUBCAT-0137,Measuring cups
FAM-00990,SUBCAT-0138,Containers
FAM-00991,SUBCAT-0138,Jars
FAM-00992,SUBCAT-0138,Spice boxes
FAM-00993,SUBCAT-0138,Lunch boxes
FAM-00994,SUBCAT-0138,Water bottles
FAM-00995,SUBCAT-0138,Thermos
FAM-00996,SUBCAT-0139,Plates
FAM-00997,SUBCAT-0139,Bowls
FAM-00998,SUBCAT-0139,Cups
FAM-00999,SUBCAT-0139,Mugs
FAM-01000,SUBCAT-0139,Glasses
FAM-01001,SUBCAT-0139,Cutlery
FAM-01002,SUBCAT-0139,Serving dishes
FAM-01003,SUBCAT-0140,Coffee makers
FAM-01004,SUBCAT-0140,French presses
FAM-01005,SUBCAT-0140,Bar equipment
FAM-01006,SUBCAT-0140,Cheese boards
FAM-01007,SUBCAT-0140,Sushi equipment
FAM-01008,SUBCAT-0141,Chicken
FAM-01009,SUBCAT-0141,Mutton
FAM-01010,SUBCAT-0141,Beef/buffalo where legally applicable
FAM-01011,SUBCAT-0141,Pork where applicable
FAM-01012,SUBCAT-0141,Lamb
FAM-01013,SUBCAT-0141,Turkey
FAM-01014,SUBCAT-0141,Duck
FAM-01015,SUBCAT-0141,Processed meat
FAM-01016,SUBCAT-0142,Freshwater fish
FAM-01017,SUBCAT-0142,Marine fish
FAM-01018,SUBCAT-0142,Premium fish
FAM-01019,SUBCAT-0142,Fillets
FAM-01020,SUBCAT-0142,Whole fish
FAM-01021,SUBCAT-0143,Prawns
FAM-01022,SUBCAT-0143,Shrimp
FAM-01023,SUBCAT-0143,Crab
FAM-01024,SUBCAT-0143,Lobster
FAM-01025,SUBCAT-0143,Squid
FAM-01026,SUBCAT-0143,Mussels
FAM-01027,SUBCAT-0143,Oysters
FAM-01028,SUBCAT-0143,Clams
FAM-01029,SUBCAT-0144,Chicken eggs
FAM-01030,SUBCAT-0144,Quail eggs
FAM-01031,SUBCAT-0144,Duck eggs
FAM-01032,SUBCAT-0144,Free-range eggs
FAM-01033,SUBCAT-0144,Organic eggs
FAM-01034,SUBCAT-0145,Sausages
FAM-01035,SUBCAT-0145,Salami
FAM-01036,SUBCAT-0145,Ham
FAM-01037,SUBCAT-0145,Nuggets
FAM-01038,SUBCAT-0145,Kebabs
FAM-01039,SUBCAT-0145,Meatballs
FAM-01040,SUBCAT-0145,Marinated meat
FAM-01041,SUBCAT-0146,Guitars
FAM-01042,SUBCAT-0146,Keyboards
FAM-01043,SUBCAT-0146,Pianos
FAM-01044,SUBCAT-0146,Violins
FAM-01045,SUBCAT-0146,Drums
FAM-01046,SUBCAT-0146,Ukuleles
FAM-01047,SUBCAT-0146,Flutes
FAM-01048,SUBCAT-0146,Harmonicas
FAM-01049,SUBCAT-0146,Indian classical instruments
FAM-01050,SUBCAT-0146,Percussion instruments
FAM-01051,SUBCAT-0147,Strings
FAM-01052,SUBCAT-0147,Picks
FAM-01053,SUBCAT-0147,Stands
FAM-01054,SUBCAT-0147,Cases
FAM-01055,SUBCAT-0147,Tuners
FAM-01056,SUBCAT-0147,Metronomes
FAM-01057,SUBCAT-0147,Microphones
FAM-01058,SUBCAT-0147,Amplifiers
FAM-01059,SUBCAT-0147,Cables
FAM-01060,SUBCAT-0148,Printer paper
FAM-01061,SUBCAT-0148,Toner
FAM-01062,SUBCAT-0148,Ink cartridges
FAM-01063,SUBCAT-0148,Files
FAM-01064,SUBCAT-0148,Folders
FAM-01065,SUBCAT-0148,Office furniture
FAM-01066,SUBCAT-0148,Stationery
FAM-01067,SUBCAT-0148,Labels
FAM-01068,SUBCAT-0148,Packaging materials
FAM-01069,SUBCAT-0148,Shipping boxes
FAM-01070,SUBCAT-0148,Bubble wrap
FAM-01071,SUBCAT-0148,Tape
FAM-01072,SUBCAT-0148,POS rolls
FAM-01073,SUBCAT-0148,Receipt paper
FAM-01074,SUBCAT-0148,Barcode labels
FAM-01075,SUBCAT-0148,Storage containers
FAM-01076,SUBCAT-0149,Corrugated boxes
FAM-01077,SUBCAT-0149,Cartons
FAM-01078,SUBCAT-0149,Mailers
FAM-01079,SUBCAT-0149,Courier bags
FAM-01080,SUBCAT-0149,Bubble wrap
FAM-01081,SUBCAT-0149,Foam packaging
FAM-01082,SUBCAT-0149,Stretch film
FAM-01083,SUBCAT-0149,Packing tape
FAM-01084,SUBCAT-0149,Labels
FAM-01085,SUBCAT-0149,Thermal labels
FAM-01086,SUBCAT-0149,Strapping
FAM-01087,SUBCAT-0149,Protective packaging
FAM-01088,SUBCAT-0150,Interior paint
FAM-01089,SUBCAT-0150,Exterior paint
FAM-01090,SUBCAT-0150,Primers
FAM-01091,SUBCAT-0150,Wood finishes
FAM-01092,SUBCAT-0150,Varnishes
FAM-01093,SUBCAT-0150,Spray paint
FAM-01094,SUBCAT-0150,Paint rollers
FAM-01095,SUBCAT-0150,Brushes
FAM-01096,SUBCAT-0150,Scrapers
FAM-01097,SUBCAT-0150,Sandpaper
FAM-01098,SUBCAT-0150,Wall stickers
FAM-01099,SUBCAT-0150,Wallpaper
FAM-01100,SUBCAT-0150,Decorative panels
FAM-01101,SUBCAT-0151,Toilet paper
FAM-01102,SUBCAT-0151,Tissues
FAM-01103,SUBCAT-0151,Paper towels
FAM-01104,SUBCAT-0151,Napkins
FAM-01105,SUBCAT-0151,Aluminum foil
FAM-01106,SUBCAT-0151,Cling film
FAM-01107,SUBCAT-0151,Baking paper
FAM-01108,SUBCAT-0151,Garbage bags
FAM-01109,SUBCAT-0151,Food storage bags
FAM-01110,SUBCAT-0151,Disposable plates
FAM-01111,SUBCAT-0151,Disposable cups
FAM-01112,SUBCAT-0151,Disposable cutlery
FAM-01113,SUBCAT-0151,Food containers
FAM-01114,SUBCAT-0151,Takeaway packaging
FAM-01115,SUBCAT-0152,Balloons
FAM-01116,SUBCAT-0152,Birthday banners
FAM-01117,SUBCAT-0152,Cake toppers
FAM-01118,SUBCAT-0152,Candles
FAM-01119,SUBCAT-0152,Party hats
FAM-01120,SUBCAT-0152,Party plates
FAM-01121,SUBCAT-0152,Party cups
FAM-01122,SUBCAT-0152,Decorations
FAM-01123,SUBCAT-0153,Wedding decorations
FAM-01124,SUBCAT-0153,Baby shower products
FAM-01125,SUBCAT-0153,Graduation decorations
FAM-01126,SUBCAT-0153,Anniversary products
FAM-01127,SUBCAT-0154,Party games
FAM-01128,SUBCAT-0154,Photo props
FAM-01129,SUBCAT-0154,Costumes
FAM-01130,SUBCAT-0154,Themed decorations
FAM-01131,SUBCAT-0155,Soap
FAM-01132,SUBCAT-0155,Body wash
FAM-01133,SUBCAT-0155,Bath salts
FAM-01134,SUBCAT-0155,Scrubs
FAM-01135,SUBCAT-0155,Sponges
FAM-01136,SUBCAT-0156,Shampoo
FAM-01137,SUBCAT-0156,Conditioner
FAM-01138,SUBCAT-0156,Hair oil
FAM-01139,SUBCAT-0156,Hair serum
FAM-01140,SUBCAT-0156,Hair masks
FAM-01141,SUBCAT-0156,Hair colour
FAM-01142,SUBCAT-0157,Toothpaste
FAM-01143,SUBCAT-0157,Toothbrush
FAM-01144,SUBCAT-0157,Mouthwash
FAM-01145,SUBCAT-0157,Dental floss
FAM-01146,SUBCAT-0157,Tongue cleaner
FAM-01147,SUBCAT-0157,Whitening products
FAM-01148,SUBCAT-0158,Razors
FAM-01149,SUBCAT-0158,Shaving cream
FAM-01150,SUBCAT-0158,Aftershave
FAM-01151,SUBCAT-0158,Trimmers
FAM-01152,SUBCAT-0159,Deodorants
FAM-01153,SUBCAT-0159,Antiperspirants
FAM-01154,SUBCAT-0159,Feminine hygiene
FAM-01155,SUBCAT-0159,Intimate hygiene
FAM-01156,SUBCAT-0159,Hand sanitizers
FAM-01157,SUBCAT-0159,Wet wipes
FAM-01158,SUBCAT-0160,Dog food
FAM-01159,SUBCAT-0160,Cat food
FAM-01160,SUBCAT-0160,Bird food
FAM-01161,SUBCAT-0160,Fish food
FAM-01162,SUBCAT-0160,Small-animal food
FAM-01163,SUBCAT-0161,Collars
FAM-01164,SUBCAT-0161,Leashes
FAM-01165,SUBCAT-0161,Harnesses
FAM-01166,SUBCAT-0161,Beds
FAM-01167,SUBCAT-0161,Crates
FAM-01168,SUBCAT-0161,Carriers
FAM-01169,SUBCAT-0161,Bowls
FAM-01170,SUBCAT-0161,Toys
FAM-01171,SUBCAT-0162,Shampoos
FAM-01172,SUBCAT-0162,Brushes
FAM-01173,SUBCAT-0162,Nail clippers
FAM-01174,SUBCAT-0162,Grooming tools
FAM-01175,SUBCAT-0163,Aquariums
FAM-01176,SUBCAT-0163,Cages
FAM-01177,SUBCAT-0163,Bedding
FAM-01178,SUBCAT-0163,Filters
FAM-01179,SUBCAT-0163,Aquarium equipment
FAM-01180,SUBCAT-0164,Pipes
FAM-01181,SUBCAT-0164,Fittings
FAM-01182,SUBCAT-0164,Taps
FAM-01183,SUBCAT-0164,Faucets
FAM-01184,SUBCAT-0164,Shower systems
FAM-01185,SUBCAT-0164,Sinks
FAM-01186,SUBCAT-0164,Toilets
FAM-01187,SUBCAT-0164,Water tanks
FAM-01188,SUBCAT-0164,Valves
FAM-01189,SUBCAT-0164,Hose pipes
FAM-01190,SUBCAT-0164,Sealants
FAM-01191,SUBCAT-0164,Construction adhesives
FAM-01192,SUBCAT-0165,Luxury watches
FAM-01193,SUBCAT-0165,Fine jewellery
FAM-01194,SUBCAT-0165,Premium handbags
FAM-01195,SUBCAT-0165,Designer clothing
FAM-01196,SUBCAT-0165,Premium footwear
FAM-01197,SUBCAT-0165,Fine fragrances
FAM-01198,SUBCAT-0165,Premium cosmetics
FAM-01199,SUBCAT-0165,Luxury gifts
FAM-01200,SUBCAT-0165,Premium home decor
FAM-01201,SUBCAT-0165,Collectible goods
FAM-01202,SUBCAT-0166,Alcohol
FAM-01203,SUBCAT-0166,Tobacco
FAM-01204,SUBCAT-0166,Nicotine products
FAM-01205,SUBCAT-0166,Certain chemicals
FAM-01206,SUBCAT-0166,Certain medicines
FAM-01207,SUBCAT-0166,Medical devices
FAM-01208,SUBCAT-0166,Fireworks
FAM-01209,SUBCAT-0166,Hazardous products
FAM-01210,SUBCAT-0166,Certain weapons/weapon-related goods
FAM-01211,SUBCAT-0166,Age-restricted products
FAM-01212,SUBCAT-0167,Diyas
FAM-01213,SUBCAT-0167,Incense
FAM-01214,SUBCAT-0167,Camphor
FAM-01215,SUBCAT-0167,Pooja items
FAM-01216,SUBCAT-0167,Idols
FAM-01217,SUBCAT-0167,Religious books
FAM-01218,SUBCAT-0167,Prayer accessories
FAM-01219,SUBCAT-0167,Prayer mats
FAM-01220,SUBCAT-0167,Rosaries
FAM-01221,SUBCAT-0167,Decorative religious items
FAM-01222,SUBCAT-0167,Festival-specific items
FAM-01223,SUBCAT-0167,Cultural handicrafts
FAM-01224,SUBCAT-0168,Door locks
FAM-01225,SUBCAT-0168,Padlocks
FAM-01226,SUBCAT-0168,Safes
FAM-01227,SUBCAT-0168,Security cameras
FAM-01228,SUBCAT-0168,Alarms
FAM-01229,SUBCAT-0168,Smoke detectors
FAM-01230,SUBCAT-0168,Carbon monoxide detectors
FAM-01231,SUBCAT-0168,Fire extinguishers
FAM-01232,SUBCAT-0168,Emergency lights
FAM-01233,SUBCAT-0168,Reflective products
FAM-01234,SUBCAT-0168,Personal safety equipment
FAM-01235,SUBCAT-0169,Tailoring
FAM-01236,SUBCAT-0169,Alterations
FAM-01237,SUBCAT-0169,Shoe repair
FAM-01238,SUBCAT-0169,Watch repair
FAM-01239,SUBCAT-0169,Jewellery repair
FAM-01240,SUBCAT-0169,Beauty services
FAM-01241,SUBCAT-0169,Salon
FAM-01242,SUBCAT-0169,Barber
FAM-01243,SUBCAT-0170,Appliance installation
FAM-01244,SUBCAT-0170,Furniture assembly
FAM-01245,SUBCAT-0170,Plumbing
FAM-01246,SUBCAT-0170,Electrical installation
FAM-01247,SUBCAT-0170,Home delivery
FAM-01248,SUBCAT-0170,Home cleaning
FAM-01249,SUBCAT-0171,Device setup
FAM-01250,SUBCAT-0171,Data transfer
FAM-01251,SUBCAT-0171,Computer repair
FAM-01252,SUBCAT-0171,Phone repair
FAM-01253,SUBCAT-0171,Installation
FAM-01254,SUBCAT-0172,Car wash
FAM-01255,SUBCAT-0172,Detailing
FAM-01256,SUBCAT-0172,Tire services
FAM-01257,SUBCAT-0172,Minor maintenance
FAM-01258,SUBCAT-0173,Food court
FAM-01259,SUBCAT-0173,Restaurants
FAM-01260,SUBCAT-0173,Cafés
FAM-01261,SUBCAT-0173,Bakery café
FAM-01262,SUBCAT-0173,Juice bar
FAM-01263,SUBCAT-0173,Takeaway
FAM-01264,SUBCAT-0174,Sewing machines
FAM-01265,SUBCAT-0174,Needles
FAM-01266,SUBCAT-0174,Thread
FAM-01267,SUBCAT-0174,Buttons
FAM-01268,SUBCAT-0174,Zippers
FAM-01269,SUBCAT-0174,Fabric
FAM-01270,SUBCAT-0174,Lace
FAM-01271,SUBCAT-0174,Ribbons
FAM-01272,SUBCAT-0174,Embroidery supplies
FAM-01273,SUBCAT-0174,Knitting needles
FAM-01274,SUBCAT-0174,Crochet hooks
FAM-01275,SUBCAT-0174,Yarn
FAM-01276,SUBCAT-0174,Textile dyes
FAM-01277,SUBCAT-0175,Mattresses
FAM-01278,SUBCAT-0175,Pillows
FAM-01279,SUBCAT-0175,Orthopedic pillows
FAM-01280,SUBCAT-0175,Sleep masks
FAM-01281,SUBCAT-0175,Weighted blankets
FAM-01282,SUBCAT-0175,Humidifiers
FAM-01283,SUBCAT-0175,Aromatherapy diffusers
FAM-01284,SUBCAT-0175,Essential oils where permitted
FAM-01285,SUBCAT-0175,Relaxation products
FAM-01286,SUBCAT-0175,Massage devices
FAM-01287,SUBCAT-0176,Smart bulbs
FAM-01288,SUBCAT-0176,Smart switches
FAM-01289,SUBCAT-0176,Smart plugs
FAM-01290,SUBCAT-0176,Smart speakers
FAM-01291,SUBCAT-0176,Smart displays
FAM-01292,SUBCAT-0176,Smart cameras
FAM-01293,SUBCAT-0176,Video doorbells
FAM-01294,SUBCAT-0176,Smart locks
FAM-01295,SUBCAT-0176,Sensors
FAM-01296,SUBCAT-0176,Smart thermostats
FAM-01297,SUBCAT-0176,Smart curtains
FAM-01298,SUBCAT-0176,Home automation hubs
FAM-01299,SUBCAT-0177,Chips
FAM-01300,SUBCAT-0177,Nachos
FAM-01301,SUBCAT-0177,Popcorn
FAM-01302,SUBCAT-0177,Namkeen
FAM-01303,SUBCAT-0177,Mixtures
FAM-01304,SUBCAT-0177,Pretzels
FAM-01305,SUBCAT-0177,Nuts
FAM-01306,SUBCAT-0177,Seeds
FAM-01307,SUBCAT-0177,Trail mix
FAM-01308,SUBCAT-0177,Protein bars
FAM-01309,SUBCAT-0177,Granola bars
FAM-01310,SUBCAT-0177,Energy bars
FAM-01311,SUBCAT-0177,Dried fruit
FAM-01312,SUBCAT-0177,Roasted snacks
FAM-01313,SUBCAT-0177,Healthy snacks
FAM-01314,SUBCAT-0178,Solar lamps
FAM-01315,SUBCAT-0178,Solar panels
FAM-01316,SUBCAT-0178,Solar chargers
FAM-01317,SUBCAT-0178,Solar garden lights
FAM-01318,SUBCAT-0178,Rechargeable batteries
FAM-01319,SUBCAT-0178,Reusable bottles
FAM-01320,SUBCAT-0178,Reusable bags
FAM-01321,SUBCAT-0178,Compostable products
FAM-01322,SUBCAT-0178,Reusable containers
FAM-01323,SUBCAT-0178,Water-saving products
FAM-01324,SUBCAT-0178,Energy-efficient appliances
FAM-01325,SUBCAT-0179,Walking canes
FAM-01326,SUBCAT-0179,Walkers
FAM-01327,SUBCAT-0179,Wheelchairs
FAM-01328,SUBCAT-0179,Mobility aids
FAM-01329,SUBCAT-0179,Grab bars
FAM-01330,SUBCAT-0179,Accessibility accessories
FAM-01331,SUBCAT-0179,Hearing-related consumer devices
FAM-01332,SUBCAT-0179,Magnifying aids
FAM-01333,SUBCAT-0179,Adaptive household tools
FAM-01334,SUBCAT-0180,Restaurant utensils
FAM-01335,SUBCAT-0180,Commercial cookware
FAM-01336,SUBCAT-0180,Serving equipment
FAM-01337,SUBCAT-0180,Food containers
FAM-01338,SUBCAT-0181,Commercial cleaning chemicals
FAM-01339,SUBCAT-0181,Mop systems
FAM-01340,SUBCAT-0181,Janitorial equipment
FAM-01341,SUBCAT-0181,Industrial bins
FAM-01342,SUBCAT-0182,POS equipment
FAM-01343,SUBCAT-0182,Barcode scanners
FAM-01344,SUBCAT-0182,Cash drawers
FAM-01345,SUBCAT-0182,Receipt printers
FAM-01346,SUBCAT-0182,Display fixtures
FAM-01347,SUBCAT-0183,Tools
FAM-01348,SUBCAT-0183,Safety equipment
FAM-01349,SUBCAT-0183,Storage systems
FAM-01350,SUBCAT-0183,Consumables
FAM-01351,SUBCAT-0184,Dumbbells
FAM-01352,SUBCAT-0184,Barbells
FAM-01353,SUBCAT-0184,Weight plates
FAM-01354,SUBCAT-0184,Resistance bands
FAM-01355,SUBCAT-0184,Yoga mats
FAM-01356,SUBCAT-0184,Benches
FAM-01357,SUBCAT-0184,Exercise machines
FAM-01358,SUBCAT-0185,Running shoes
FAM-01359,SUBCAT-0185,Running clothes
FAM-01360,SUBCAT-0185,Hydration products
FAM-01361,SUBCAT-0185,Fitness watches
FAM-01362,SUBCAT-0186,Football
FAM-01363,SUBCAT-0186,Cricket
FAM-01364,SUBCAT-0186,Basketball
FAM-01365,SUBCAT-0186,Volleyball
FAM-01366,SUBCAT-0186,Baseball
FAM-01367,SUBCAT-0186,Hockey
FAM-01368,SUBCAT-0187,Tennis
FAM-01369,SUBCAT-0187,Badminton
FAM-01370,SUBCAT-0187,Squash
FAM-01371,SUBCAT-0187,Table tennis
FAM-01372,SUBCAT-0188,Boxing gloves
FAM-01373,SUBCAT-0188,Protective equipment
FAM-01374,SUBCAT-0188,Training gear
FAM-01375,SUBCAT-0189,Camping gear
FAM-01376,SUBCAT-0189,Hiking gear
FAM-01377,SUBCAT-0189,Trekking gear
FAM-01378,SUBCAT-0189,Sleeping bags
FAM-01379,SUBCAT-0189,Tents
FAM-01380,SUBCAT-0189,Backpacks
FAM-01381,SUBCAT-0189,Compasses
FAM-01382,SUBCAT-0190,Pens
FAM-01383,SUBCAT-0190,Pencils
FAM-01384,SUBCAT-0190,Markers
FAM-01385,SUBCAT-0190,Highlighters
FAM-01386,SUBCAT-0190,Fountain pens
FAM-01387,SUBCAT-0191,Notebooks
FAM-01388,SUBCAT-0191,Diaries
FAM-01389,SUBCAT-0191,Journals
FAM-01390,SUBCAT-0191,Printing paper
FAM-01391,SUBCAT-0191,Drawing paper
FAM-01392,SUBCAT-0191,Sticky notes
FAM-01393,SUBCAT-0192,Files
FAM-01394,SUBCAT-0192,Folders
FAM-01395,SUBCAT-0192,Staplers
FAM-01396,SUBCAT-0192,Paper clips
FAM-01397,SUBCAT-0192,Scissors
FAM-01398,SUBCAT-0192,Tape
FAM-01399,SUBCAT-0192,Envelopes
FAM-01400,SUBCAT-0192,Labels
FAM-01401,SUBCAT-0193,Desk organizers
FAM-01402,SUBCAT-0193,Pen stands
FAM-01403,SUBCAT-0193,Calendars
FAM-01404,SUBCAT-0193,Document trays
FAM-01405,SUBCAT-0194,Rattles
FAM-01406,SUBCAT-0194,Teethers
FAM-01407,SUBCAT-0194,Activity toys
FAM-01408,SUBCAT-0195,Building blocks
FAM-01409,SUBCAT-0195,STEM kits
FAM-01410,SUBCAT-0195,Science kits
FAM-01411,SUBCAT-0195,Math toys
FAM-01412,SUBCAT-0195,Puzzle toys
FAM-01413,SUBCAT-0195,Learning boards
FAM-01414,SUBCAT-0196,Drawing kits
FAM-01415,SUBCAT-0196,Painting kits
FAM-01416,SUBCAT-0196,Clay
FAM-01417,SUBCAT-0196,Craft kits
FAM-01418,SUBCAT-0197,Kitchen sets
FAM-01419,SUBCAT-0197,Doctor sets
FAM-01420,SUBCAT-0197,Tool sets
FAM-01421,SUBCAT-0197,Doll houses
FAM-01422,SUBCAT-0197,Role-play costumes
FAM-01423,SUBCAT-0198,Action figures
FAM-01424,SUBCAT-0198,Dolls
FAM-01425,SUBCAT-0198,Collectible figures
FAM-01426,SUBCAT-0198,Character toys
FAM-01427,SUBCAT-0199,Suitcases
FAM-01428,SUBCAT-0199,Backpacks
FAM-01429,SUBCAT-0199,Travel bags
FAM-01430,SUBCAT-0199,Neck pillows
FAM-01431,SUBCAT-0199,Travel blankets
FAM-01432,SUBCAT-0199,Packing cubes
FAM-01433,SUBCAT-0199,Passport holders
FAM-01434,SUBCAT-0199,Travel wallets
FAM-01435,SUBCAT-0199,Luggage locks
FAM-01436,SUBCAT-0199,Toiletry bags
FAM-01437,SUBCAT-0199,Travel adapters
FAM-01438,SUBCAT-0199,Travel bottles
FAM-01439,SUBCAT-0199,Travel organizers
FAM-01440,SUBCAT-0199,Portable chargers
FAM-01441,SUBCAT-0200,Analog watches
FAM-01442,SUBCAT-0200,Digital watches
FAM-01443,SUBCAT-0200,Smart watches
FAM-01444,SUBCAT-0200,Luxury watches
FAM-01445,SUBCAT-0200,Sports watches
FAM-01446,SUBCAT-0200,Kids' watches
FAM-01447,SUBCAT-0200,Fitness trackers
FAM-01448,SUBCAT-0200,Watch straps
FAM-01449,SUBCAT-0200,Watch accessories
FAM-01450,SUBCAT-0200,Clocks
FAM-01451,SUBCAT-0200,Wall clocks
FAM-01452,SUBCAT-0200,Alarm clocks
FAM-01453,SUBCAT-0200,Travel clocks
