EVENT_ID,TARGET_LEVEL,TARGET_ID,IMPACT_DIRECTION,DEMAND_MULTIPLIER,IMPACT_STRENGTH,APPLY_MODE
EV001,SUBCATEGORY,SUBCAT-0117,POSITIVE,1.8,MEDIUM,MULTIPLICATIVE
EV001,CATEGORY,CAT-059,POSITIVE,1.8,MEDIUM,MULTIPLICATIVE
EV001,SUBCATEGORY,SUBCAT-0031,POSITIVE,1.8,MEDIUM,MULTIPLICATIVE
EV001,CATEGORY,CAT-010,POSITIVE,1.8,MEDIUM,MULTIPLICATIVE
EV001,CATEGORY,CAT-031,POSITIVE,1.8,MEDIUM,MULTIPLICATIVE
EV001,SUBCATEGORY,SUBCAT-0133,POSITIVE,1.8,MEDIUM,MULTIPLICATIVE
EV001,CATEGORY,CAT-021,POSITIVE,1.8,MEDIUM,MULTIPLICATIVE
EV001,SUBCATEGORY,SUBCAT-0037,POSITIVE,1.8,MEDIUM,MULTIPLICATIVE
EV001,CATEGORY,CAT-009,POSITIVE,1.8,MEDIUM,MULTIPLICATIVE
EV001,CATEGORY,CAT-067,POSITIVE,1.8,MEDIUM,MULTIPLICATIVE
EV001,SUBCATEGORY,SUBCAT-0097,POSITIVE,1.8,MEDIUM,MULTIPLICATIVE
EV001,CATEGORY,CAT-015,POSITIVE,1.8,MEDIUM,MULTIPLICATIVE
EV002,CATEGORY,CAT-001,POSITIVE,2.2,HIGH,MULTIPLICATIVE
EV002,CATEGORY,CAT-002,POSITIVE,2.2,HIGH,MULTIPLICATIVE
EV002,CATEGORY,CAT-003,POSITIVE,2.2,HIGH,MULTIPLICATIVE
EV002,CATEGORY,CAT-025,POSITIVE,2.2,HIGH,MULTIPLICATIVE
EV002,SUBCATEGORY,SUBCAT-0161,POSITIVE,2.2,HIGH,MULTIPLICATIVE
EV002,SUBCATEGORY,SUBCAT-0133,POSITIVE,2.2,HIGH,MULTIPLICATIVE
EV002,CATEGORY,CAT-021,POSITIVE,2.2,HIGH,MULTIPLICATIVE
EV002,CATEGORY,CAT-037,POSITIVE,2.2,HIGH,MULTIPLICATIVE
EV002,SUBCATEGORY,SUBCAT-0097,POSITIVE,2.2,HIGH,MULTIPLICATIVE
EV002,CATEGORY,CAT-015,POSITIVE,2.2,HIGH,MULTIPLICATIVE
EV002,CATEGORY,CAT-028,POSITIVE,2.2,HIGH,MULTIPLICATIVE
EV003,CATEGORY,CAT-010,POSITIVE,1.8,MEDIUM,MULTIPLICATIVE
EV003,SUBCATEGORY,SUBCAT-0034,POSITIVE,1.8,MEDIUM,MULTIPLICATIVE
EV004,SUBCATEGORY,SUBCAT-0082,POSITIVE,2.3,HIGH,MULTIPLICATIVE
EV004,SUBCATEGORY,SUBCAT-0126,POSITIVE,2.3,HIGH,MULTIPLICATIVE
EV005,SUBCATEGORY,SUBCAT-0181,POSITIVE,1.8,MEDIUM,MULTIPLICATIVE
EV005,CATEGORY,CAT-046,POSITIVE,1.8,MEDIUM,MULTIPLICATIVE
EV005,CATEGORY,CAT-028,POSITIVE,1.8,MEDIUM,MULTIPLICATIVE
EV005,CATEGORY,CAT-001,POSITIVE,1.8,MEDIUM,MULTIPLICATIVE
EV005,CATEGORY,CAT-002,POSITIVE,1.8,MEDIUM,MULTIPLICATIVE
EV005,CATEGORY,CAT-003,POSITIVE,1.8,MEDIUM,MULTIPLICATIVE
EV005,SUBCATEGORY,SUBCAT-0126,POSITIVE,1.8,MEDIUM,MULTIPLICATIVE
EV006,SUBCATEGORY,SUBCAT-0124,POSITIVE,2.2,HIGH,MULTIPLICATIVE
EV006,CATEGORY,CAT-056,POSITIVE,2.2,HIGH,MULTIPLICATIVE
EV006,SUBCATEGORY,SUBCAT-0032,POSITIVE,2.2,HIGH,MULTIPLICATIVE
EV006,SUBCATEGORY,SUBCAT-0082,POSITIVE,2.2,HIGH,MULTIPLICATIVE
EV006,SUBCATEGORY,SUBCAT-0161,POSITIVE,2.2,HIGH,MULTIPLICATIVE
EV007,SUBCATEGORY,SUBCAT-0106,POSITIVE,3.2,HIGH,MULTIPLICATIVE
EV007,CATEGORY,CAT-026,POSITIVE,3.2,HIGH,MULTIPLICATIVE
EV007,SUBCATEGORY,SUBCAT-0121,POSITIVE,3.2,HIGH,MULTIPLICATIVE
EV007,SUBCATEGORY,SUBCAT-0126,POSITIVE,3.2,HIGH,MULTIPLICATIVE
EV007,CATEGORY,CAT-031,POSITIVE,3.2,HIGH,MULTIPLICATIVE
EV008,SUBCATEGORY,SUBCAT-0173,POSITIVE,1.8,MEDIUM,MULTIPLICATIVE
EV008,CATEGORY,CAT-023,POSITIVE,1.8,MEDIUM,MULTIPLICATIVE
EV008,SUBCATEGORY,SUBCAT-0009,POSITIVE,1.8,MEDIUM,MULTIPLICATIVE
EV008,SUBCATEGORY,SUBCAT-0126,POSITIVE,1.8,MEDIUM,MULTIPLICATIVE
EV009,SUBCATEGORY,SUBCAT-0032,POSITIVE,1.7,MEDIUM,MULTIPLICATIVE
EV009,CATEGORY,CAT-023,POSITIVE,1.7,MEDIUM,MULTIPLICATIVE
EV009,CATEGORY,CAT-012,POSITIVE,1.7,MEDIUM,MULTIPLICATIVE
EV009,CATEGORY,CAT-064,POSITIVE,1.7,MEDIUM,MULTIPLICATIVE
EV009,SUBCATEGORY,SUBCAT-0195,POSITIVE,1.7,MEDIUM,MULTIPLICATIVE
EV010,CATEGORY,CAT-001,POSITIVE,1.5,MEDIUM,MULTIPLICATIVE
EV010,CATEGORY,CAT-002,POSITIVE,1.5,MEDIUM,MULTIPLICATIVE
EV010,CATEGORY,CAT-003,POSITIVE,1.5,MEDIUM,MULTIPLICATIVE
EV010,CATEGORY,CAT-059,POSITIVE,1.5,MEDIUM,MULTIPLICATIVE
EV010,CATEGORY,CAT-010,POSITIVE,1.5,MEDIUM,MULTIPLICATIVE
EV010,CATEGORY,CAT-066,POSITIVE,1.5,MEDIUM,MULTIPLICATIVE
EV010,CATEGORY,CAT-064,POSITIVE,1.5,MEDIUM,MULTIPLICATIVE
EV010,SUBCATEGORY,SUBCAT-0097,POSITIVE,1.5,MEDIUM,MULTIPLICATIVE
EV010,CATEGORY,CAT-015,POSITIVE,1.5,MEDIUM,MULTIPLICATIVE
EV011,SUBCATEGORY,SUBCAT-0097,POSITIVE,2.6,HIGH,MULTIPLICATIVE
EV011,CATEGORY,CAT-015,POSITIVE,2.6,HIGH,MULTIPLICATIVE
EV011,SUBCATEGORY,SUBCAT-0117,POSITIVE,2.6,HIGH,MULTIPLICATIVE
EV011,CATEGORY,CAT-036,POSITIVE,2.6,HIGH,MULTIPLICATIVE
EV011,SUBCATEGORY,SUBCAT-0133,POSITIVE,2.6,HIGH,MULTIPLICATIVE
EV011,CATEGORY,CAT-021,POSITIVE,2.6,HIGH,MULTIPLICATIVE
EV011,SUBCATEGORY,SUBCAT-0170,POSITIVE,2.6,HIGH,MULTIPLICATIVE
EV011,CATEGORY,CAT-033,POSITIVE,2.6,HIGH,MULTIPLICATIVE
EV011,CATEGORY,CAT-037,POSITIVE,2.6,HIGH,MULTIPLICATIVE
EV011,CATEGORY,CAT-058,POSITIVE,2.6,HIGH,MULTIPLICATIVE
EV011,SUBCATEGORY,SUBCAT-0037,POSITIVE,2.6,HIGH,MULTIPLICATIVE
EV011,CATEGORY,CAT-009,POSITIVE,2.6,HIGH,MULTIPLICATIVE
EV012,CATEGORY,CAT-023,POSITIVE,2.0,HIGH,MULTIPLICATIVE
EV012,SUBCATEGORY,SUBCAT-0031,POSITIVE,2.0,HIGH,MULTIPLICATIVE
EV012,CATEGORY,CAT-065,POSITIVE,2.0,HIGH,MULTIPLICATIVE
EV012,CATEGORY,CAT-039,POSITIVE,2.0,HIGH,MULTIPLICATIVE
EV012,SUBCATEGORY,SUBCAT-0161,POSITIVE,2.0,HIGH,MULTIPLICATIVE
EV012,SUBCATEGORY,SUBCAT-0133,POSITIVE,2.0,HIGH,MULTIPLICATIVE
EV012,CATEGORY,CAT-021,POSITIVE,2.0,HIGH,MULTIPLICATIVE
EV012,CATEGORY,CAT-031,POSITIVE,2.0,HIGH,MULTIPLICATIVE
EV012,SUBCATEGORY,SUBCAT-0036,POSITIVE,2.0,HIGH,MULTIPLICATIVE
EV013,SUBCATEGORY,SUBCAT-0031,POSITIVE,2.5,HIGH,MULTIPLICATIVE
EV013,CATEGORY,CAT-023,POSITIVE,2.5,HIGH,MULTIPLICATIVE
EV013,CATEGORY,CAT-039,POSITIVE,2.5,HIGH,MULTIPLICATIVE
EV013,CATEGORY,CAT-067,POSITIVE,2.5,HIGH,MULTIPLICATIVE
EV013,SUBCATEGORY,SUBCAT-0161,POSITIVE,2.5,HIGH,MULTIPLICATIVE
EV013,SUBCATEGORY,SUBCAT-0133,POSITIVE,2.5,HIGH,MULTIPLICATIVE
EV013,CATEGORY,CAT-021,POSITIVE,2.5,HIGH,MULTIPLICATIVE
EV013,CATEGORY,CAT-031,POSITIVE,2.5,HIGH,MULTIPLICATIVE
EV013,SUBCATEGORY,SUBCAT-0037,POSITIVE,2.5,HIGH,MULTIPLICATIVE
EV013,CATEGORY,CAT-009,POSITIVE,2.5,HIGH,MULTIPLICATIVE
EV014,SUBCATEGORY,SUBCAT-0082,POSITIVE,1.7,MEDIUM,MULTIPLICATIVE
EV014,SUBCATEGORY,SUBCAT-0058,POSITIVE,1.7,MEDIUM,MULTIPLICATIVE
EV014,SUBCATEGORY,SUBCAT-0059,POSITIVE,1.7,MEDIUM,MULTIPLICATIVE
EV014,CATEGORY,CAT-016,POSITIVE,1.7,MEDIUM,MULTIPLICATIVE
EV014,SUBCATEGORY,SUBCAT-0173,POSITIVE,1.7,MEDIUM,MULTIPLICATIVE
EV014,CATEGORY,CAT-023,POSITIVE,1.7,MEDIUM,MULTIPLICATIVE
EV014,SUBCATEGORY,SUBCAT-0141,NEGATIVE,0.35,HIGH,MULTIPLICATIVE
EV014,SUBCATEGORY,SUBCAT-0143,NEGATIVE,0.35,HIGH,MULTIPLICATIVE
EV015,CATEGORY,CAT-025,POSITIVE,2.4,HIGH,MULTIPLICATIVE
EV015,CATEGORY,CAT-001,POSITIVE,2.4,HIGH,MULTIPLICATIVE
EV015,CATEGORY,CAT-002,POSITIVE,2.4,HIGH,MULTIPLICATIVE
EV015,CATEGORY,CAT-003,POSITIVE,2.4,HIGH,MULTIPLICATIVE
EV015,CATEGORY,CAT-037,POSITIVE,2.4,HIGH,MULTIPLICATIVE
EV015,SUBCATEGORY,SUBCAT-0161,POSITIVE,2.4,HIGH,MULTIPLICATIVE
EV015,SUBCATEGORY,SUBCAT-0055,POSITIVE,2.4,HIGH,MULTIPLICATIVE
EV015,SUBCATEGORY,SUBCAT-0081,POSITIVE,2.4,HIGH,MULTIPLICATIVE
EV015,SUBCATEGORY,SUBCAT-0193,POSITIVE,2.4,HIGH,MULTIPLICATIVE
EV015,CATEGORY,CAT-021,POSITIVE,2.4,HIGH,MULTIPLICATIVE
EV016,CATEGORY,CAT-039,POSITIVE,3.1,HIGH,MULTIPLICATIVE
EV016,CATEGORY,CAT-009,POSITIVE,3.1,HIGH,MULTIPLICATIVE
EV016,CATEGORY,CAT-025,POSITIVE,3.1,HIGH,MULTIPLICATIVE
EV016,SUBCATEGORY,SUBCAT-0036,POSITIVE,3.1,HIGH,MULTIPLICATIVE
EV016,CATEGORY,CAT-031,POSITIVE,3.1,HIGH,MULTIPLICATIVE
EV017,CATEGORY,CAT-012,POSITIVE,1.7,MEDIUM,MULTIPLICATIVE
EV017,CATEGORY,CAT-064,POSITIVE,1.7,MEDIUM,MULTIPLICATIVE
EV017,SUBCATEGORY,SUBCAT-0195,POSITIVE,1.7,MEDIUM,MULTIPLICATIVE
EV018,CATEGORY,CAT-010,POSITIVE,1.4,MEDIUM,MULTIPLICATIVE
EV018,SUBCATEGORY,SUBCAT-0034,POSITIVE,1.4,MEDIUM,MULTIPLICATIVE
EV018,CATEGORY,CAT-048,POSITIVE,1.4,MEDIUM,MULTIPLICATIVE
EV019,SUBCATEGORY,SUBCAT-0038,POSITIVE,2.2,HIGH,MULTIPLICATIVE
EV019,SUBCATEGORY,SUBCAT-0032,POSITIVE,2.2,HIGH,MULTIPLICATIVE
EV019,CATEGORY,CAT-059,POSITIVE,2.2,HIGH,MULTIPLICATIVE
EV019,CATEGORY,CAT-010,POSITIVE,2.2,HIGH,MULTIPLICATIVE
EV019,SUBCATEGORY,SUBCAT-0117,POSITIVE,2.2,HIGH,MULTIPLICATIVE
EV019,CATEGORY,CAT-048,POSITIVE,2.2,HIGH,MULTIPLICATIVE
EV020,SUBCATEGORY,SUBCAT-0126,POSITIVE,1.8,MEDIUM,MULTIPLICATIVE
EV020,SUBCATEGORY,SUBCAT-0032,POSITIVE,1.8,MEDIUM,MULTIPLICATIVE
EV020,SUBCATEGORY,SUBCAT-0082,POSITIVE,1.8,MEDIUM,MULTIPLICATIVE
EV020,SUBCATEGORY,SUBCAT-0009,POSITIVE,1.8,MEDIUM,MULTIPLICATIVE
EV020,SUBCATEGORY,SUBCAT-0173,POSITIVE,1.8,MEDIUM,MULTIPLICATIVE
EV021,SUBCATEGORY,SUBCAT-0032,POSITIVE,3.0,HIGH,MULTIPLICATIVE
EV021,CATEGORY,CAT-059,POSITIVE,3.0,HIGH,MULTIPLICATIVE
EV021,CATEGORY,CAT-010,POSITIVE,3.0,HIGH,MULTIPLICATIVE
EV021,CATEGORY,CAT-048,POSITIVE,3.0,HIGH,MULTIPLICATIVE
EV021,SUBCATEGORY,SUBCAT-0117,POSITIVE,3.0,HIGH,MULTIPLICATIVE
EV022,SUBCATEGORY,SUBCAT-0082,POSITIVE,1.9,MEDIUM,MULTIPLICATIVE
EV022,CATEGORY,CAT-010,POSITIVE,1.9,MEDIUM,MULTIPLICATIVE
EV022,SUBCATEGORY,SUBCAT-0141,POSITIVE,1.9,MEDIUM,MULTIPLICATIVE
EV022,CATEGORY,CAT-041,POSITIVE,1.9,MEDIUM,MULTIPLICATIVE
EV022,SUBCATEGORY,SUBCAT-0029,POSITIVE,1.9,MEDIUM,MULTIPLICATIVE
EV022,CATEGORY,CAT-008,POSITIVE,1.9,MEDIUM,MULTIPLICATIVE
EV022,SUBCATEGORY,SUBCAT-0173,POSITIVE,1.9,MEDIUM,MULTIPLICATIVE
EV022,CATEGORY,CAT-048,POSITIVE,1.9,MEDIUM,MULTIPLICATIVE
EV022,SUBCATEGORY,SUBCAT-0143,NEGATIVE,0.35,HIGH,MULTIPLICATIVE
EV023,SUBCATEGORY,SUBCAT-0082,POSITIVE,2.2,HIGH,MULTIPLICATIVE
EV023,CATEGORY,CAT-010,POSITIVE,2.2,HIGH,MULTIPLICATIVE
EV023,SUBCATEGORY,SUBCAT-0058,POSITIVE,2.2,HIGH,MULTIPLICATIVE
EV023,SUBCATEGORY,SUBCAT-0059,POSITIVE,2.2,HIGH,MULTIPLICATIVE
EV023,CATEGORY,CAT-016,POSITIVE,2.2,HIGH,MULTIPLICATIVE
EV023,SUBCATEGORY,SUBCAT-0029,POSITIVE,2.2,HIGH,MULTIPLICATIVE
EV023,CATEGORY,CAT-008,POSITIVE,2.2,HIGH,MULTIPLICATIVE
EV023,SUBCATEGORY,SUBCAT-0141,POSITIVE,2.2,HIGH,MULTIPLICATIVE
EV023,CATEGORY,CAT-041,POSITIVE,2.2,HIGH,MULTIPLICATIVE
EV023,SUBCATEGORY,SUBCAT-0106,POSITIVE,2.2,HIGH,MULTIPLICATIVE
EV023,SUBCATEGORY,SUBCAT-0173,POSITIVE,2.2,HIGH,MULTIPLICATIVE
EV023,SUBCATEGORY,SUBCAT-0143,NEGATIVE,0.35,HIGH,MULTIPLICATIVE
EV024,CATEGORY,CAT-026,POSITIVE,2.5,HIGH,MULTIPLICATIVE
EV024,SUBCATEGORY,SUBCAT-0082,POSITIVE,2.5,HIGH,MULTIPLICATIVE
EV024,SUBCATEGORY,SUBCAT-0106,POSITIVE,2.5,HIGH,MULTIPLICATIVE
EV024,SUBCATEGORY,SUBCAT-0032,POSITIVE,2.5,HIGH,MULTIPLICATIVE
EV024,SUBCATEGORY,SUBCAT-0121,POSITIVE,2.5,HIGH,MULTIPLICATIVE
EV025,CATEGORY,CAT-039,POSITIVE,2.4,HIGH,MULTIPLICATIVE
EV025,CATEGORY,CAT-026,POSITIVE,2.4,HIGH,MULTIPLICATIVE
EV025,SUBCATEGORY,SUBCAT-0126,POSITIVE,2.4,HIGH,MULTIPLICATIVE
EV025,SUBCATEGORY,SUBCAT-0032,POSITIVE,2.4,HIGH,MULTIPLICATIVE
EV025,CATEGORY,CAT-031,POSITIVE,2.4,HIGH,MULTIPLICATIVE
EV026,SUBCATEGORY,SUBCAT-0173,POSITIVE,1.7,MEDIUM,MULTIPLICATIVE
EV026,SUBCATEGORY,SUBCAT-0082,POSITIVE,1.7,MEDIUM,MULTIPLICATIVE
EV026,SUBCATEGORY,SUBCAT-0058,POSITIVE,1.7,MEDIUM,MULTIPLICATIVE
EV026,SUBCATEGORY,SUBCAT-0059,POSITIVE,1.7,MEDIUM,MULTIPLICATIVE
EV026,CATEGORY,CAT-016,POSITIVE,1.7,MEDIUM,MULTIPLICATIVE
EV026,SUBCATEGORY,SUBCAT-0141,NEGATIVE,0.35,HIGH,MULTIPLICATIVE
EV026,SUBCATEGORY,SUBCAT-0143,NEGATIVE,0.35,HIGH,MULTIPLICATIVE
EV027,SUBCATEGORY,SUBCAT-0082,POSITIVE,1.8,MEDIUM,MULTIPLICATIVE
EV027,SUBCATEGORY,SUBCAT-0032,POSITIVE,1.8,MEDIUM,MULTIPLICATIVE
EV028,SUBCATEGORY,SUBCAT-0082,POSITIVE,1.4,MEDIUM,MULTIPLICATIVE
EV028,SUBCATEGORY,SUBCAT-0032,POSITIVE,1.4,MEDIUM,MULTIPLICATIVE
EV028,SUBCATEGORY,SUBCAT-0173,POSITIVE,1.4,MEDIUM,MULTIPLICATIVE
EV029,SUBCATEGORY,SUBCAT-0192,POSITIVE,1.8,MEDIUM,MULTIPLICATIVE
EV029,CATEGORY,CAT-064,POSITIVE,1.8,MEDIUM,MULTIPLICATIVE
EV029,SUBCATEGORY,SUBCAT-0077,POSITIVE,1.8,MEDIUM,MULTIPLICATIVE
EV029,SUBCATEGORY,SUBCAT-0020,POSITIVE,1.8,MEDIUM,MULTIPLICATIVE
EV029,SUBCATEGORY,SUBCAT-0097,POSITIVE,1.8,MEDIUM,MULTIPLICATIVE
EV029,CATEGORY,CAT-015,POSITIVE,1.8,MEDIUM,MULTIPLICATIVE
EV029,CATEGORY,CAT-028,POSITIVE,1.8,MEDIUM,MULTIPLICATIVE
EV029,CATEGORY,CAT-036,POSITIVE,1.8,MEDIUM,MULTIPLICATIVE
EV029,CATEGORY,CAT-044,POSITIVE,1.8,MEDIUM,MULTIPLICATIVE
EV030,SUBCATEGORY,SUBCAT-0020,POSITIVE,1.5,MEDIUM,MULTIPLICATIVE
EV030,SUBCATEGORY,SUBCAT-0097,POSITIVE,1.5,MEDIUM,MULTIPLICATIVE
EV030,CATEGORY,CAT-015,POSITIVE,1.5,MEDIUM,MULTIPLICATIVE
EV030,SUBCATEGORY,SUBCAT-0077,POSITIVE,1.5,MEDIUM,MULTIPLICATIVE
EV030,SUBCATEGORY,SUBCAT-0192,POSITIVE,1.5,MEDIUM,MULTIPLICATIVE
EV031,SUBCATEGORY,SUBCAT-0032,POSITIVE,2.3,HIGH,MULTIPLICATIVE
EV031,SUBCATEGORY,SUBCAT-0058,POSITIVE,2.3,HIGH,MULTIPLICATIVE
EV031,SUBCATEGORY,SUBCAT-0059,POSITIVE,2.3,HIGH,MULTIPLICATIVE
EV031,CATEGORY,CAT-016,POSITIVE,2.3,HIGH,MULTIPLICATIVE
EV031,CATEGORY,CAT-026,POSITIVE,2.3,HIGH,MULTIPLICATIVE
EV031,CATEGORY,CAT-039,POSITIVE,2.3,HIGH,MULTIPLICATIVE
EV031,CATEGORY,CAT-031,POSITIVE,2.3,HIGH,MULTIPLICATIVE
EV031,SUBCATEGORY,SUBCAT-0173,POSITIVE,2.3,HIGH,MULTIPLICATIVE
EV032,CATEGORY,CAT-039,POSITIVE,2.2,HIGH,MULTIPLICATIVE
EV032,SUBCATEGORY,SUBCAT-0082,POSITIVE,2.2,HIGH,MULTIPLICATIVE
EV032,SUBCATEGORY,SUBCAT-0032,POSITIVE,2.2,HIGH,MULTIPLICATIVE
EV032,SUBCATEGORY,SUBCAT-0121,POSITIVE,2.2,HIGH,MULTIPLICATIVE
EV033,SUBCATEGORY,SUBCAT-0009,POSITIVE,2.5,HIGH,MULTIPLICATIVE
EV033,CATEGORY,CAT-039,POSITIVE,2.5,HIGH,MULTIPLICATIVE
EV033,SUBCATEGORY,SUBCAT-0082,POSITIVE,2.5,HIGH,MULTIPLICATIVE
EV033,CATEGORY,CAT-023,POSITIVE,2.5,HIGH,MULTIPLICATIVE
EV033,CATEGORY,CAT-031,POSITIVE,2.5,HIGH,MULTIPLICATIVE
EV033,SUBCATEGORY,SUBCAT-0032,POSITIVE,2.5,HIGH,MULTIPLICATIVE
EV033,SUBCATEGORY,SUBCAT-0126,POSITIVE,2.5,HIGH,MULTIPLICATIVE
EV033,SUBCATEGORY,SUBCAT-0121,POSITIVE,2.5,HIGH,MULTIPLICATIVE
EV034,SUBCATEGORY,SUBCAT-0032,POSITIVE,2.3,HIGH,MULTIPLICATIVE
EV034,SUBCATEGORY,SUBCAT-0142,POSITIVE,2.3,HIGH,MULTIPLICATIVE
EV034,CATEGORY,CAT-026,POSITIVE,2.3,HIGH,MULTIPLICATIVE
EV034,SUBCATEGORY,SUBCAT-0126,POSITIVE,2.3,HIGH,MULTIPLICATIVE
EV034,CATEGORY,CAT-039,POSITIVE,2.3,HIGH,MULTIPLICATIVE
EV034,CATEGORY,CAT-031,POSITIVE,2.3,HIGH,MULTIPLICATIVE
EV035,SUBCATEGORY,SUBCAT-0009,POSITIVE,2.5,HIGH,MULTIPLICATIVE
EV035,SUBCATEGORY,SUBCAT-0141,POSITIVE,2.5,HIGH,MULTIPLICATIVE
EV035,CATEGORY,CAT-041,POSITIVE,2.5,HIGH,MULTIPLICATIVE
EV035,SUBCATEGORY,SUBCAT-0142,POSITIVE,2.5,HIGH,MULTIPLICATIVE
EV035,SUBCATEGORY,SUBCAT-0032,POSITIVE,2.5,HIGH,MULTIPLICATIVE
EV035,CATEGORY,CAT-031,POSITIVE,2.5,HIGH,MULTIPLICATIVE
EV035,SUBCATEGORY,SUBCAT-0077,POSITIVE,2.5,HIGH,MULTIPLICATIVE
EV035,CATEGORY,CAT-042,POSITIVE,2.5,HIGH,MULTIPLICATIVE
EV036,CATEGORY,CAT-026,POSITIVE,1.8,MEDIUM,MULTIPLICATIVE
EV036,SUBCATEGORY,SUBCAT-0032,POSITIVE,1.8,MEDIUM,MULTIPLICATIVE
EV037,SUBCATEGORY,SUBCAT-0029,POSITIVE,1.6,MEDIUM,MULTIPLICATIVE
EV037,CATEGORY,CAT-008,POSITIVE,1.6,MEDIUM,MULTIPLICATIVE
EV037,SUBCATEGORY,SUBCAT-0031,POSITIVE,1.6,MEDIUM,MULTIPLICATIVE
EV037,CATEGORY,CAT-010,POSITIVE,1.6,MEDIUM,MULTIPLICATIVE
EV037,CATEGORY,CAT-001,POSITIVE,1.6,MEDIUM,MULTIPLICATIVE
EV037,CATEGORY,CAT-002,POSITIVE,1.6,MEDIUM,MULTIPLICATIVE
EV037,CATEGORY,CAT-003,POSITIVE,1.6,MEDIUM,MULTIPLICATIVE
EV037,CATEGORY,CAT-066,POSITIVE,1.6,MEDIUM,MULTIPLICATIVE
EV037,CATEGORY,CAT-031,POSITIVE,1.6,MEDIUM,MULTIPLICATIVE
EV038,SUBCATEGORY,SUBCAT-0031,POSITIVE,2.0,HIGH,MULTIPLICATIVE
EV038,SUBCATEGORY,SUBCAT-0029,POSITIVE,2.0,HIGH,MULTIPLICATIVE
EV038,CATEGORY,CAT-008,POSITIVE,2.0,HIGH,MULTIPLICATIVE
EV038,SUBCATEGORY,SUBCAT-0144,POSITIVE,2.0,HIGH,MULTIPLICATIVE
EV038,SUBCATEGORY,SUBCAT-0079,POSITIVE,2.0,HIGH,MULTIPLICATIVE
EV038,SUBCATEGORY,SUBCAT-0092,POSITIVE,2.0,HIGH,MULTIPLICATIVE
EV038,CATEGORY,CAT-031,POSITIVE,2.0,HIGH,MULTIPLICATIVE
EV038,SUBCATEGORY,SUBCAT-0133,POSITIVE,2.0,HIGH,MULTIPLICATIVE
EV038,CATEGORY,CAT-021,POSITIVE,2.0,HIGH,MULTIPLICATIVE
EV039,CATEGORY,CAT-010,POSITIVE,1.9,MEDIUM,MULTIPLICATIVE
EV040,CATEGORY,CAT-039,POSITIVE,2.8,HIGH,MULTIPLICATIVE
EV040,CATEGORY,CAT-031,POSITIVE,2.8,HIGH,MULTIPLICATIVE
EV040,CATEGORY,CAT-036,POSITIVE,2.8,HIGH,MULTIPLICATIVE
EV041,CATEGORY,CAT-010,POSITIVE,2.5,HIGH,MULTIPLICATIVE
EV042,CATEGORY,CAT-026,POSITIVE,2.2,HIGH,MULTIPLICATIVE
EV042,SUBCATEGORY,SUBCAT-0040,POSITIVE,2.2,HIGH,MULTIPLICATIVE
EV042,SUBCATEGORY,SUBCAT-0058,POSITIVE,2.2,HIGH,MULTIPLICATIVE
EV042,SUBCATEGORY,SUBCAT-0059,POSITIVE,2.2,HIGH,MULTIPLICATIVE
EV042,CATEGORY,CAT-016,POSITIVE,2.2,HIGH,MULTIPLICATIVE
EV042,SUBCATEGORY,SUBCAT-0173,POSITIVE,2.2,HIGH,MULTIPLICATIVE
EV043,CATEGORY,CAT-007,POSITIVE,1.8,MEDIUM,MULTIPLICATIVE
EV043,CATEGORY,CAT-001,POSITIVE,1.8,MEDIUM,MULTIPLICATIVE
EV043,CATEGORY,CAT-002,POSITIVE,1.8,MEDIUM,MULTIPLICATIVE
EV043,CATEGORY,CAT-003,POSITIVE,1.8,MEDIUM,MULTIPLICATIVE
EV043,CATEGORY,CAT-025,POSITIVE,1.8,MEDIUM,MULTIPLICATIVE
EV043,CATEGORY,CAT-065,POSITIVE,1.8,MEDIUM,MULTIPLICATIVE
EV043,SUBCATEGORY,SUBCAT-0189,POSITIVE,1.8,MEDIUM,MULTIPLICATIVE
EV044,SUBCATEGORY,SUBCAT-0082,POSITIVE,1.4,MEDIUM,MULTIPLICATIVE
EV044,SUBCATEGORY,SUBCAT-0173,POSITIVE,1.4,MEDIUM,MULTIPLICATIVE
EV044,SUBCATEGORY,SUBCAT-0032,POSITIVE,1.4,MEDIUM,MULTIPLICATIVE
EV044,CATEGORY,CAT-031,POSITIVE,1.4,MEDIUM,MULTIPLICATIVE
EV045,CATEGORY,CAT-023,POSITIVE,2.4,HIGH,MULTIPLICATIVE
EV045,SUBCATEGORY,SUBCAT-0031,POSITIVE,2.4,HIGH,MULTIPLICATIVE
EV045,SUBCATEGORY,SUBCAT-0037,POSITIVE,2.4,HIGH,MULTIPLICATIVE
EV045,CATEGORY,CAT-009,POSITIVE,2.4,HIGH,MULTIPLICATIVE
EV045,CATEGORY,CAT-039,POSITIVE,2.4,HIGH,MULTIPLICATIVE
EV045,SUBCATEGORY,SUBCAT-0133,POSITIVE,2.4,HIGH,MULTIPLICATIVE
EV045,CATEGORY,CAT-021,POSITIVE,2.4,HIGH,MULTIPLICATIVE
EV045,SUBCATEGORY,SUBCAT-0126,POSITIVE,2.4,HIGH,MULTIPLICATIVE
EV045,CATEGORY,CAT-031,POSITIVE,2.4,HIGH,MULTIPLICATIVE
EV046,CATEGORY,CAT-010,POSITIVE,2.5,HIGH,MULTIPLICATIVE
EV046,SUBCATEGORY,SUBCAT-0038,POSITIVE,2.5,HIGH,MULTIPLICATIVE
EV047,SUBCATEGORY,SUBCAT-0040,POSITIVE,2.3,HIGH,MULTIPLICATIVE
EV047,SUBCATEGORY,SUBCAT-0039,POSITIVE,2.3,HIGH,MULTIPLICATIVE
EV047,SUBCATEGORY,SUBCAT-0038,POSITIVE,2.3,HIGH,MULTIPLICATIVE
EV047,SUBCATEGORY,SUBCAT-0082,POSITIVE,2.3,HIGH,MULTIPLICATIVE
EV047,SUBCATEGORY,SUBCAT-0058,POSITIVE,2.3,HIGH,MULTIPLICATIVE
EV048,SUBCATEGORY,SUBCAT-0038,POSITIVE,1.8,MEDIUM,MULTIPLICATIVE
EV048,SUBCATEGORY,SUBCAT-0181,POSITIVE,1.8,MEDIUM,MULTIPLICATIVE
EV048,SUBCATEGORY,SUBCAT-0138,POSITIVE,1.8,MEDIUM,MULTIPLICATIVE
EV049,SUBCATEGORY,SUBCAT-0141,POSITIVE,2.8,HIGH,MULTIPLICATIVE
EV049,CATEGORY,CAT-041,POSITIVE,2.8,HIGH,MULTIPLICATIVE
EV049,SUBCATEGORY,SUBCAT-0106,POSITIVE,2.8,HIGH,MULTIPLICATIVE
EV049,SUBCATEGORY,SUBCAT-0082,POSITIVE,2.8,HIGH,MULTIPLICATIVE
EV049,CATEGORY,CAT-025,POSITIVE,2.8,HIGH,MULTIPLICATIVE
EV049,SUBCATEGORY,SUBCAT-0036,POSITIVE,2.8,HIGH,MULTIPLICATIVE
EV049,CATEGORY,CAT-031,POSITIVE,2.8,HIGH,MULTIPLICATIVE
EV049,SUBCATEGORY,SUBCAT-0173,POSITIVE,2.8,HIGH,MULTIPLICATIVE
EV050,CATEGORY,CAT-039,POSITIVE,3.0,HIGH,MULTIPLICATIVE
EV050,CATEGORY,CAT-009,POSITIVE,3.0,HIGH,MULTIPLICATIVE
EV050,CATEGORY,CAT-025,POSITIVE,3.0,HIGH,MULTIPLICATIVE
EV050,CATEGORY,CAT-031,POSITIVE,3.0,HIGH,MULTIPLICATIVE
EV050,CATEGORY,CAT-036,POSITIVE,3.0,HIGH,MULTIPLICATIVE
EV051,CATEGORY,CAT-064,POSITIVE,1.5,MEDIUM,MULTIPLICATIVE
EV051,CATEGORY,CAT-012,POSITIVE,1.5,MEDIUM,MULTIPLICATIVE
EV051,SUBCATEGORY,SUBCAT-0195,POSITIVE,1.5,MEDIUM,MULTIPLICATIVE
EV052,SUBCATEGORY,SUBCAT-0038,POSITIVE,2.2,HIGH,MULTIPLICATIVE
EV052,CATEGORY,CAT-025,POSITIVE,2.2,HIGH,MULTIPLICATIVE
EV052,SUBCATEGORY,SUBCAT-0181,POSITIVE,2.2,HIGH,MULTIPLICATIVE
EV053,SUBCATEGORY,SUBCAT-0038,POSITIVE,2.0,HIGH,MULTIPLICATIVE
EV053,CATEGORY,CAT-025,POSITIVE,2.0,HIGH,MULTIPLICATIVE
EV053,SUBCATEGORY,SUBCAT-0181,POSITIVE,2.0,HIGH,MULTIPLICATIVE
EV054,CATEGORY,CAT-064,POSITIVE,3.0,HIGH,MULTIPLICATIVE
EV054,SUBCATEGORY,SUBCAT-0038,POSITIVE,3.0,HIGH,MULTIPLICATIVE
EV054,CATEGORY,CAT-012,POSITIVE,3.0,HIGH,MULTIPLICATIVE
EV054,SUBCATEGORY,SUBCAT-0020,POSITIVE,3.0,HIGH,MULTIPLICATIVE
EV054,SUBCATEGORY,SUBCAT-0097,POSITIVE,3.0,HIGH,MULTIPLICATIVE
EV054,CATEGORY,CAT-015,POSITIVE,3.0,HIGH,MULTIPLICATIVE
EV055,CATEGORY,CAT-064,POSITIVE,2.8,HIGH,MULTIPLICATIVE
EV055,CATEGORY,CAT-025,POSITIVE,2.8,HIGH,MULTIPLICATIVE
EV055,CATEGORY,CAT-012,POSITIVE,2.8,HIGH,MULTIPLICATIVE
EV055,SUBCATEGORY,SUBCAT-0038,POSITIVE,2.8,HIGH,MULTIPLICATIVE
EV056,CATEGORY,CAT-001,POSITIVE,2.0,HIGH,MULTIPLICATIVE
EV056,CATEGORY,CAT-002,POSITIVE,2.0,HIGH,MULTIPLICATIVE
EV056,CATEGORY,CAT-003,POSITIVE,2.0,HIGH,MULTIPLICATIVE
EV056,CATEGORY,CAT-025,POSITIVE,2.0,HIGH,MULTIPLICATIVE
EV056,CATEGORY,CAT-064,POSITIVE,2.0,HIGH,MULTIPLICATIVE
EV057,CATEGORY,CAT-067,POSITIVE,2.0,HIGH,MULTIPLICATIVE
EV057,SUBCATEGORY,SUBCAT-0020,POSITIVE,2.0,HIGH,MULTIPLICATIVE
EV057,SUBCATEGORY,SUBCAT-0097,POSITIVE,2.0,HIGH,MULTIPLICATIVE
EV057,CATEGORY,CAT-015,POSITIVE,2.0,HIGH,MULTIPLICATIVE
EV057,SUBCATEGORY,SUBCAT-0162,POSITIVE,2.0,HIGH,MULTIPLICATIVE
EV057,CATEGORY,CAT-031,POSITIVE,2.0,HIGH,MULTIPLICATIVE
EV058,CATEGORY,CAT-025,POSITIVE,2.2,HIGH,MULTIPLICATIVE
EV058,SUBCATEGORY,SUBCAT-0161,POSITIVE,2.2,HIGH,MULTIPLICATIVE
EV058,SUBCATEGORY,SUBCAT-0055,POSITIVE,2.2,HIGH,MULTIPLICATIVE
EV058,SUBCATEGORY,SUBCAT-0081,POSITIVE,2.2,HIGH,MULTIPLICATIVE
EV058,SUBCATEGORY,SUBCAT-0193,POSITIVE,2.2,HIGH,MULTIPLICATIVE
EV058,CATEGORY,CAT-021,POSITIVE,2.2,HIGH,MULTIPLICATIVE
EV058,CATEGORY,CAT-007,POSITIVE,2.2,HIGH,MULTIPLICATIVE
EV058,CATEGORY,CAT-037,POSITIVE,2.2,HIGH,MULTIPLICATIVE
EV059,SUBCATEGORY,SUBCAT-0077,POSITIVE,1.5,MEDIUM,MULTIPLICATIVE
EV059,SUBCATEGORY,SUBCAT-0116,POSITIVE,1.5,MEDIUM,MULTIPLICATIVE
EV059,SUBCATEGORY,SUBCAT-0161,POSITIVE,1.5,MEDIUM,MULTIPLICATIVE
EV060,SUBCATEGORY,SUBCAT-0098,POSITIVE,1.3,LOW,MULTIPLICATIVE
EV060,SUBCATEGORY,SUBCAT-0038,POSITIVE,1.3,LOW,MULTIPLICATIVE
EV061,SUBCATEGORY,SUBCAT-0038,POSITIVE,2.0,HIGH,MULTIPLICATIVE
EV061,CATEGORY,CAT-025,POSITIVE,2.0,HIGH,MULTIPLICATIVE
EV061,SUBCATEGORY,SUBCAT-0181,POSITIVE,2.0,HIGH,MULTIPLICATIVE
EV062,SUBCATEGORY,SUBCAT-0181,POSITIVE,1.8,MEDIUM,MULTIPLICATIVE
EV062,SUBCATEGORY,SUBCAT-0038,POSITIVE,1.8,MEDIUM,MULTIPLICATIVE
EV062,SUBCATEGORY,SUBCAT-0138,POSITIVE,1.8,MEDIUM,MULTIPLICATIVE
EV063,SUBCATEGORY,SUBCAT-0032,POSITIVE,2.0,HIGH,MULTIPLICATIVE
EV063,CATEGORY,CAT-023,POSITIVE,2.0,HIGH,MULTIPLICATIVE
EV064,CATEGORY,CAT-012,POSITIVE,1.6,MEDIUM,MULTIPLICATIVE
EV064,CATEGORY,CAT-064,POSITIVE,1.6,MEDIUM,MULTIPLICATIVE
EV064,CATEGORY,CAT-031,POSITIVE,1.6,MEDIUM,MULTIPLICATIVE
EV064,CATEGORY,CAT-023,POSITIVE,1.6,MEDIUM,MULTIPLICATIVE
EV064,SUBCATEGORY,SUBCAT-0009,POSITIVE,1.6,MEDIUM,MULTIPLICATIVE
EV065,SUBCATEGORY,SUBCAT-0173,POSITIVE,1.6,MEDIUM,MULTIPLICATIVE
EV065,SUBCATEGORY,SUBCAT-0082,POSITIVE,1.6,MEDIUM,MULTIPLICATIVE
EV065,SUBCATEGORY,SUBCAT-0141,NEGATIVE,0.35,HIGH,MULTIPLICATIVE
EV065,SUBCATEGORY,SUBCAT-0143,NEGATIVE,0.35,HIGH,MULTIPLICATIVE
EV066,SUBCATEGORY,SUBCAT-0082,POSITIVE,1.5,MEDIUM,MULTIPLICATIVE
EV066,SUBCATEGORY,SUBCAT-0083,POSITIVE,1.5,MEDIUM,MULTIPLICATIVE
EV066,SUBCATEGORY,SUBCAT-0084,POSITIVE,1.5,MEDIUM,MULTIPLICATIVE
EV066,SUBCATEGORY,SUBCAT-0085,POSITIVE,1.5,MEDIUM,MULTIPLICATIVE
EV066,SUBCATEGORY,SUBCAT-0173,POSITIVE,1.5,MEDIUM,MULTIPLICATIVE
EV067,SUBCATEGORY,SUBCAT-0138,POSITIVE,1.7,MEDIUM,MULTIPLICATIVE
EV068,SUBCATEGORY,SUBCAT-0031,POSITIVE,1.8,MEDIUM,MULTIPLICATIVE
EV068,CATEGORY,CAT-031,POSITIVE,1.8,MEDIUM,MULTIPLICATIVE
EV068,SUBCATEGORY,SUBCAT-0161,POSITIVE,1.8,MEDIUM,MULTIPLICATIVE
EV068,SUBCATEGORY,SUBCAT-0055,POSITIVE,1.8,MEDIUM,MULTIPLICATIVE
EV068,SUBCATEGORY,SUBCAT-0081,POSITIVE,1.8,MEDIUM,MULTIPLICATIVE
EV068,SUBCATEGORY,SUBCAT-0193,POSITIVE,1.8,MEDIUM,MULTIPLICATIVE
EV068,CATEGORY,CAT-021,POSITIVE,1.8,MEDIUM,MULTIPLICATIVE
EV069,CATEGORY,CAT-023,POSITIVE,1.4,MEDIUM,MULTIPLICATIVE
EV069,SUBCATEGORY,SUBCAT-0032,POSITIVE,1.4,MEDIUM,MULTIPLICATIVE
EV070,CATEGORY,CAT-039,POSITIVE,2.0,HIGH,MULTIPLICATIVE
EV070,CATEGORY,CAT-009,POSITIVE,2.0,HIGH,MULTIPLICATIVE
EV070,CATEGORY,CAT-031,POSITIVE,2.0,HIGH,MULTIPLICATIVE
EV071,CATEGORY,CAT-039,POSITIVE,2.4,HIGH,MULTIPLICATIVE
EV071,CATEGORY,CAT-023,POSITIVE,2.4,HIGH,MULTIPLICATIVE
EV071,SUBCATEGORY,SUBCAT-0082,POSITIVE,2.4,HIGH,MULTIPLICATIVE
EV071,SUBCATEGORY,SUBCAT-0032,POSITIVE,2.4,HIGH,MULTIPLICATIVE
EV072,CATEGORY,CAT-031,POSITIVE,3.0,HIGH,MULTIPLICATIVE
EV072,SUBCATEGORY,SUBCAT-0031,POSITIVE,3.0,HIGH,MULTIPLICATIVE
EV072,SUBCATEGORY,SUBCAT-0032,POSITIVE,3.0,HIGH,MULTIPLICATIVE
EV072,SUBCATEGORY,SUBCAT-0161,POSITIVE,3.0,HIGH,MULTIPLICATIVE
EV072,SUBCATEGORY,SUBCAT-0133,POSITIVE,3.0,HIGH,MULTIPLICATIVE
EV072,CATEGORY,CAT-021,POSITIVE,3.0,HIGH,MULTIPLICATIVE
EV072,SUBCATEGORY,SUBCAT-0079,POSITIVE,3.0,HIGH,MULTIPLICATIVE
EV072,SUBCATEGORY,SUBCAT-0092,POSITIVE,3.0,HIGH,MULTIPLICATIVE
EV072,CATEGORY,CAT-039,POSITIVE,3.0,HIGH,MULTIPLICATIVE
EV073,CATEGORY,CAT-026,POSITIVE,3.2,HIGH,MULTIPLICATIVE
EV073,SUBCATEGORY,SUBCAT-0106,POSITIVE,3.2,HIGH,MULTIPLICATIVE
EV073,CATEGORY,CAT-023,POSITIVE,3.2,HIGH,MULTIPLICATIVE
EV073,CATEGORY,CAT-036,POSITIVE,3.2,HIGH,MULTIPLICATIVE
EV073,SUBCATEGORY,SUBCAT-0121,POSITIVE,3.2,HIGH,MULTIPLICATIVE
EV073,CATEGORY,CAT-031,POSITIVE,3.2,HIGH,MULTIPLICATIVE
EV074,CATEGORY,CAT-039,POSITIVE,3.5,HIGH,MULTIPLICATIVE
EV074,SUBCATEGORY,SUBCAT-0020,POSITIVE,3.5,HIGH,MULTIPLICATIVE
EV074,SUBCATEGORY,SUBCAT-0097,POSITIVE,3.5,HIGH,MULTIPLICATIVE
EV074,CATEGORY,CAT-015,POSITIVE,3.5,HIGH,MULTIPLICATIVE
EV074,CATEGORY,CAT-036,POSITIVE,3.5,HIGH,MULTIPLICATIVE
EV074,CATEGORY,CAT-032,POSITIVE,3.5,HIGH,MULTIPLICATIVE
EV074,SUBCATEGORY,SUBCAT-0173,POSITIVE,3.5,HIGH,MULTIPLICATIVE
EV074,CATEGORY,CAT-031,POSITIVE,3.5,HIGH,MULTIPLICATIVE
EV074,SUBCATEGORY,SUBCAT-0170,POSITIVE,3.5,HIGH,MULTIPLICATIVE
EV074,CATEGORY,CAT-033,POSITIVE,3.5,HIGH,MULTIPLICATIVE
EV074,CATEGORY,CAT-037,POSITIVE,3.5,HIGH,MULTIPLICATIVE
EV074,CATEGORY,CAT-058,POSITIVE,3.5,HIGH,MULTIPLICATIVE
EV075,CATEGORY,CAT-001,POSITIVE,1.7,MEDIUM,MULTIPLICATIVE
EV075,CATEGORY,CAT-002,POSITIVE,1.7,MEDIUM,MULTIPLICATIVE
EV075,CATEGORY,CAT-003,POSITIVE,1.7,MEDIUM,MULTIPLICATIVE
EV075,CATEGORY,CAT-059,POSITIVE,1.7,MEDIUM,MULTIPLICATIVE
EV075,CATEGORY,CAT-010,POSITIVE,1.7,MEDIUM,MULTIPLICATIVE
EV075,SUBCATEGORY,SUBCAT-0020,POSITIVE,1.7,MEDIUM,MULTIPLICATIVE
EV075,SUBCATEGORY,SUBCAT-0097,POSITIVE,1.7,MEDIUM,MULTIPLICATIVE
EV075,CATEGORY,CAT-015,POSITIVE,1.7,MEDIUM,MULTIPLICATIVE
EV075,CATEGORY,CAT-066,POSITIVE,1.7,MEDIUM,MULTIPLICATIVE
EV075,SUBCATEGORY,SUBCAT-0117,POSITIVE,1.7,MEDIUM,MULTIPLICATIVE
EV076,SUBCATEGORY,SUBCAT-0020,POSITIVE,2.2,HIGH,MULTIPLICATIVE
EV076,SUBCATEGORY,SUBCAT-0097,POSITIVE,2.2,HIGH,MULTIPLICATIVE
EV076,CATEGORY,CAT-015,POSITIVE,2.2,HIGH,MULTIPLICATIVE
EV076,SUBCATEGORY,SUBCAT-0054,POSITIVE,2.2,HIGH,MULTIPLICATIVE
EV076,CATEGORY,CAT-036,POSITIVE,2.2,HIGH,MULTIPLICATIVE
EV076,CATEGORY,CAT-001,POSITIVE,2.2,HIGH,MULTIPLICATIVE
EV076,CATEGORY,CAT-002,POSITIVE,2.2,HIGH,MULTIPLICATIVE
EV076,CATEGORY,CAT-003,POSITIVE,2.2,HIGH,MULTIPLICATIVE
EV076,SUBCATEGORY,SUBCAT-0170,POSITIVE,2.2,HIGH,MULTIPLICATIVE
EV076,CATEGORY,CAT-033,POSITIVE,2.2,HIGH,MULTIPLICATIVE
EV076,CATEGORY,CAT-037,POSITIVE,2.2,HIGH,MULTIPLICATIVE
EV076,CATEGORY,CAT-058,POSITIVE,2.2,HIGH,MULTIPLICATIVE
EV076,SUBCATEGORY,SUBCAT-0037,POSITIVE,2.2,HIGH,MULTIPLICATIVE
EV076,CATEGORY,CAT-009,POSITIVE,2.2,HIGH,MULTIPLICATIVE
EV077,CATEGORY,CAT-065,POSITIVE,2.0,HIGH,MULTIPLICATIVE
EV077,SUBCATEGORY,SUBCAT-0032,POSITIVE,2.0,HIGH,MULTIPLICATIVE
EV077,SUBCATEGORY,SUBCAT-0058,POSITIVE,2.0,HIGH,MULTIPLICATIVE
EV077,SUBCATEGORY,SUBCAT-0059,POSITIVE,2.0,HIGH,MULTIPLICATIVE
EV077,CATEGORY,CAT-016,POSITIVE,2.0,HIGH,MULTIPLICATIVE
EV077,SUBCATEGORY,SUBCAT-0126,POSITIVE,2.0,HIGH,MULTIPLICATIVE
EV078,SUBCATEGORY,SUBCAT-0036,POSITIVE,1.8,MEDIUM,MULTIPLICATIVE
EV078,SUBCATEGORY,SUBCAT-0032,POSITIVE,1.8,MEDIUM,MULTIPLICATIVE
EV078,CATEGORY,CAT-031,POSITIVE,1.8,MEDIUM,MULTIPLICATIVE
EV078,SUBCATEGORY,SUBCAT-0173,POSITIVE,1.8,MEDIUM,MULTIPLICATIVE
EV079,SUBCATEGORY,SUBCAT-0025,POSITIVE,2.2,HIGH,MULTIPLICATIVE
EV079,CATEGORY,CAT-065,POSITIVE,2.2,HIGH,MULTIPLICATIVE
EV079,SUBCATEGORY,SUBCAT-0032,POSITIVE,2.2,HIGH,MULTIPLICATIVE
EV079,SUBCATEGORY,SUBCAT-0058,POSITIVE,2.2,HIGH,MULTIPLICATIVE
EV079,SUBCATEGORY,SUBCAT-0059,POSITIVE,2.2,HIGH,MULTIPLICATIVE
EV079,CATEGORY,CAT-016,POSITIVE,2.2,HIGH,MULTIPLICATIVE
EV079,SUBCATEGORY,SUBCAT-0126,POSITIVE,2.2,HIGH,MULTIPLICATIVE
EV080,SUBCATEGORY,SUBCAT-0058,POSITIVE,1.6,MEDIUM,MULTIPLICATIVE
EV080,SUBCATEGORY,SUBCAT-0059,POSITIVE,1.6,MEDIUM,MULTIPLICATIVE
EV080,CATEGORY,CAT-016,POSITIVE,1.6,MEDIUM,MULTIPLICATIVE
EV080,SUBCATEGORY,SUBCAT-0173,POSITIVE,1.6,MEDIUM,MULTIPLICATIVE
EV080,CATEGORY,CAT-010,POSITIVE,1.6,MEDIUM,MULTIPLICATIVE
EV081,CATEGORY,CAT-023,POSITIVE,3.0,HIGH,MULTIPLICATIVE
EV081,SUBCATEGORY,SUBCAT-0082,POSITIVE,3.0,HIGH,MULTIPLICATIVE
EV081,SUBCATEGORY,SUBCAT-0032,POSITIVE,3.0,HIGH,MULTIPLICATIVE
EV081,SUBCATEGORY,SUBCAT-0126,POSITIVE,3.0,HIGH,MULTIPLICATIVE
EV082,CATEGORY,CAT-023,POSITIVE,1.7,MEDIUM,MULTIPLICATIVE
EV082,SUBCATEGORY,SUBCAT-0126,POSITIVE,1.7,MEDIUM,MULTIPLICATIVE
EV082,SUBCATEGORY,SUBCAT-0032,POSITIVE,1.7,MEDIUM,MULTIPLICATIVE
EV083,CATEGORY,CAT-039,POSITIVE,1.7,MEDIUM,MULTIPLICATIVE
EV083,CATEGORY,CAT-009,POSITIVE,1.7,MEDIUM,MULTIPLICATIVE
EV083,CATEGORY,CAT-031,POSITIVE,1.7,MEDIUM,MULTIPLICATIVE
EV084,SUBCATEGORY,SUBCAT-0037,POSITIVE,1.7,MEDIUM,MULTIPLICATIVE
EV084,SUBCATEGORY,SUBCAT-0109,POSITIVE,1.7,MEDIUM,MULTIPLICATIVE
EV084,SUBCATEGORY,SUBCAT-0110,POSITIVE,1.7,MEDIUM,MULTIPLICATIVE
EV084,SUBCATEGORY,SUBCAT-0131,POSITIVE,1.7,MEDIUM,MULTIPLICATIVE
EV084,SUBCATEGORY,SUBCAT-0137,POSITIVE,1.7,MEDIUM,MULTIPLICATIVE
EV084,SUBCATEGORY,SUBCAT-0063,POSITIVE,1.7,MEDIUM,MULTIPLICATIVE
EV084,SUBCATEGORY,SUBCAT-0161,POSITIVE,1.7,MEDIUM,MULTIPLICATIVE
EV085,SUBCATEGORY,SUBCAT-0082,POSITIVE,1.4,MEDIUM,MULTIPLICATIVE
EV085,SUBCATEGORY,SUBCAT-0083,POSITIVE,1.4,MEDIUM,MULTIPLICATIVE
EV085,SUBCATEGORY,SUBCAT-0102,POSITIVE,1.4,MEDIUM,MULTIPLICATIVE
EV085,SUBCATEGORY,SUBCAT-0009,POSITIVE,1.4,MEDIUM,MULTIPLICATIVE
EV085,SUBCATEGORY,SUBCAT-0173,POSITIVE,1.4,MEDIUM,MULTIPLICATIVE
EV086,SUBCATEGORY,SUBCAT-0126,POSITIVE,2.5,HIGH,MULTIPLICATIVE
EV086,CATEGORY,CAT-028,POSITIVE,2.5,HIGH,MULTIPLICATIVE
EV086,SUBCATEGORY,SUBCAT-0062,POSITIVE,2.5,HIGH,MULTIPLICATIVE
EV086,CATEGORY,CAT-018,POSITIVE,2.5,HIGH,MULTIPLICATIVE
EV086,CATEGORY,CAT-036,POSITIVE,2.5,HIGH,MULTIPLICATIVE
EV086,SUBCATEGORY,SUBCAT-0121,POSITIVE,2.5,HIGH,MULTIPLICATIVE
EV086,SUBCATEGORY,SUBCAT-0127,POSITIVE,2.5,HIGH,MULTIPLICATIVE
EV086,CATEGORY,CAT-037,POSITIVE,2.5,HIGH,MULTIPLICATIVE
EV087,SUBCATEGORY,SUBCAT-0133,POSITIVE,2.2,HIGH,MULTIPLICATIVE
EV087,CATEGORY,CAT-021,POSITIVE,2.2,HIGH,MULTIPLICATIVE
EV087,SUBCATEGORY,SUBCAT-0020,POSITIVE,2.2,HIGH,MULTIPLICATIVE
EV087,SUBCATEGORY,SUBCAT-0097,POSITIVE,2.2,HIGH,MULTIPLICATIVE
EV087,CATEGORY,CAT-015,POSITIVE,2.2,HIGH,MULTIPLICATIVE
EV087,SUBCATEGORY,SUBCAT-0170,POSITIVE,2.2,HIGH,MULTIPLICATIVE
EV087,CATEGORY,CAT-033,POSITIVE,2.2,HIGH,MULTIPLICATIVE
EV087,CATEGORY,CAT-036,POSITIVE,2.2,HIGH,MULTIPLICATIVE
EV087,CATEGORY,CAT-037,POSITIVE,2.2,HIGH,MULTIPLICATIVE
EV087,CATEGORY,CAT-058,POSITIVE,2.2,HIGH,MULTIPLICATIVE
EV087,SUBCATEGORY,SUBCAT-0037,POSITIVE,2.2,HIGH,MULTIPLICATIVE
EV087,CATEGORY,CAT-009,POSITIVE,2.2,HIGH,MULTIPLICATIVE
EV087,CATEGORY,CAT-065,POSITIVE,2.2,HIGH,MULTIPLICATIVE
EV088,SUBCATEGORY,SUBCAT-0020,POSITIVE,3.5,HIGH,MULTIPLICATIVE
EV088,SUBCATEGORY,SUBCAT-0097,POSITIVE,3.5,HIGH,MULTIPLICATIVE
EV088,CATEGORY,CAT-015,POSITIVE,3.5,HIGH,MULTIPLICATIVE
EV088,SUBCATEGORY,SUBCAT-0117,POSITIVE,3.5,HIGH,MULTIPLICATIVE
EV088,CATEGORY,CAT-036,POSITIVE,3.5,HIGH,MULTIPLICATIVE
EV088,SUBCATEGORY,SUBCAT-0133,POSITIVE,3.5,HIGH,MULTIPLICATIVE
EV088,CATEGORY,CAT-021,POSITIVE,3.5,HIGH,MULTIPLICATIVE
EV088,SUBCATEGORY,SUBCAT-0037,POSITIVE,3.5,HIGH,MULTIPLICATIVE
EV088,CATEGORY,CAT-009,POSITIVE,3.5,HIGH,MULTIPLICATIVE
EV088,SUBCATEGORY,SUBCAT-0170,POSITIVE,3.5,HIGH,MULTIPLICATIVE
EV088,CATEGORY,CAT-033,POSITIVE,3.5,HIGH,MULTIPLICATIVE
EV088,CATEGORY,CAT-037,POSITIVE,3.5,HIGH,MULTIPLICATIVE
EV088,CATEGORY,CAT-058,POSITIVE,3.5,HIGH,MULTIPLICATIVE
EV088,CATEGORY,CAT-065,POSITIVE,3.5,HIGH,MULTIPLICATIVE
EV089,SUBCATEGORY,SUBCAT-0117,POSITIVE,3.5,HIGH,MULTIPLICATIVE
EV089,SUBCATEGORY,SUBCAT-0020,POSITIVE,3.5,HIGH,MULTIPLICATIVE
EV089,SUBCATEGORY,SUBCAT-0097,POSITIVE,3.5,HIGH,MULTIPLICATIVE
EV089,CATEGORY,CAT-015,POSITIVE,3.5,HIGH,MULTIPLICATIVE
EV089,CATEGORY,CAT-036,POSITIVE,3.5,HIGH,MULTIPLICATIVE
EV089,SUBCATEGORY,SUBCAT-0133,POSITIVE,3.5,HIGH,MULTIPLICATIVE
EV089,CATEGORY,CAT-021,POSITIVE,3.5,HIGH,MULTIPLICATIVE
EV089,SUBCATEGORY,SUBCAT-0037,POSITIVE,3.5,HIGH,MULTIPLICATIVE
EV089,CATEGORY,CAT-009,POSITIVE,3.5,HIGH,MULTIPLICATIVE
EV089,SUBCATEGORY,SUBCAT-0170,POSITIVE,3.5,HIGH,MULTIPLICATIVE
EV089,CATEGORY,CAT-033,POSITIVE,3.5,HIGH,MULTIPLICATIVE
EV089,CATEGORY,CAT-037,POSITIVE,3.5,HIGH,MULTIPLICATIVE
EV089,CATEGORY,CAT-058,POSITIVE,3.5,HIGH,MULTIPLICATIVE
EV089,CATEGORY,CAT-032,POSITIVE,3.5,HIGH,MULTIPLICATIVE
EV090,CATEGORY,CAT-039,POSITIVE,3.0,HIGH,MULTIPLICATIVE
EV090,CATEGORY,CAT-009,POSITIVE,3.0,HIGH,MULTIPLICATIVE
EV090,CATEGORY,CAT-025,POSITIVE,3.0,HIGH,MULTIPLICATIVE
EV090,SUBCATEGORY,SUBCAT-0173,POSITIVE,3.0,HIGH,MULTIPLICATIVE
EV090,SUBCATEGORY,SUBCAT-0141,NEGATIVE,0.35,HIGH,MULTIPLICATIVE
EV090,SUBCATEGORY,SUBCAT-0143,NEGATIVE,0.35,HIGH,MULTIPLICATIVE
EV091,CATEGORY,CAT-039,POSITIVE,3.0,HIGH,MULTIPLICATIVE
EV091,SUBCATEGORY,SUBCAT-0037,POSITIVE,3.0,HIGH,MULTIPLICATIVE
EV091,CATEGORY,CAT-009,POSITIVE,3.0,HIGH,MULTIPLICATIVE
EV091,CATEGORY,CAT-025,POSITIVE,3.0,HIGH,MULTIPLICATIVE
EV091,SUBCATEGORY,SUBCAT-0032,POSITIVE,3.0,HIGH,MULTIPLICATIVE
EV091,SUBCATEGORY,SUBCAT-0142,POSITIVE,3.0,HIGH,MULTIPLICATIVE
EV091,CATEGORY,CAT-031,POSITIVE,3.0,HIGH,MULTIPLICATIVE
EV091,SUBCATEGORY,SUBCAT-0126,POSITIVE,3.0,HIGH,MULTIPLICATIVE
EV092,CATEGORY,CAT-039,POSITIVE,2.6,HIGH,MULTIPLICATIVE
EV092,CATEGORY,CAT-025,POSITIVE,2.6,HIGH,MULTIPLICATIVE
EV092,CATEGORY,CAT-009,POSITIVE,2.6,HIGH,MULTIPLICATIVE
EV092,SUBCATEGORY,SUBCAT-0161,POSITIVE,2.6,HIGH,MULTIPLICATIVE
EV092,SUBCATEGORY,SUBCAT-0055,POSITIVE,2.6,HIGH,MULTIPLICATIVE
EV092,SUBCATEGORY,SUBCAT-0081,POSITIVE,2.6,HIGH,MULTIPLICATIVE
EV092,SUBCATEGORY,SUBCAT-0193,POSITIVE,2.6,HIGH,MULTIPLICATIVE
EV092,CATEGORY,CAT-021,POSITIVE,2.6,HIGH,MULTIPLICATIVE
EV092,SUBCATEGORY,SUBCAT-0119,POSITIVE,2.6,HIGH,MULTIPLICATIVE
EV092,CATEGORY,CAT-031,POSITIVE,2.6,HIGH,MULTIPLICATIVE
EV093,CATEGORY,CAT-012,POSITIVE,1.7,MEDIUM,MULTIPLICATIVE
EV093,CATEGORY,CAT-064,POSITIVE,1.7,MEDIUM,MULTIPLICATIVE
EV093,CATEGORY,CAT-023,POSITIVE,1.7,MEDIUM,MULTIPLICATIVE
EV093,SUBCATEGORY,SUBCAT-0195,POSITIVE,1.7,MEDIUM,MULTIPLICATIVE
EV094,SUBCATEGORY,SUBCAT-0037,POSITIVE,2.0,HIGH,MULTIPLICATIVE
EV094,SUBCATEGORY,SUBCAT-0109,POSITIVE,2.0,HIGH,MULTIPLICATIVE
EV094,SUBCATEGORY,SUBCAT-0110,POSITIVE,2.0,HIGH,MULTIPLICATIVE
EV094,SUBCATEGORY,SUBCAT-0131,POSITIVE,2.0,HIGH,MULTIPLICATIVE
EV094,SUBCATEGORY,SUBCAT-0137,POSITIVE,2.0,HIGH,MULTIPLICATIVE
EV094,SUBCATEGORY,SUBCAT-0063,POSITIVE,2.0,HIGH,MULTIPLICATIVE
EV094,SUBCATEGORY,SUBCAT-0020,POSITIVE,2.0,HIGH,MULTIPLICATIVE
EV094,SUBCATEGORY,SUBCAT-0097,POSITIVE,2.0,HIGH,MULTIPLICATIVE
EV094,CATEGORY,CAT-015,POSITIVE,2.0,HIGH,MULTIPLICATIVE
EV094,SUBCATEGORY,SUBCAT-0161,POSITIVE,2.0,HIGH,MULTIPLICATIVE
EV094,SUBCATEGORY,SUBCAT-0077,POSITIVE,2.0,HIGH,MULTIPLICATIVE
EV095,SUBCATEGORY,SUBCAT-0032,POSITIVE,2.0,HIGH,MULTIPLICATIVE
EV095,CATEGORY,CAT-023,POSITIVE,2.0,HIGH,MULTIPLICATIVE
EV095,CATEGORY,CAT-066,POSITIVE,2.0,HIGH,MULTIPLICATIVE
EV095,CATEGORY,CAT-031,POSITIVE,2.0,HIGH,MULTIPLICATIVE
EV096,CATEGORY,CAT-065,POSITIVE,2.5,HIGH,MULTIPLICATIVE
EV096,SUBCATEGORY,SUBCAT-0032,POSITIVE,2.5,HIGH,MULTIPLICATIVE
EV096,CATEGORY,CAT-031,POSITIVE,2.5,HIGH,MULTIPLICATIVE
EV096,SUBCATEGORY,SUBCAT-0126,POSITIVE,2.5,HIGH,MULTIPLICATIVE
EV096,SUBCATEGORY,SUBCAT-0020,POSITIVE,2.5,HIGH,MULTIPLICATIVE
EV096,SUBCATEGORY,SUBCAT-0097,POSITIVE,2.5,HIGH,MULTIPLICATIVE
EV096,CATEGORY,CAT-015,POSITIVE,2.5,HIGH,MULTIPLICATIVE
EV097,CATEGORY,CAT-025,POSITIVE,3.2,HIGH,MULTIPLICATIVE
EV097,SUBCATEGORY,SUBCAT-0161,POSITIVE,3.2,HIGH,MULTIPLICATIVE
EV097,SUBCATEGORY,SUBCAT-0133,POSITIVE,3.2,HIGH,MULTIPLICATIVE
EV097,CATEGORY,CAT-021,POSITIVE,3.2,HIGH,MULTIPLICATIVE
EV098,CATEGORY,CAT-039,POSITIVE,3.0,HIGH,MULTIPLICATIVE
EV098,SUBCATEGORY,SUBCAT-0133,POSITIVE,3.0,HIGH,MULTIPLICATIVE
EV098,CATEGORY,CAT-067,POSITIVE,3.0,HIGH,MULTIPLICATIVE
EV099,SUBCATEGORY,SUBCAT-0117,POSITIVE,3.2,HIGH,MULTIPLICATIVE
EV099,CATEGORY,CAT-036,POSITIVE,3.2,HIGH,MULTIPLICATIVE
EV099,CATEGORY,CAT-058,POSITIVE,3.2,HIGH,MULTIPLICATIVE
EV100,SUBCATEGORY,SUBCAT-0181,POSITIVE,2.6,HIGH,MULTIPLICATIVE
EV100,SUBCATEGORY,SUBCAT-0138,POSITIVE,2.6,HIGH,MULTIPLICATIVE
EV100,SUBCATEGORY,SUBCAT-0126,POSITIVE,2.6,HIGH,MULTIPLICATIVE
EV100,CATEGORY,CAT-028,POSITIVE,2.6,HIGH,MULTIPLICATIVE
EV100,SUBCATEGORY,SUBCAT-0121,POSITIVE,2.6,HIGH,MULTIPLICATIVE
EV100,CATEGORY,CAT-036,POSITIVE,2.6,HIGH,MULTIPLICATIVE
EV101,SUBCATEGORY,SUBCAT-0031,POSITIVE,3.0,HIGH,MULTIPLICATIVE
EV101,SUBCATEGORY,SUBCAT-0082,POSITIVE,3.0,HIGH,MULTIPLICATIVE
EV101,SUBCATEGORY,SUBCAT-0032,POSITIVE,3.0,HIGH,MULTIPLICATIVE
EV101,SUBCATEGORY,SUBCAT-0037,POSITIVE,3.0,HIGH,MULTIPLICATIVE
EV101,CATEGORY,CAT-009,POSITIVE,3.0,HIGH,MULTIPLICATIVE
EV101,SUBCATEGORY,SUBCAT-0126,POSITIVE,3.0,HIGH,MULTIPLICATIVE
EV102,SUBCATEGORY,SUBCAT-0126,POSITIVE,2.5,HIGH,MULTIPLICATIVE
EV102,SUBCATEGORY,SUBCAT-0119,POSITIVE,2.5,HIGH,MULTIPLICATIVE
EV102,SUBCATEGORY,SUBCAT-0063,POSITIVE,2.5,HIGH,MULTIPLICATIVE
EV103,CATEGORY,CAT-039,POSITIVE,2.2,HIGH,MULTIPLICATIVE
EV103,CATEGORY,CAT-009,POSITIVE,2.2,HIGH,MULTIPLICATIVE
EV103,CATEGORY,CAT-031,POSITIVE,2.2,HIGH,MULTIPLICATIVE
EV103,SUBCATEGORY,SUBCAT-0032,POSITIVE,2.2,HIGH,MULTIPLICATIVE
EV104,CATEGORY,CAT-039,POSITIVE,3.8,HIGH,MULTIPLICATIVE
EV104,SUBCATEGORY,SUBCAT-0020,POSITIVE,3.8,HIGH,MULTIPLICATIVE
EV104,SUBCATEGORY,SUBCAT-0097,POSITIVE,3.8,HIGH,MULTIPLICATIVE
EV104,CATEGORY,CAT-015,POSITIVE,3.8,HIGH,MULTIPLICATIVE
EV104,CATEGORY,CAT-036,POSITIVE,3.8,HIGH,MULTIPLICATIVE
EV105,SUBCATEGORY,SUBCAT-0037,POSITIVE,2.0,HIGH,MULTIPLICATIVE
EV105,CATEGORY,CAT-009,POSITIVE,2.0,HIGH,MULTIPLICATIVE
EV105,CATEGORY,CAT-048,POSITIVE,2.0,HIGH,MULTIPLICATIVE
EV105,SUBCATEGORY,SUBCAT-0105,POSITIVE,2.0,HIGH,MULTIPLICATIVE
EV105,SUBCATEGORY,SUBCAT-0009,POSITIVE,2.0,HIGH,MULTIPLICATIVE
EV105,SUBCATEGORY,SUBCAT-0173,POSITIVE,2.0,HIGH,MULTIPLICATIVE
EV105,SUBCATEGORY,SUBCAT-0032,POSITIVE,2.0,HIGH,MULTIPLICATIVE
EV106,SUBCATEGORY,SUBCAT-0032,POSITIVE,4.5,HIGH,MULTIPLICATIVE
EV106,SUBCATEGORY,SUBCAT-0082,POSITIVE,4.5,HIGH,MULTIPLICATIVE
EV106,SUBCATEGORY,SUBCAT-0031,POSITIVE,4.5,HIGH,MULTIPLICATIVE
EV106,CATEGORY,CAT-031,POSITIVE,4.5,HIGH,MULTIPLICATIVE
EV106,CATEGORY,CAT-039,POSITIVE,4.5,HIGH,MULTIPLICATIVE
EV106,SUBCATEGORY,SUBCAT-0020,POSITIVE,4.5,HIGH,MULTIPLICATIVE
EV106,SUBCATEGORY,SUBCAT-0097,POSITIVE,4.5,HIGH,MULTIPLICATIVE
EV106,CATEGORY,CAT-015,POSITIVE,4.5,HIGH,MULTIPLICATIVE
EV106,CATEGORY,CAT-036,POSITIVE,4.5,HIGH,MULTIPLICATIVE
EV106,CATEGORY,CAT-001,POSITIVE,4.5,HIGH,MULTIPLICATIVE
EV106,CATEGORY,CAT-002,POSITIVE,4.5,HIGH,MULTIPLICATIVE
EV106,CATEGORY,CAT-003,POSITIVE,4.5,HIGH,MULTIPLICATIVE
EV106,SUBCATEGORY,SUBCAT-0126,POSITIVE,4.5,HIGH,MULTIPLICATIVE
EV106,SUBCATEGORY,SUBCAT-0062,POSITIVE,4.5,HIGH,MULTIPLICATIVE
EV106,CATEGORY,CAT-018,POSITIVE,4.5,HIGH,MULTIPLICATIVE
EV107,CATEGORY,CAT-026,POSITIVE,2.0,HIGH,MULTIPLICATIVE
EV107,SUBCATEGORY,SUBCAT-0102,POSITIVE,2.0,HIGH,MULTIPLICATIVE
EV107,SUBCATEGORY,SUBCAT-0058,POSITIVE,2.0,HIGH,MULTIPLICATIVE
EV107,SUBCATEGORY,SUBCAT-0059,POSITIVE,2.0,HIGH,MULTIPLICATIVE
EV107,CATEGORY,CAT-016,POSITIVE,2.0,HIGH,MULTIPLICATIVE
EV107,SUBCATEGORY,SUBCAT-0032,POSITIVE,2.0,HIGH,MULTIPLICATIVE
EV107,SUBCATEGORY,SUBCAT-0173,POSITIVE,2.0,HIGH,MULTIPLICATIVE
EV108,CATEGORY,CAT-031,POSITIVE,2.5,HIGH,MULTIPLICATIVE
EV108,SUBCATEGORY,SUBCAT-0031,POSITIVE,2.5,HIGH,MULTIPLICATIVE
EV108,SUBCATEGORY,SUBCAT-0032,POSITIVE,2.5,HIGH,MULTIPLICATIVE
EV108,CATEGORY,CAT-001,POSITIVE,2.5,HIGH,MULTIPLICATIVE
EV108,CATEGORY,CAT-002,POSITIVE,2.5,HIGH,MULTIPLICATIVE
EV108,CATEGORY,CAT-003,POSITIVE,2.5,HIGH,MULTIPLICATIVE
EV108,SUBCATEGORY,SUBCAT-0161,POSITIVE,2.5,HIGH,MULTIPLICATIVE
EV108,SUBCATEGORY,SUBCAT-0055,POSITIVE,2.5,HIGH,MULTIPLICATIVE
EV108,SUBCATEGORY,SUBCAT-0081,POSITIVE,2.5,HIGH,MULTIPLICATIVE
EV108,SUBCATEGORY,SUBCAT-0193,POSITIVE,2.5,HIGH,MULTIPLICATIVE
EV108,CATEGORY,CAT-021,POSITIVE,2.5,HIGH,MULTIPLICATIVE
EV108,CATEGORY,CAT-039,POSITIVE,2.5,HIGH,MULTIPLICATIVE
EV108,CATEGORY,CAT-009,POSITIVE,2.5,HIGH,MULTIPLICATIVE
EV109,SUBCATEGORY,SUBCAT-0082,POSITIVE,4.0,HIGH,MULTIPLICATIVE
EV109,SUBCATEGORY,SUBCAT-0031,POSITIVE,4.0,HIGH,MULTIPLICATIVE
EV109,SUBCATEGORY,SUBCAT-0126,POSITIVE,4.0,HIGH,MULTIPLICATIVE
EV109,SUBCATEGORY,SUBCAT-0020,POSITIVE,4.0,HIGH,MULTIPLICATIVE
EV109,SUBCATEGORY,SUBCAT-0097,POSITIVE,4.0,HIGH,MULTIPLICATIVE
EV109,CATEGORY,CAT-015,POSITIVE,4.0,HIGH,MULTIPLICATIVE
EV109,CATEGORY,CAT-067,POSITIVE,4.0,HIGH,MULTIPLICATIVE
EV110,SUBCATEGORY,SUBCAT-0082,POSITIVE,3.5,HIGH,MULTIPLICATIVE
EV110,SUBCATEGORY,SUBCAT-0031,POSITIVE,3.5,HIGH,MULTIPLICATIVE
EV110,SUBCATEGORY,SUBCAT-0020,POSITIVE,3.5,HIGH,MULTIPLICATIVE
EV110,SUBCATEGORY,SUBCAT-0097,POSITIVE,3.5,HIGH,MULTIPLICATIVE
EV110,CATEGORY,CAT-015,POSITIVE,3.5,HIGH,MULTIPLICATIVE
EV110,CATEGORY,CAT-064,POSITIVE,3.5,HIGH,MULTIPLICATIVE
EV111,SUBCATEGORY,SUBCAT-0082,POSITIVE,2.8,HIGH,MULTIPLICATIVE
EV111,SUBCATEGORY,SUBCAT-0009,POSITIVE,2.8,HIGH,MULTIPLICATIVE
EV111,SUBCATEGORY,SUBCAT-0173,POSITIVE,2.8,HIGH,MULTIPLICATIVE
EV112,CATEGORY,CAT-023,POSITIVE,1.6,MEDIUM,MULTIPLICATIVE
EV112,SUBCATEGORY,SUBCAT-0032,POSITIVE,1.6,MEDIUM,MULTIPLICATIVE
EV112,SUBCATEGORY,SUBCAT-0009,POSITIVE,1.6,MEDIUM,MULTIPLICATIVE
EV112,SUBCATEGORY,SUBCAT-0173,POSITIVE,1.6,MEDIUM,MULTIPLICATIVE
EV113,SUBCATEGORY,SUBCAT-0119,POSITIVE,1.8,MEDIUM,MULTIPLICATIVE
EV113,CATEGORY,CAT-023,POSITIVE,1.8,MEDIUM,MULTIPLICATIVE
EV113,SUBCATEGORY,SUBCAT-0009,POSITIVE,1.8,MEDIUM,MULTIPLICATIVE
EV113,SUBCATEGORY,SUBCAT-0173,POSITIVE,1.8,MEDIUM,MULTIPLICATIVE
EV113,CATEGORY,CAT-066,POSITIVE,1.8,MEDIUM,MULTIPLICATIVE
EV114,CATEGORY,CAT-065,POSITIVE,1.8,MEDIUM,MULTIPLICATIVE
EV114,SUBCATEGORY,SUBCAT-0031,POSITIVE,1.8,MEDIUM,MULTIPLICATIVE
EV114,CATEGORY,CAT-012,POSITIVE,1.8,MEDIUM,MULTIPLICATIVE
EV114,CATEGORY,CAT-064,POSITIVE,1.8,MEDIUM,MULTIPLICATIVE
EV114,SUBCATEGORY,SUBCAT-0094,POSITIVE,1.8,MEDIUM,MULTIPLICATIVE
EV114,SUBCATEGORY,SUBCAT-0095,POSITIVE,1.8,MEDIUM,MULTIPLICATIVE
EV114,CATEGORY,CAT-029,POSITIVE,1.8,MEDIUM,MULTIPLICATIVE
EV115,CATEGORY,CAT-039,POSITIVE,3.3,HIGH,MULTIPLICATIVE
EV115,SUBCATEGORY,SUBCAT-0037,POSITIVE,3.3,HIGH,MULTIPLICATIVE
EV115,CATEGORY,CAT-009,POSITIVE,3.3,HIGH,MULTIPLICATIVE
EV115,CATEGORY,CAT-025,POSITIVE,3.3,HIGH,MULTIPLICATIVE
EV115,CATEGORY,CAT-031,POSITIVE,3.3,HIGH,MULTIPLICATIVE
EV116,SUBCATEGORY,SUBCAT-0020,POSITIVE,2.0,HIGH,MULTIPLICATIVE
EV116,SUBCATEGORY,SUBCAT-0097,POSITIVE,2.0,HIGH,MULTIPLICATIVE
EV116,CATEGORY,CAT-015,POSITIVE,2.0,HIGH,MULTIPLICATIVE
EV116,SUBCATEGORY,SUBCAT-0133,POSITIVE,2.0,HIGH,MULTIPLICATIVE
EV116,CATEGORY,CAT-021,POSITIVE,2.0,HIGH,MULTIPLICATIVE
EV116,SUBCATEGORY,SUBCAT-0037,POSITIVE,2.0,HIGH,MULTIPLICATIVE
EV116,CATEGORY,CAT-009,POSITIVE,2.0,HIGH,MULTIPLICATIVE
EV116,SUBCATEGORY,SUBCAT-0170,POSITIVE,2.0,HIGH,MULTIPLICATIVE
EV116,CATEGORY,CAT-033,POSITIVE,2.0,HIGH,MULTIPLICATIVE
EV116,CATEGORY,CAT-036,POSITIVE,2.0,HIGH,MULTIPLICATIVE
EV116,CATEGORY,CAT-037,POSITIVE,2.0,HIGH,MULTIPLICATIVE
EV116,CATEGORY,CAT-058,POSITIVE,2.0,HIGH,MULTIPLICATIVE
EV116,CATEGORY,CAT-065,POSITIVE,2.0,HIGH,MULTIPLICATIVE
EV116,SUBCATEGORY,SUBCAT-0161,POSITIVE,2.0,HIGH,MULTIPLICATIVE
EV116,SUBCATEGORY,SUBCAT-0055,POSITIVE,2.0,HIGH,MULTIPLICATIVE
EV116,SUBCATEGORY,SUBCAT-0081,POSITIVE,2.0,HIGH,MULTIPLICATIVE
EV116,SUBCATEGORY,SUBCAT-0193,POSITIVE,2.0,HIGH,MULTIPLICATIVE
EV117,SUBCATEGORY,SUBCAT-0020,POSITIVE,3.2,HIGH,MULTIPLICATIVE
EV117,SUBCATEGORY,SUBCAT-0097,POSITIVE,3.2,HIGH,MULTIPLICATIVE
EV117,CATEGORY,CAT-015,POSITIVE,3.2,HIGH,MULTIPLICATIVE
EV117,SUBCATEGORY,SUBCAT-0117,POSITIVE,3.2,HIGH,MULTIPLICATIVE
EV117,CATEGORY,CAT-036,POSITIVE,3.2,HIGH,MULTIPLICATIVE
EV117,SUBCATEGORY,SUBCAT-0133,POSITIVE,3.2,HIGH,MULTIPLICATIVE
EV117,CATEGORY,CAT-021,POSITIVE,3.2,HIGH,MULTIPLICATIVE
EV117,SUBCATEGORY,SUBCAT-0037,POSITIVE,3.2,HIGH,MULTIPLICATIVE
EV117,CATEGORY,CAT-009,POSITIVE,3.2,HIGH,MULTIPLICATIVE
EV117,SUBCATEGORY,SUBCAT-0170,POSITIVE,3.2,HIGH,MULTIPLICATIVE
EV117,CATEGORY,CAT-033,POSITIVE,3.2,HIGH,MULTIPLICATIVE
EV117,CATEGORY,CAT-037,POSITIVE,3.2,HIGH,MULTIPLICATIVE
EV117,CATEGORY,CAT-058,POSITIVE,3.2,HIGH,MULTIPLICATIVE
EV117,CATEGORY,CAT-007,POSITIVE,3.2,HIGH,MULTIPLICATIVE
EV118,SUBCATEGORY,SUBCAT-0054,POSITIVE,3.8,HIGH,MULTIPLICATIVE
EV118,SUBCATEGORY,SUBCAT-0117,POSITIVE,3.8,HIGH,MULTIPLICATIVE
EV118,CATEGORY,CAT-058,POSITIVE,3.8,HIGH,MULTIPLICATIVE
EV118,CATEGORY,CAT-036,POSITIVE,3.8,HIGH,MULTIPLICATIVE
EV119,CATEGORY,CAT-001,POSITIVE,2.8,HIGH,MULTIPLICATIVE
EV119,CATEGORY,CAT-002,POSITIVE,2.8,HIGH,MULTIPLICATIVE
EV119,CATEGORY,CAT-003,POSITIVE,2.8,HIGH,MULTIPLICATIVE
EV119,CATEGORY,CAT-025,POSITIVE,2.8,HIGH,MULTIPLICATIVE
EV119,SUBCATEGORY,SUBCAT-0161,POSITIVE,2.8,HIGH,MULTIPLICATIVE
EV119,SUBCATEGORY,SUBCAT-0055,POSITIVE,2.8,HIGH,MULTIPLICATIVE
EV119,SUBCATEGORY,SUBCAT-0081,POSITIVE,2.8,HIGH,MULTIPLICATIVE
EV119,SUBCATEGORY,SUBCAT-0193,POSITIVE,2.8,HIGH,MULTIPLICATIVE
EV119,CATEGORY,CAT-021,POSITIVE,2.8,HIGH,MULTIPLICATIVE
EV119,SUBCATEGORY,SUBCAT-0037,POSITIVE,2.8,HIGH,MULTIPLICATIVE
EV119,CATEGORY,CAT-009,POSITIVE,2.8,HIGH,MULTIPLICATIVE
EV119,CATEGORY,CAT-007,POSITIVE,2.8,HIGH,MULTIPLICATIVE
EV120,SUBCATEGORY,SUBCAT-0126,POSITIVE,1.8,MEDIUM,MULTIPLICATIVE
EV120,CATEGORY,CAT-004,POSITIVE,1.8,MEDIUM,MULTIPLICATIVE
EV120,CATEGORY,CAT-037,POSITIVE,1.8,MEDIUM,MULTIPLICATIVE
EV120,CATEGORY,CAT-045,POSITIVE,1.8,MEDIUM,MULTIPLICATIVE
EV120,CATEGORY,CAT-065,POSITIVE,1.8,MEDIUM,MULTIPLICATIVE
EV120,SUBCATEGORY,SUBCAT-0097,POSITIVE,1.8,MEDIUM,MULTIPLICATIVE
EV120,CATEGORY,CAT-015,POSITIVE,1.8,MEDIUM,MULTIPLICATIVE
EV121,SUBCATEGORY,SUBCAT-0117,POSITIVE,2.5,HIGH,MULTIPLICATIVE
EV121,SUBCATEGORY,SUBCAT-0020,POSITIVE,2.5,HIGH,MULTIPLICATIVE
EV121,SUBCATEGORY,SUBCAT-0097,POSITIVE,2.5,HIGH,MULTIPLICATIVE
EV121,CATEGORY,CAT-015,POSITIVE,2.5,HIGH,MULTIPLICATIVE
EV121,SUBCATEGORY,SUBCAT-0161,POSITIVE,2.5,HIGH,MULTIPLICATIVE
EV121,SUBCATEGORY,SUBCAT-0055,POSITIVE,2.5,HIGH,MULTIPLICATIVE
EV121,SUBCATEGORY,SUBCAT-0081,POSITIVE,2.5,HIGH,MULTIPLICATIVE
EV121,SUBCATEGORY,SUBCAT-0193,POSITIVE,2.5,HIGH,MULTIPLICATIVE
EV121,CATEGORY,CAT-021,POSITIVE,2.5,HIGH,MULTIPLICATIVE
EV122,CATEGORY,CAT-010,POSITIVE,1.7,MEDIUM,MULTIPLICATIVE
EV122,SUBCATEGORY,SUBCAT-0034,POSITIVE,1.7,MEDIUM,MULTIPLICATIVE
EV123,SUBCATEGORY,SUBCAT-0072,POSITIVE,2.5,HIGH,MULTIPLICATIVE
EV123,SUBCATEGORY,SUBCAT-0126,POSITIVE,2.5,HIGH,MULTIPLICATIVE
EV123,CATEGORY,CAT-031,POSITIVE,2.5,HIGH,MULTIPLICATIVE
EV123,CATEGORY,CAT-065,POSITIVE,2.5,HIGH,MULTIPLICATIVE
EV123,SUBCATEGORY,SUBCAT-0031,POSITIVE,2.5,HIGH,MULTIPLICATIVE
EV123,SUBCATEGORY,SUBCAT-0029,POSITIVE,2.5,HIGH,MULTIPLICATIVE
EV123,CATEGORY,CAT-008,POSITIVE,2.5,HIGH,MULTIPLICATIVE
EV123,SUBCATEGORY,SUBCAT-0133,POSITIVE,2.5,HIGH,MULTIPLICATIVE
EV123,CATEGORY,CAT-021,POSITIVE,2.5,HIGH,MULTIPLICATIVE
EV123,SUBCATEGORY,SUBCAT-0117,POSITIVE,2.5,HIGH,MULTIPLICATIVE
EV124,CATEGORY,CAT-031,POSITIVE,2.0,HIGH,MULTIPLICATIVE
EV124,SUBCATEGORY,SUBCAT-0031,POSITIVE,2.0,HIGH,MULTIPLICATIVE
EV124,CATEGORY,CAT-064,POSITIVE,2.0,HIGH,MULTIPLICATIVE
EV124,SUBCATEGORY,SUBCAT-0037,POSITIVE,2.0,HIGH,MULTIPLICATIVE
EV124,CATEGORY,CAT-009,POSITIVE,2.0,HIGH,MULTIPLICATIVE
EV124,SUBCATEGORY,SUBCAT-0161,POSITIVE,2.0,HIGH,MULTIPLICATIVE
EV124,SUBCATEGORY,SUBCAT-0055,POSITIVE,2.0,HIGH,MULTIPLICATIVE
EV124,SUBCATEGORY,SUBCAT-0081,POSITIVE,2.0,HIGH,MULTIPLICATIVE
EV124,SUBCATEGORY,SUBCAT-0193,POSITIVE,2.0,HIGH,MULTIPLICATIVE
EV124,CATEGORY,CAT-021,POSITIVE,2.0,HIGH,MULTIPLICATIVE
EV125,CATEGORY,CAT-065,POSITIVE,2.8,HIGH,MULTIPLICATIVE
EV125,SUBCATEGORY,SUBCAT-0094,POSITIVE,2.8,HIGH,MULTIPLICATIVE
EV125,SUBCATEGORY,SUBCAT-0095,POSITIVE,2.8,HIGH,MULTIPLICATIVE
EV125,CATEGORY,CAT-029,POSITIVE,2.8,HIGH,MULTIPLICATIVE
EV125,CATEGORY,CAT-012,POSITIVE,2.8,HIGH,MULTIPLICATIVE
EV125,SUBCATEGORY,SUBCAT-0020,POSITIVE,2.8,HIGH,MULTIPLICATIVE
EV125,SUBCATEGORY,SUBCAT-0097,POSITIVE,2.8,HIGH,MULTIPLICATIVE
EV125,CATEGORY,CAT-015,POSITIVE,2.8,HIGH,MULTIPLICATIVE
EV126,CATEGORY,CAT-031,POSITIVE,3.0,HIGH,MULTIPLICATIVE
EV126,CATEGORY,CAT-065,POSITIVE,3.0,HIGH,MULTIPLICATIVE
EV126,SUBCATEGORY,SUBCAT-0031,POSITIVE,3.0,HIGH,MULTIPLICATIVE
EV126,SUBCATEGORY,SUBCAT-0029,POSITIVE,3.0,HIGH,MULTIPLICATIVE
EV126,CATEGORY,CAT-008,POSITIVE,3.0,HIGH,MULTIPLICATIVE
EV126,CATEGORY,CAT-010,POSITIVE,3.0,HIGH,MULTIPLICATIVE
EV126,CATEGORY,CAT-001,POSITIVE,3.0,HIGH,MULTIPLICATIVE
EV126,CATEGORY,CAT-002,POSITIVE,3.0,HIGH,MULTIPLICATIVE
EV126,CATEGORY,CAT-003,POSITIVE,3.0,HIGH,MULTIPLICATIVE
EV126,SUBCATEGORY,SUBCAT-0037,POSITIVE,3.0,HIGH,MULTIPLICATIVE
EV126,CATEGORY,CAT-009,POSITIVE,3.0,HIGH,MULTIPLICATIVE
EV126,SUBCATEGORY,SUBCAT-0126,POSITIVE,3.0,HIGH,MULTIPLICATIVE
EV126,SUBCATEGORY,SUBCAT-0117,POSITIVE,3.0,HIGH,MULTIPLICATIVE
EV127,CATEGORY,CAT-007,POSITIVE,2.5,HIGH,MULTIPLICATIVE
EV127,SUBCATEGORY,SUBCAT-0161,POSITIVE,2.5,HIGH,MULTIPLICATIVE
EV127,CATEGORY,CAT-001,POSITIVE,2.5,HIGH,MULTIPLICATIVE
EV127,CATEGORY,CAT-002,POSITIVE,2.5,HIGH,MULTIPLICATIVE
EV127,CATEGORY,CAT-003,POSITIVE,2.5,HIGH,MULTIPLICATIVE
EV127,CATEGORY,CAT-025,POSITIVE,2.5,HIGH,MULTIPLICATIVE
EV127,SUBCATEGORY,SUBCAT-0189,POSITIVE,2.5,HIGH,MULTIPLICATIVE
EV128,SUBCATEGORY,SUBCAT-0117,POSITIVE,2.2,HIGH,MULTIPLICATIVE
EV128,CATEGORY,CAT-010,POSITIVE,2.2,HIGH,MULTIPLICATIVE
EV128,CATEGORY,CAT-059,POSITIVE,2.2,HIGH,MULTIPLICATIVE
EV128,SUBCATEGORY,SUBCAT-0031,POSITIVE,2.2,HIGH,MULTIPLICATIVE
EV128,SUBCATEGORY,SUBCAT-0133,POSITIVE,2.2,HIGH,MULTIPLICATIVE
EV128,CATEGORY,CAT-021,POSITIVE,2.2,HIGH,MULTIPLICATIVE
EV128,SUBCATEGORY,SUBCAT-0037,POSITIVE,2.2,HIGH,MULTIPLICATIVE
EV128,CATEGORY,CAT-009,POSITIVE,2.2,HIGH,MULTIPLICATIVE
EV128,SUBCATEGORY,SUBCAT-0077,POSITIVE,2.2,HIGH,MULTIPLICATIVE
EV129,CATEGORY,CAT-010,POSITIVE,2.5,HIGH,MULTIPLICATIVE
EV129,CATEGORY,CAT-059,POSITIVE,2.5,HIGH,MULTIPLICATIVE
EV129,SUBCATEGORY,SUBCAT-0117,POSITIVE,2.5,HIGH,MULTIPLICATIVE
EV129,SUBCATEGORY,SUBCAT-0133,POSITIVE,2.5,HIGH,MULTIPLICATIVE
EV129,CATEGORY,CAT-021,POSITIVE,2.5,HIGH,MULTIPLICATIVE
EV129,SUBCATEGORY,SUBCAT-0037,POSITIVE,2.5,HIGH,MULTIPLICATIVE
EV129,CATEGORY,CAT-009,POSITIVE,2.5,HIGH,MULTIPLICATIVE
EV129,CATEGORY,CAT-031,POSITIVE,2.5,HIGH,MULTIPLICATIVE
EV130,CATEGORY,CAT-001,POSITIVE,2.5,HIGH,MULTIPLICATIVE
EV130,CATEGORY,CAT-002,POSITIVE,2.5,HIGH,MULTIPLICATIVE
EV130,CATEGORY,CAT-003,POSITIVE,2.5,HIGH,MULTIPLICATIVE
EV130,CATEGORY,CAT-025,POSITIVE,2.5,HIGH,MULTIPLICATIVE
EV130,SUBCATEGORY,SUBCAT-0020,POSITIVE,2.5,HIGH,MULTIPLICATIVE
EV130,SUBCATEGORY,SUBCAT-0097,POSITIVE,2.5,HIGH,MULTIPLICATIVE
EV130,CATEGORY,CAT-015,POSITIVE,2.5,HIGH,MULTIPLICATIVE
EV130,CATEGORY,CAT-036,POSITIVE,2.5,HIGH,MULTIPLICATIVE
EV130,CATEGORY,CAT-028,POSITIVE,2.5,HIGH,MULTIPLICATIVE
EV130,CATEGORY,CAT-037,POSITIVE,2.5,HIGH,MULTIPLICATIVE
EV130,SUBCATEGORY,SUBCAT-0161,POSITIVE,2.5,HIGH,MULTIPLICATIVE
EV130,SUBCATEGORY,SUBCAT-0055,POSITIVE,2.5,HIGH,MULTIPLICATIVE
EV130,SUBCATEGORY,SUBCAT-0081,POSITIVE,2.5,HIGH,MULTIPLICATIVE
EV130,SUBCATEGORY,SUBCAT-0193,POSITIVE,2.5,HIGH,MULTIPLICATIVE
EV130,CATEGORY,CAT-021,POSITIVE,2.5,HIGH,MULTIPLICATIVE
EV131,CATEGORY,CAT-039,POSITIVE,3.5,HIGH,MULTIPLICATIVE
EV131,CATEGORY,CAT-009,POSITIVE,3.5,HIGH,MULTIPLICATIVE
EV131,CATEGORY,CAT-025,POSITIVE,3.5,HIGH,MULTIPLICATIVE
EV131,CATEGORY,CAT-031,POSITIVE,3.5,HIGH,MULTIPLICATIVE
EV131,SUBCATEGORY,SUBCAT-0037,POSITIVE,3.5,HIGH,MULTIPLICATIVE
EV132,SUBCATEGORY,SUBCAT-0077,POSITIVE,1.4,MEDIUM,MULTIPLICATIVE
EV132,SUBCATEGORY,SUBCAT-0192,POSITIVE,1.4,MEDIUM,MULTIPLICATIVE
EV132,SUBCATEGORY,SUBCAT-0051,POSITIVE,1.4,MEDIUM,MULTIPLICATIVE
EV132,CATEGORY,CAT-028,POSITIVE,1.4,MEDIUM,MULTIPLICATIVE
EV132,CATEGORY,CAT-044,POSITIVE,1.4,MEDIUM,MULTIPLICATIVE
EV133,SUBCATEGORY,SUBCAT-0038,POSITIVE,3.0,HIGH,MULTIPLICATIVE
EV134,SUBCATEGORY,SUBCAT-0038,POSITIVE,2.5,HIGH,MULTIPLICATIVE
EV134,SUBCATEGORY,SUBCAT-0181,POSITIVE,2.5,HIGH,MULTIPLICATIVE
EV134,SUBCATEGORY,SUBCAT-0019,POSITIVE,2.5,HIGH,MULTIPLICATIVE
EV134,SUBCATEGORY,SUBCAT-0138,POSITIVE,2.5,HIGH,MULTIPLICATIVE
EV135,SUBCATEGORY,SUBCAT-0181,POSITIVE,1.4,MEDIUM,MULTIPLICATIVE
EV135,CATEGORY,CAT-001,POSITIVE,1.4,MEDIUM,MULTIPLICATIVE
EV135,CATEGORY,CAT-002,POSITIVE,1.4,MEDIUM,MULTIPLICATIVE
EV135,CATEGORY,CAT-003,POSITIVE,1.4,MEDIUM,MULTIPLICATIVE
EV136,SUBCATEGORY,SUBCAT-0181,POSITIVE,1.5,MEDIUM,MULTIPLICATIVE
EV136,SUBCATEGORY,SUBCAT-0138,POSITIVE,1.5,MEDIUM,MULTIPLICATIVE
EV136,SUBCATEGORY,SUBCAT-0159,POSITIVE,1.5,MEDIUM,MULTIPLICATIVE
EV137,CATEGORY,CAT-010,POSITIVE,2.8,HIGH,MULTIPLICATIVE
EV137,SUBCATEGORY,SUBCAT-0034,POSITIVE,2.8,HIGH,MULTIPLICATIVE
EV138,CATEGORY,CAT-010,POSITIVE,1.4,MEDIUM,MULTIPLICATIVE
EV138,SUBCATEGORY,SUBCAT-0173,POSITIVE,1.4,MEDIUM,MULTIPLICATIVE
EV138,SUBCATEGORY,SUBCAT-0161,POSITIVE,1.4,MEDIUM,MULTIPLICATIVE
EV138,SUBCATEGORY,SUBCAT-0113,POSITIVE,1.4,MEDIUM,MULTIPLICATIVE
EV139,SUBCATEGORY,SUBCAT-0082,POSITIVE,1.7,MEDIUM,MULTIPLICATIVE
EV139,SUBCATEGORY,SUBCAT-0058,POSITIVE,1.7,MEDIUM,MULTIPLICATIVE
EV139,SUBCATEGORY,SUBCAT-0059,POSITIVE,1.7,MEDIUM,MULTIPLICATIVE
EV139,CATEGORY,CAT-016,POSITIVE,1.7,MEDIUM,MULTIPLICATIVE
EV139,SUBCATEGORY,SUBCAT-0173,POSITIVE,1.7,MEDIUM,MULTIPLICATIVE
EV139,CATEGORY,CAT-023,POSITIVE,1.7,MEDIUM,MULTIPLICATIVE
EV139,SUBCATEGORY,SUBCAT-0141,NEGATIVE,0.35,HIGH,MULTIPLICATIVE
EV139,SUBCATEGORY,SUBCAT-0143,NEGATIVE,0.35,HIGH,MULTIPLICATIVE
EV140,SUBCATEGORY,SUBCAT-0082,POSITIVE,1.3,LOW,MULTIPLICATIVE
EV140,SUBCATEGORY,SUBCAT-0058,POSITIVE,1.3,LOW,MULTIPLICATIVE
EV140,SUBCATEGORY,SUBCAT-0059,POSITIVE,1.3,LOW,MULTIPLICATIVE
EV140,CATEGORY,CAT-016,POSITIVE,1.3,LOW,MULTIPLICATIVE
EV140,SUBCATEGORY,SUBCAT-0173,POSITIVE,1.3,LOW,MULTIPLICATIVE
EV140,SUBCATEGORY,SUBCAT-0141,NEGATIVE,0.35,HIGH,MULTIPLICATIVE
EV140,SUBCATEGORY,SUBCAT-0143,NEGATIVE,0.35,HIGH,MULTIPLICATIVE
EV141,SUBCATEGORY,SUBCAT-0082,POSITIVE,2.2,HIGH,MULTIPLICATIVE
EV141,SUBCATEGORY,SUBCAT-0058,POSITIVE,2.2,HIGH,MULTIPLICATIVE
EV141,SUBCATEGORY,SUBCAT-0059,POSITIVE,2.2,HIGH,MULTIPLICATIVE
EV141,CATEGORY,CAT-016,POSITIVE,2.2,HIGH,MULTIPLICATIVE
EV141,CATEGORY,CAT-059,POSITIVE,2.2,HIGH,MULTIPLICATIVE
EV141,SUBCATEGORY,SUBCAT-0141,NEGATIVE,0.35,HIGH,MULTIPLICATIVE
EV141,SUBCATEGORY,SUBCAT-0143,NEGATIVE,0.35,HIGH,MULTIPLICATIVE
EV142,SUBCATEGORY,SUBCAT-0173,POSITIVE,1.3,LOW,MULTIPLICATIVE
EV142,SUBCATEGORY,SUBCAT-0029,POSITIVE,1.3,LOW,MULTIPLICATIVE
EV142,CATEGORY,CAT-008,POSITIVE,1.3,LOW,MULTIPLICATIVE
EV142,SUBCATEGORY,SUBCAT-0143,POSITIVE,1.3,LOW,MULTIPLICATIVE
EV142,CATEGORY,CAT-041,POSITIVE,1.3,LOW,MULTIPLICATIVE
EV142,CATEGORY,CAT-026,POSITIVE,1.3,LOW,MULTIPLICATIVE
EV142,SUBCATEGORY,SUBCAT-0141,NEGATIVE,0.35,HIGH,MULTIPLICATIVE
EV143,SUBCATEGORY,SUBCAT-0173,POSITIVE,1.5,MEDIUM,MULTIPLICATIVE
EV143,SUBCATEGORY,SUBCAT-0082,POSITIVE,1.5,MEDIUM,MULTIPLICATIVE
EV143,SUBCATEGORY,SUBCAT-0141,NEGATIVE,0.35,HIGH,MULTIPLICATIVE
EV143,SUBCATEGORY,SUBCAT-0143,NEGATIVE,0.35,HIGH,MULTIPLICATIVE
EV144,SUBCATEGORY,SUBCAT-0173,POSITIVE,1.4,MEDIUM,MULTIPLICATIVE
EV144,SUBCATEGORY,SUBCAT-0082,POSITIVE,1.4,MEDIUM,MULTIPLICATIVE
EV144,SUBCATEGORY,SUBCAT-0141,NEGATIVE,0.35,HIGH,MULTIPLICATIVE
EV144,SUBCATEGORY,SUBCAT-0143,NEGATIVE,0.35,HIGH,MULTIPLICATIVE
EV145,CATEGORY,CAT-012,POSITIVE,1.8,MEDIUM,MULTIPLICATIVE
EV145,CATEGORY,CAT-064,POSITIVE,1.8,MEDIUM,MULTIPLICATIVE
EV145,CATEGORY,CAT-028,POSITIVE,1.8,MEDIUM,MULTIPLICATIVE
EV146,CATEGORY,CAT-064,POSITIVE,1.7,MEDIUM,MULTIPLICATIVE
EV146,CATEGORY,CAT-007,POSITIVE,1.7,MEDIUM,MULTIPLICATIVE
EV146,CATEGORY,CAT-012,POSITIVE,1.7,MEDIUM,MULTIPLICATIVE
EV146,SUBCATEGORY,SUBCAT-0020,POSITIVE,1.7,MEDIUM,MULTIPLICATIVE
EV146,SUBCATEGORY,SUBCAT-0097,POSITIVE,1.7,MEDIUM,MULTIPLICATIVE
EV146,CATEGORY,CAT-015,POSITIVE,1.7,MEDIUM,MULTIPLICATIVE
EV147,CATEGORY,CAT-007,POSITIVE,1.8,MEDIUM,MULTIPLICATIVE
EV147,CATEGORY,CAT-001,POSITIVE,1.8,MEDIUM,MULTIPLICATIVE
EV147,CATEGORY,CAT-002,POSITIVE,1.8,MEDIUM,MULTIPLICATIVE
EV147,CATEGORY,CAT-003,POSITIVE,1.8,MEDIUM,MULTIPLICATIVE
EV147,CATEGORY,CAT-025,POSITIVE,1.8,MEDIUM,MULTIPLICATIVE
EV147,CATEGORY,CAT-064,POSITIVE,1.8,MEDIUM,MULTIPLICATIVE
EV148,CATEGORY,CAT-065,POSITIVE,2.0,HIGH,MULTIPLICATIVE
EV148,CATEGORY,CAT-066,POSITIVE,2.0,HIGH,MULTIPLICATIVE
EV148,CATEGORY,CAT-007,POSITIVE,2.0,HIGH,MULTIPLICATIVE
EV148,SUBCATEGORY,SUBCAT-0189,POSITIVE,2.0,HIGH,MULTIPLICATIVE
EV148,CATEGORY,CAT-059,POSITIVE,2.0,HIGH,MULTIPLICATIVE
EV149,CATEGORY,CAT-001,POSITIVE,1.3,LOW,MULTIPLICATIVE
EV149,CATEGORY,CAT-002,POSITIVE,1.3,LOW,MULTIPLICATIVE
EV149,CATEGORY,CAT-003,POSITIVE,1.3,LOW,MULTIPLICATIVE
EV149,CATEGORY,CAT-025,POSITIVE,1.3,LOW,MULTIPLICATIVE
EV149,SUBCATEGORY,SUBCAT-0161,POSITIVE,1.3,LOW,MULTIPLICATIVE
EV149,SUBCATEGORY,SUBCAT-0192,POSITIVE,1.3,LOW,MULTIPLICATIVE
EV149,SUBCATEGORY,SUBCAT-0020,POSITIVE,1.3,LOW,MULTIPLICATIVE
EV149,SUBCATEGORY,SUBCAT-0097,POSITIVE,1.3,LOW,MULTIPLICATIVE
EV149,CATEGORY,CAT-015,POSITIVE,1.3,LOW,MULTIPLICATIVE
EV149,CATEGORY,CAT-007,POSITIVE,1.3,LOW,MULTIPLICATIVE
EV149,CATEGORY,CAT-048,POSITIVE,1.3,LOW,MULTIPLICATIVE
EV150,SUBCATEGORY,SUBCAT-0020,POSITIVE,2.8,HIGH,MULTIPLICATIVE
EV150,SUBCATEGORY,SUBCAT-0097,POSITIVE,2.8,HIGH,MULTIPLICATIVE
EV150,CATEGORY,CAT-015,POSITIVE,2.8,HIGH,MULTIPLICATIVE
EV150,SUBCATEGORY,SUBCAT-0082,POSITIVE,2.8,HIGH,MULTIPLICATIVE
EV150,CATEGORY,CAT-064,POSITIVE,2.8,HIGH,MULTIPLICATIVE
EV151,SUBCATEGORY,SUBCAT-0181,POSITIVE,1.3,LOW,MULTIPLICATIVE
EV151,CATEGORY,CAT-038,POSITIVE,1.3,LOW,MULTIPLICATIVE
EV151,CATEGORY,CAT-048,POSITIVE,1.3,LOW,MULTIPLICATIVE
EV151,CATEGORY,CAT-032,POSITIVE,1.3,LOW,MULTIPLICATIVE
EV151,CATEGORY,CAT-026,POSITIVE,1.3,LOW,MULTIPLICATIVE
EV152,SUBCATEGORY,SUBCAT-0126,POSITIVE,2.1,HIGH,MULTIPLICATIVE
EV152,SUBCATEGORY,SUBCAT-0117,POSITIVE,2.1,HIGH,MULTIPLICATIVE
EV152,SUBCATEGORY,SUBCAT-0029,POSITIVE,2.1,HIGH,MULTIPLICATIVE
EV152,CATEGORY,CAT-008,POSITIVE,2.1,HIGH,MULTIPLICATIVE
EV152,CATEGORY,CAT-010,POSITIVE,2.1,HIGH,MULTIPLICATIVE
EV152,CATEGORY,CAT-031,POSITIVE,2.1,HIGH,MULTIPLICATIVE
EV152,CATEGORY,CAT-065,POSITIVE,2.1,HIGH,MULTIPLICATIVE
EV152,SUBCATEGORY,SUBCAT-0062,POSITIVE,2.1,HIGH,MULTIPLICATIVE
EV152,CATEGORY,CAT-018,POSITIVE,2.1,HIGH,MULTIPLICATIVE
EV153,SUBCATEGORY,SUBCAT-0060,POSITIVE,1.6,MEDIUM,MULTIPLICATIVE
EV153,SUBCATEGORY,SUBCAT-0143,POSITIVE,1.6,MEDIUM,MULTIPLICATIVE
EV153,SUBCATEGORY,SUBCAT-0173,POSITIVE,1.6,MEDIUM,MULTIPLICATIVE
EV153,CATEGORY,CAT-024,POSITIVE,1.6,MEDIUM,MULTIPLICATIVE
EV153,CATEGORY,CAT-032,POSITIVE,1.6,MEDIUM,MULTIPLICATIVE
EV153,CATEGORY,CAT-041,POSITIVE,1.6,MEDIUM,MULTIPLICATIVE
EV153,CATEGORY,CAT-025,POSITIVE,1.6,MEDIUM,MULTIPLICATIVE
EV153,CATEGORY,CAT-048,POSITIVE,1.6,MEDIUM,MULTIPLICATIVE
EV153,CATEGORY,CAT-031,POSITIVE,1.6,MEDIUM,MULTIPLICATIVE
EV154,CATEGORY,CAT-023,POSITIVE,1.5,MEDIUM,MULTIPLICATIVE
EV154,SUBCATEGORY,SUBCAT-0082,POSITIVE,1.5,MEDIUM,MULTIPLICATIVE
EV154,SUBCATEGORY,SUBCAT-0032,POSITIVE,1.5,MEDIUM,MULTIPLICATIVE
EV155,SUBCATEGORY,SUBCAT-0141,POSITIVE,1.8,MEDIUM,MULTIPLICATIVE
EV155,CATEGORY,CAT-041,POSITIVE,1.8,MEDIUM,MULTIPLICATIVE
EV155,SUBCATEGORY,SUBCAT-0142,POSITIVE,1.8,MEDIUM,MULTIPLICATIVE
EV155,SUBCATEGORY,SUBCAT-0032,POSITIVE,1.8,MEDIUM,MULTIPLICATIVE
EV155,SUBCATEGORY,SUBCAT-0009,POSITIVE,1.8,MEDIUM,MULTIPLICATIVE
EV155,SUBCATEGORY,SUBCAT-0173,POSITIVE,1.8,MEDIUM,MULTIPLICATIVE
EV156,SUBCATEGORY,SUBCAT-0032,POSITIVE,1.7,MEDIUM,MULTIPLICATIVE
EV156,SUBCATEGORY,SUBCAT-0058,POSITIVE,1.7,MEDIUM,MULTIPLICATIVE
EV156,SUBCATEGORY,SUBCAT-0059,POSITIVE,1.7,MEDIUM,MULTIPLICATIVE
EV156,CATEGORY,CAT-016,POSITIVE,1.7,MEDIUM,MULTIPLICATIVE
EV156,SUBCATEGORY,SUBCAT-0173,POSITIVE,1.7,MEDIUM,MULTIPLICATIVE
EV156,CATEGORY,CAT-031,POSITIVE,1.7,MEDIUM,MULTIPLICATIVE
EV157,CATEGORY,CAT-023,POSITIVE,1.5,MEDIUM,MULTIPLICATIVE
EV157,SUBCATEGORY,SUBCAT-0032,POSITIVE,1.5,MEDIUM,MULTIPLICATIVE
EV157,SUBCATEGORY,SUBCAT-0060,POSITIVE,1.5,MEDIUM,MULTIPLICATIVE
EV157,SUBCATEGORY,SUBCAT-0143,POSITIVE,1.5,MEDIUM,MULTIPLICATIVE
EV157,SUBCATEGORY,SUBCAT-0173,POSITIVE,1.5,MEDIUM,MULTIPLICATIVE
EV157,CATEGORY,CAT-024,POSITIVE,1.5,MEDIUM,MULTIPLICATIVE
EV157,CATEGORY,CAT-032,POSITIVE,1.5,MEDIUM,MULTIPLICATIVE
EV157,CATEGORY,CAT-041,POSITIVE,1.5,MEDIUM,MULTIPLICATIVE
EV157,CATEGORY,CAT-066,POSITIVE,1.5,MEDIUM,MULTIPLICATIVE
EV157,CATEGORY,CAT-031,POSITIVE,1.5,MEDIUM,MULTIPLICATIVE
EV157,SUBCATEGORY,SUBCAT-0126,POSITIVE,1.5,MEDIUM,MULTIPLICATIVE
EV157,CATEGORY,CAT-004,POSITIVE,1.5,MEDIUM,MULTIPLICATIVE
EV158,CATEGORY,CAT-023,POSITIVE,1.4,MEDIUM,MULTIPLICATIVE
EV158,SUBCATEGORY,SUBCAT-0082,POSITIVE,1.4,MEDIUM,MULTIPLICATIVE
EV158,SUBCATEGORY,SUBCAT-0032,POSITIVE,1.4,MEDIUM,MULTIPLICATIVE
EV159,CATEGORY,CAT-023,POSITIVE,1.6,MEDIUM,MULTIPLICATIVE
EV159,SUBCATEGORY,SUBCAT-0032,POSITIVE,1.6,MEDIUM,MULTIPLICATIVE
EV159,SUBCATEGORY,SUBCAT-0060,POSITIVE,1.6,MEDIUM,MULTIPLICATIVE
EV159,SUBCATEGORY,SUBCAT-0143,POSITIVE,1.6,MEDIUM,MULTIPLICATIVE
EV159,SUBCATEGORY,SUBCAT-0173,POSITIVE,1.6,MEDIUM,MULTIPLICATIVE
EV159,CATEGORY,CAT-024,POSITIVE,1.6,MEDIUM,MULTIPLICATIVE
EV159,CATEGORY,CAT-032,POSITIVE,1.6,MEDIUM,MULTIPLICATIVE
EV159,CATEGORY,CAT-041,POSITIVE,1.6,MEDIUM,MULTIPLICATIVE
EV159,CATEGORY,CAT-031,POSITIVE,1.6,MEDIUM,MULTIPLICATIVE
EV160,CATEGORY,CAT-023,POSITIVE,1.8,MEDIUM,MULTIPLICATIVE
EV160,CATEGORY,CAT-039,POSITIVE,1.8,MEDIUM,MULTIPLICATIVE
EV160,CATEGORY,CAT-031,POSITIVE,1.8,MEDIUM,MULTIPLICATIVE
EV160,SUBCATEGORY,SUBCAT-0126,POSITIVE,1.8,MEDIUM,MULTIPLICATIVE
EV161,CATEGORY,CAT-066,POSITIVE,1.4,MEDIUM,MULTIPLICATIVE
EV161,SUBCATEGORY,SUBCAT-0118,POSITIVE,1.4,MEDIUM,MULTIPLICATIVE
EV161,CATEGORY,CAT-031,POSITIVE,1.4,MEDIUM,MULTIPLICATIVE
EV161,SUBCATEGORY,SUBCAT-0060,POSITIVE,1.4,MEDIUM,MULTIPLICATIVE
EV161,SUBCATEGORY,SUBCAT-0143,POSITIVE,1.4,MEDIUM,MULTIPLICATIVE
EV161,SUBCATEGORY,SUBCAT-0173,POSITIVE,1.4,MEDIUM,MULTIPLICATIVE
EV161,CATEGORY,CAT-024,POSITIVE,1.4,MEDIUM,MULTIPLICATIVE
EV161,CATEGORY,CAT-032,POSITIVE,1.4,MEDIUM,MULTIPLICATIVE
EV161,CATEGORY,CAT-041,POSITIVE,1.4,MEDIUM,MULTIPLICATIVE
EV161,SUBCATEGORY,SUBCAT-0189,POSITIVE,1.4,MEDIUM,MULTIPLICATIVE
EV162,CATEGORY,CAT-066,POSITIVE,1.6,MEDIUM,MULTIPLICATIVE
EV162,CATEGORY,CAT-001,POSITIVE,1.6,MEDIUM,MULTIPLICATIVE
EV162,CATEGORY,CAT-002,POSITIVE,1.6,MEDIUM,MULTIPLICATIVE
EV162,CATEGORY,CAT-003,POSITIVE,1.6,MEDIUM,MULTIPLICATIVE
EV162,CATEGORY,CAT-025,POSITIVE,1.6,MEDIUM,MULTIPLICATIVE
EV162,SUBCATEGORY,SUBCAT-0117,POSITIVE,1.6,MEDIUM,MULTIPLICATIVE
EV162,SUBCATEGORY,SUBCAT-0060,POSITIVE,1.6,MEDIUM,MULTIPLICATIVE
EV162,SUBCATEGORY,SUBCAT-0143,POSITIVE,1.6,MEDIUM,MULTIPLICATIVE
EV162,SUBCATEGORY,SUBCAT-0173,POSITIVE,1.6,MEDIUM,MULTIPLICATIVE
EV162,CATEGORY,CAT-024,POSITIVE,1.6,MEDIUM,MULTIPLICATIVE
EV162,CATEGORY,CAT-032,POSITIVE,1.6,MEDIUM,MULTIPLICATIVE
EV162,CATEGORY,CAT-041,POSITIVE,1.6,MEDIUM,MULTIPLICATIVE
EV162,CATEGORY,CAT-010,POSITIVE,1.6,MEDIUM,MULTIPLICATIVE
EV162,CATEGORY,CAT-031,POSITIVE,1.6,MEDIUM,MULTIPLICATIVE
EV163,CATEGORY,CAT-025,POSITIVE,3.2,HIGH,MULTIPLICATIVE
EV163,SUBCATEGORY,SUBCAT-0036,POSITIVE,3.2,HIGH,MULTIPLICATIVE
EV163,CATEGORY,CAT-039,POSITIVE,3.2,HIGH,MULTIPLICATIVE
EV163,CATEGORY,CAT-031,POSITIVE,3.2,HIGH,MULTIPLICATIVE
EV163,SUBCATEGORY,SUBCAT-0082,POSITIVE,3.2,HIGH,MULTIPLICATIVE
EV163,SUBCATEGORY,SUBCAT-0029,POSITIVE,3.2,HIGH,MULTIPLICATIVE
EV163,CATEGORY,CAT-008,POSITIVE,3.2,HIGH,MULTIPLICATIVE
EV163,SUBCATEGORY,SUBCAT-0141,POSITIVE,3.2,HIGH,MULTIPLICATIVE
EV163,CATEGORY,CAT-041,POSITIVE,3.2,HIGH,MULTIPLICATIVE
EV163,SUBCATEGORY,SUBCAT-0126,POSITIVE,3.2,HIGH,MULTIPLICATIVE
EV164,SUBCATEGORY,SUBCAT-0173,POSITIVE,1.3,LOW,MULTIPLICATIVE
EV164,SUBCATEGORY,SUBCAT-0009,POSITIVE,1.3,LOW,MULTIPLICATIVE
EV164,SUBCATEGORY,SUBCAT-0038,POSITIVE,1.3,LOW,MULTIPLICATIVE
EV164,CATEGORY,CAT-010,POSITIVE,1.3,LOW,MULTIPLICATIVE
EV165,SUBCATEGORY,SUBCAT-0181,POSITIVE,2.2,HIGH,MULTIPLICATIVE
EV165,CATEGORY,CAT-048,POSITIVE,2.2,HIGH,MULTIPLICATIVE
EV166,SUBCATEGORY,SUBCAT-0038,POSITIVE,1.6,MEDIUM,MULTIPLICATIVE
EV166,CATEGORY,CAT-025,POSITIVE,1.6,MEDIUM,MULTIPLICATIVE
EV166,CATEGORY,CAT-007,POSITIVE,1.6,MEDIUM,MULTIPLICATIVE
EV166,SUBCATEGORY,SUBCAT-0181,POSITIVE,1.6,MEDIUM,MULTIPLICATIVE
EV167,CATEGORY,CAT-001,POSITIVE,2.0,HIGH,MULTIPLICATIVE
EV167,CATEGORY,CAT-002,POSITIVE,2.0,HIGH,MULTIPLICATIVE
EV167,CATEGORY,CAT-003,POSITIVE,2.0,HIGH,MULTIPLICATIVE
EV167,CATEGORY,CAT-039,POSITIVE,2.0,HIGH,MULTIPLICATIVE
EV167,SUBCATEGORY,SUBCAT-0020,POSITIVE,2.0,HIGH,MULTIPLICATIVE
EV167,SUBCATEGORY,SUBCAT-0097,POSITIVE,2.0,HIGH,MULTIPLICATIVE
EV167,CATEGORY,CAT-015,POSITIVE,2.0,HIGH,MULTIPLICATIVE
EV167,SUBCATEGORY,SUBCAT-0126,POSITIVE,2.0,HIGH,MULTIPLICATIVE
EV167,CATEGORY,CAT-031,POSITIVE,2.0,HIGH,MULTIPLICATIVE
EV167,CATEGORY,CAT-065,POSITIVE,2.0,HIGH,MULTIPLICATIVE
EV167,SUBCATEGORY,SUBCAT-0037,POSITIVE,2.0,HIGH,MULTIPLICATIVE
EV167,CATEGORY,CAT-009,POSITIVE,2.0,HIGH,MULTIPLICATIVE
EV168,SUBCATEGORY,SUBCAT-0082,POSITIVE,2.2,HIGH,MULTIPLICATIVE
EV168,SUBCATEGORY,SUBCAT-0031,POSITIVE,2.2,HIGH,MULTIPLICATIVE
EV168,CATEGORY,CAT-001,POSITIVE,2.2,HIGH,MULTIPLICATIVE
EV168,CATEGORY,CAT-002,POSITIVE,2.2,HIGH,MULTIPLICATIVE
EV168,CATEGORY,CAT-003,POSITIVE,2.2,HIGH,MULTIPLICATIVE
EV168,SUBCATEGORY,SUBCAT-0020,POSITIVE,2.2,HIGH,MULTIPLICATIVE
EV168,SUBCATEGORY,SUBCAT-0097,POSITIVE,2.2,HIGH,MULTIPLICATIVE
EV168,CATEGORY,CAT-015,POSITIVE,2.2,HIGH,MULTIPLICATIVE
EV168,SUBCATEGORY,SUBCAT-0126,POSITIVE,2.2,HIGH,MULTIPLICATIVE
EV168,SUBCATEGORY,SUBCAT-0062,POSITIVE,2.2,HIGH,MULTIPLICATIVE
EV168,CATEGORY,CAT-018,POSITIVE,2.2,HIGH,MULTIPLICATIVE
EV169,CATEGORY,CAT-039,POSITIVE,2.0,HIGH,MULTIPLICATIVE
EV169,SUBCATEGORY,SUBCAT-0037,POSITIVE,2.0,HIGH,MULTIPLICATIVE
EV169,CATEGORY,CAT-009,POSITIVE,2.0,HIGH,MULTIPLICATIVE
EV169,CATEGORY,CAT-025,POSITIVE,2.0,HIGH,MULTIPLICATIVE
EV169,CATEGORY,CAT-031,POSITIVE,2.0,HIGH,MULTIPLICATIVE
EV169,CATEGORY,CAT-036,POSITIVE,2.0,HIGH,MULTIPLICATIVE
EV169,CATEGORY,CAT-028,POSITIVE,2.0,HIGH,MULTIPLICATIVE
EV170,CATEGORY,CAT-039,POSITIVE,1.9,MEDIUM,MULTIPLICATIVE
EV170,SUBCATEGORY,SUBCAT-0037,POSITIVE,1.9,MEDIUM,MULTIPLICATIVE
EV170,CATEGORY,CAT-009,POSITIVE,1.9,MEDIUM,MULTIPLICATIVE
EV170,CATEGORY,CAT-025,POSITIVE,1.9,MEDIUM,MULTIPLICATIVE
EV170,CATEGORY,CAT-031,POSITIVE,1.9,MEDIUM,MULTIPLICATIVE
EV170,CATEGORY,CAT-036,POSITIVE,1.9,MEDIUM,MULTIPLICATIVE
EV170,CATEGORY,CAT-028,POSITIVE,1.9,MEDIUM,MULTIPLICATIVE
EV171,SUBCATEGORY,SUBCAT-0034,POSITIVE,1.3,LOW,MULTIPLICATIVE
EV171,CATEGORY,CAT-010,POSITIVE,1.3,LOW,MULTIPLICATIVE
EV172,SUBCATEGORY,SUBCAT-0031,POSITIVE,1.6,MEDIUM,MULTIPLICATIVE
EV172,CATEGORY,CAT-023,POSITIVE,1.6,MEDIUM,MULTIPLICATIVE
EV172,CATEGORY,CAT-039,POSITIVE,1.6,MEDIUM,MULTIPLICATIVE
EV172,CATEGORY,CAT-065,POSITIVE,1.6,MEDIUM,MULTIPLICATIVE
EV172,CATEGORY,CAT-031,POSITIVE,1.6,MEDIUM,MULTIPLICATIVE
EV172,SUBCATEGORY,SUBCAT-0037,POSITIVE,1.6,MEDIUM,MULTIPLICATIVE
EV172,CATEGORY,CAT-009,POSITIVE,1.6,MEDIUM,MULTIPLICATIVE
EV173,SUBCATEGORY,SUBCAT-0009,POSITIVE,1.6,MEDIUM,MULTIPLICATIVE
EV173,CATEGORY,CAT-031,POSITIVE,1.6,MEDIUM,MULTIPLICATIVE
EV173,CATEGORY,CAT-066,POSITIVE,1.6,MEDIUM,MULTIPLICATIVE
EV173,SUBCATEGORY,SUBCAT-0173,POSITIVE,1.6,MEDIUM,MULTIPLICATIVE
EV173,SUBCATEGORY,SUBCAT-0032,POSITIVE,1.6,MEDIUM,MULTIPLICATIVE
EV173,SUBCATEGORY,SUBCAT-0118,POSITIVE,1.6,MEDIUM,MULTIPLICATIVE
EV174,SUBCATEGORY,SUBCAT-0138,POSITIVE,1.6,MEDIUM,MULTIPLICATIVE
EV174,SUBCATEGORY,SUBCAT-0121,POSITIVE,1.6,MEDIUM,MULTIPLICATIVE
EV174,CATEGORY,CAT-064,POSITIVE,1.6,MEDIUM,MULTIPLICATIVE
EV174,CATEGORY,CAT-048,POSITIVE,1.6,MEDIUM,MULTIPLICATIVE
EV174,CATEGORY,CAT-001,POSITIVE,1.6,MEDIUM,MULTIPLICATIVE
EV174,CATEGORY,CAT-002,POSITIVE,1.6,MEDIUM,MULTIPLICATIVE
EV174,CATEGORY,CAT-003,POSITIVE,1.6,MEDIUM,MULTIPLICATIVE
