Event_ID,Event_Name,Event_Type,Sub_Type,Region,Calendar_Anchor,Annual_Week_Peak,Typical_Start_Week,Typical_End_Week,Lead_Time_Weeks,Decay_Weeks,Category_Impact_Keywords,Impact_Profile,Demand_Multiplier,Weather_Sensitivity,Geography_Weight,Recurrence_Type,Source_URL,Notes
EV001,New Year Shopping & Gifting,Commercial,Gregorian/New Year,India,2026,1,1,2,2,1,"Party Supplies, Snacks, Cakes, Chocolates, Beverages, Gifts, Fashion, Beauty, Watches, Consumer Electronics",Positive,1.8,Low,National,Annual,https://www.drikpanchang.com/calendars/indian/indiancalendar.html,
EV002,New Year Clearance Sales,Commercial,Clearance,India,2026,1,1,4,2,3,"Apparel, Footwear, Fashion Accessories, Home Furnishings, Consumer Electronics, Furniture",Positive,2.2,Low,National,Annual,,Retailer-controlled; exact dates vary.
EV003,Winter Peak / Cold Wave,Weather,Winter,North & Central India,2026,2,1,5,2,3,"Winterwear, Blankets, Quilts, Heaters, Hot Beverages, Skincare, Humidifiers",Positive,1.8,High,Regional,Annual,https://mausam.imd.gov.in/imd_latest/contents/onset.php,
EV004,Lohri,Festival,Harvest/Sikh,"Punjab, Haryana, HP, Delhi-NCR",2026,2,2,2,2,1,"Ethnic Wear, Punjabi Sweets, Sesame, Jaggery, Peanuts, Dry Fruits, Gifting, Home Decor",Positive,2.3,Low,Regional,Annual,https://www.drikpanchang.com/calendars/indian/indiancalendar.html,
EV005,Bhogi,Festival,Harvest/Regional,"Tamil Nadu, Andhra Pradesh, Telangana",2026,2,2,2,2,1,"Home Cleaning, Household Goods, New Utensils, Furniture, Apparel, Home Decor",Positive,1.8,Low,Regional,Annual,https://www.drikpanchang.com/calendars/indian/indiancalendar.html,
EV006,Makar Sankranti,Festival,Harvest/Hindu,"Pan-India; North, West, Central, South India",2026,3,2,3,2,1,"Til, Jaggery, Sweets, Dry Fruits, Kites, Kite Accessories, Ethnic Wear, Puja Items",Positive,2.2,Low,Regional,Annual,https://www.drikpanchang.com/calendars/indian/indiancalendar.html,
EV007,Pongal,Festival,Harvest/Regional,Tamil Nadu; Tamil diaspora,2026,3,2,3,3,2,"Rice, Jaggery, Sugarcane, Milk, Ghee, Spices, Fresh Produce, Ethnic Wear, Kitchenware, Puja Items, Home Decor, Gifts",Positive,3.2,Low,Regional,Annual,https://www.drikpanchang.com/calendars/indian/indiancalendar.html,
EV008,Mattu Pongal,Festival,Harvest/Animal Celebration,Tamil Nadu,2026,3,3,3,1,1,"Fresh Food, Flowers, Traditional Foods, Ethnic Wear, Cattle-related Goods, Decorations",Positive,1.8,Low,Regional,Annual,https://www.drikpanchang.com/calendars/indian/indiancalendar.html,
EV009,Vasant Panchami / Basant Panchami,Festival,Hindu/Cultural,"North, East, Central India",2026,4,4,4,1,1,"Yellow Apparel, Sweets, Flowers, Puja Items, Books, Stationery, Educational Products",Positive,1.7,Low,Regional,Annual,https://www.drikpanchang.com/calendars/indian/indiancalendar.html,
EV010,Republic Day,National,National Holiday,India,2026,4,4,4,2,1,"Apparel, Flag Merchandise, Snacks, Beverages, Travel, Stationery, Consumer Electronics",Positive,1.5,Low,National,Annual,https://www.drikpanchang.com/calendars/indian/indiancalendar.html,
EV011,Republic Day E-commerce Sale,Commercial,E-commerce Sale,India,2026,4,3,5,2,2,"Consumer Electronics, Smartphones, Appliances, Fashion, Home, Beauty, Gaming",Positive,2.6,Low,National,Annual,,Platform/retailer-controlled.
EV012,Valentine's Week,Commercial,Relationship/Gifting,India,2026,7,6,7,3,1,"Flowers, Chocolates, Soft Toys, Jewellery, Fashion Accessories, Greeting Cards, Gifts, Fragrances",Positive,2.0,Low,National,Annual,,
EV013,Valentine's Day,Commercial,Relationship/Gifting,India,2026,7,7,7,3,1,"Chocolates, Flowers, Perfumes, Jewellery, Watches, Fashion Accessories, Gifts, Beauty, Cakes",Positive,2.5,Low,National,Annual,https://www.drikpanchang.com/calendars/indian/indiancalendar.html,
EV014,Maha Shivaratri,Religious,Fasting/Festival,Pan-India; high regional variation,2026,7,7,7,1,1,"Fruits, Milk, Dairy, Dry Fruits, Fasting Foods, Flowers, Puja Items, Religious Goods",Positive,1.7,Low,Regional,Annual,https://www.drikpanchang.com/calendars/indian/indiancalendar.html,
EV015,Winter Clearance / End of Season Sale,Commercial,Clearance,India,2026,8,6,10,3,3,"Winterwear, Footwear, Apparel, Blankets, Home Furnishings, Accessories",Positive,2.4,Low,National,Annual,,
EV016,Wedding Season — Winter Peak II,Lifecycle,Wedding,"North, West, Central, South India",2026,8,4,9,6,3,"Bridal Wear, Groom Wear, Ethnic Wear, Jewellery, Cosmetics, Footwear, Fragrances, Gifts, Home Products",Positive,3.1,Low,Regional,Annual,,
EV017,Exam Preparation Cycle,Lifecycle,Education/Exams,India,2026,9,7,11,5,3,"Books, Stationery, Printers, Laptops, Tablets, Study Lamps, Educational Supplies",Positive,1.7,Low,National,Annual,,
EV018,Spring Transition,Weather,Season Transition,India; warmer south earlier,2026,9,8,11,2,2,"Summer Apparel, Fans, Beverages, Skincare, Personal Care, Cooling Products",Positive,1.4,High,Regional,Annual,,
EV019,Holi Preparation,Festival,Hindu/Festival Prep,"North, West, Central India; pan-India urban markets",2026,10,8,10,3,1,"Colors, Pichkaris, Water Guns, White Apparel, Sweets, Snacks, Beverages, Party Supplies, Personal Care",Positive,2.2,Low,Regional,Annual,https://www.drikpanchang.com/calendars/indian/indiancalendar.html,
EV020,Holika Dahan,Festival,Hindu,"North, West, Central India",2026,10,10,10,2,1,"Puja Items, Firewood/Decorative Materials, Sweets, Dry Fruits, Traditional Foods, Home Decor",Positive,1.8,Low,Regional,Annual,https://www.drikpanchang.com/calendars/indian/indiancalendar.html,
EV021,Holi,Festival,Hindu,"North, West, Central India; pan-India",2026,10,10,10,3,1,"Colors, Pichkaris, White Apparel, Sweets, Snacks, Beverages, Personal Care, Party Supplies",Positive,3.0,Low,Regional,Annual,https://www.drikpanchang.com/calendars/indian/indiancalendar.html,
EV022,Ramadan Begins,Religious,Fasting/Islamic,Muslim-majority market clusters across India,2026,11,10,14,4,2,"Dates, Dry Fruits, Fruits, Beverages, Meat, Bakery, Ready Foods, Modest Apparel, Personal Care",Mixed,1.9,Low,Regional,Annual,https://www.drikpanchang.com/calendars/indian/indiancalendar.html,Islamic lunar date shifts substantially year to year.
EV023,Iftar Peak Demand,Religious,Fasting/Food,India; Muslim market clusters,2026,12,11,14,2,1,"Fresh Fruits, Dates, Beverages, Dairy, Bakery, Meat, Spices, Ready Foods",Positive,2.2,Low,Regional,Annual,https://www.drikpanchang.com/calendars/indian/indiancalendar.html,
EV024,Ugadi,Festival,Regional New Year,"Karnataka, Andhra Pradesh, Telangana",2026,12,12,12,3,1,"Fresh Produce, Fruits, Jaggery, Neem, Spices, Sweets, Ethnic Wear, Puja Items, Kitchenware",Positive,2.5,Low,Regional,Annual,https://www.drikpanchang.com/calendars/indian/indiancalendar.html,
EV025,Gudi Padwa,Festival,Regional New Year,"Maharashtra, Goa, parts of Karnataka",2026,12,12,12,3,1,"Sarees, Jewellery, Ethnic Wear, Fresh Produce, Puja Items, Home Decor, Sweets, Gifts",Positive,2.4,Low,Regional,Annual,https://www.drikpanchang.com/calendars/indian/indiancalendar.html,
EV026,Chaitra Navratri,Religious,Fasting/Festival,"North, West, Central India",2026,12,12,13,2,2,"Fasting Foods, Fruits, Dry Fruits, Dairy, Puja Items, Ethnic Wear, Religious Goods",Mixed,1.7,Low,Regional,Annual,https://www.drikpanchang.com/calendars/indian/indiancalendar.html,
EV027,Ram Navami,Religious,Hindu,Pan-India; regional intensity,2026,13,13,13,1,1,"Fruits, Sweets, Puja Items, Religious Goods, Ethnic Wear",Positive,1.8,Low,Regional,Annual,https://www.drikpanchang.com/calendars/indian/indiancalendar.html,
EV028,Mahavir Jayanti,Religious,Jain,India; higher impact in Jain community clusters,2026,13,13,13,1,1,"Fruits, Sweets, Vegetarian Food, Religious Goods, Ethnic Wear",Positive,1.4,Low,Regional,Annual,https://www.drikpanchang.com/calendars/indian/indiancalendar.html,
EV029,Financial Year-End Shopping,Lifecycle,Financial/Business Cycle,India,2026,13,12,13,4,2,"Office Supplies, IT Equipment, Electronics, Furniture, Appliances, Business Goods, Packaging",Positive,1.8,Low,National,Annual,,
EV030,Tax-Saving Purchase Cycle,Lifecycle,Financial/Tax Cycle,India,2026,13,10,13,6,2,"Eligible Appliances, Electronics, Office Equipment, Financial/Compliance-related Products",Positive,1.5,Low,National,Annual,,Demand is highly household- and policy-dependent.
EV031,Baisakhi,Festival,Harvest/Regional New Year,"Punjab, Haryana, North India",2026,15,14,15,3,1,"Punjabi Ethnic Wear, Sweets, Dairy, Fresh Produce, Jewellery, Gifts, Food Ingredients",Positive,2.3,Low,Regional,Annual,https://www.drikpanchang.com/calendars/indian/indiancalendar.html,
EV032,Tamil Puthandu,Festival,Regional New Year,Tamil Nadu,2026,15,14,15,3,1,"Sarees, Ethnic Wear, Jewellery, Fruits, Sweets, Puja Items, Home Goods, Kitchenware",Positive,2.2,Low,Regional,Annual,https://www.drikpanchang.com/calendars/indian/indiancalendar.html,
EV033,Vishu,Festival,Regional New Year,Kerala,2026,15,14,15,3,1,"Traditional Wear, Gold Jewellery, Fruits, Flowers, Gifts, Sweets, Home Decor, Kitchenware",Positive,2.5,Low,Regional,Annual,https://www.drikpanchang.com/calendars/indian/indiancalendar.html,
EV034,Poila Boishakh,Festival,Regional New Year,West Bengal,2026,15,14,15,3,1,"Bengali Ethnic Wear, Sweets, Fish, Fresh Produce, Home Decor, Jewellery, Gifts",Positive,2.3,Low,Regional,Annual,https://www.drikpanchang.com/calendars/indian/indiancalendar.html,
EV035,Rongali / Bohag Bihu,Festival,Harvest/Regional New Year,Assam & Northeast,2026,15,14,16,3,2,"Assamese Traditional Wear, Rice, Meat, Fish, Sweets, Gifts, Musical Instruments, Home Goods",Positive,2.5,Low,Regional,Annual,https://www.drikpanchang.com/calendars/indian/indiancalendar.html,
EV036,Maha Vishuba Sankranti,Festival,Regional New Year,Odisha,2026,15,14,15,2,1,"Ethnic Wear, Fresh Produce, Sweets, Puja Items, Home Goods",Positive,1.8,Low,Regional,Annual,https://www.drikpanchang.com/calendars/indian/indiancalendar.html,
EV037,Good Friday,Religious,Christian,India; Christian community clusters,2026,14,14,14,2,1,"Bakery, Cakes, Chocolates, Beverages, Apparel, Travel, Gifts",Positive,1.6,Low,Regional,Annual,https://www.drikpanchang.com/calendars/indian/indiancalendar.html,
EV038,Easter,Religious,Christian,India; Christian community clusters,2026,14,14,15,3,1,"Chocolates, Cakes, Bakery, Eggs, Children's Products, Gifts, Fashion",Positive,2.0,Low,Regional,Annual,https://www.drikpanchang.com/calendars/indian/indiancalendar.html,
EV039,Summer Onset,Weather,Season Transition,Pan-India; earlier South/West,2026,15,14,18,3,3,"Fans, Air Coolers, ACs, Summer Apparel, Sunscreen, Beverages, Refrigeration",Positive,1.9,High,National,Annual,https://mausam.imd.gov.in/imd_latest/contents/onset.php,
EV040,Akshaya Tritiya,Festival,Hindu/Auspicious Shopping,Pan-India; jewellery-heavy demand,2026,18,17,18,5,2,"Gold, Jewellery, Silver, Ethnic Wear, Gifts, Home Appliances, Vehicles, Puja Items",Positive,2.8,Low,National,Annual,https://www.drikpanchang.com/calendars/indian/indiancalendar.html,
EV041,Peak Summer / Heatwave,Weather,Heat/Climate,"India; strongest in North, Central, West",2026,20,17,22,5,3,"Air Conditioners, Refrigerators, Coolers, Fans, Ice Cream, Cold Beverages, Hydration, Sunscreen, Cotton Apparel",Positive,2.5,Very High,Regional,Annual,https://mausam.imd.gov.in/imd_latest/contents/onset.php,
EV042,Mango Peak Season,Agricultural,Fresh Produce,"India; especially AP/Telangana, Karnataka, Maharashtra, Tamil Nadu, UP",2026,22,20,24,4,4,"Fresh Mangoes, Fresh Produce, Juices, Desserts, Dairy, Food Processing Ingredients",Positive,2.2,High,Regional,Annual,,
EV043,Summer Vacation Planning,Lifecycle,Travel/Holiday,India,2026,17,16,23,4,4,"Travel Bags, Luggage, Apparel, Footwear, Toys, Cameras, Sunglasses, Outdoor Goods",Positive,1.8,High,National,Annual,,
EV044,Buddha Purnima,Religious,Buddhist,India; strongest in Buddhist regions,2026,18,18,18,1,1,"Fruits, Vegetarian Food, Sweets, Religious Goods, Gifts",Positive,1.4,Low,Regional,Annual,https://www.drikpanchang.com/calendars/indian/indiancalendar.html,
EV045,Mother's Day,Commercial,Relationship/Gifting,India,2026,19,18,19,3,1,"Flowers, Chocolates, Beauty, Perfumes, Jewellery, Handbags, Fashion, Home Decor, Gifts",Positive,2.4,Low,National,Annual,,
EV046,Peak Summer Cooling Demand,Weather,Heat/Climate,India,2026,20,17,22,4,3,"Air Conditioners, Fans, Coolers, Refrigerators, Cold Beverages, Ice Cream, Water Bottles, Hydration",Positive,2.5,Very High,National,Annual,https://mausam.imd.gov.in/imd_latest/contents/onset.php,
EV047,Summer Beverage Peak,Weather,Heat/Food,India,2026,20,17,24,2,2,"Juices, Soft Drinks, Bottled Water, Electrolytes, Ice Cream, Fresh Fruits, Dairy Drinks",Positive,2.3,Very High,National,Annual,,
EV048,Pre-Monsoon Home Preparation,Weather,Monsoon Preparation,India,2026,22,20,24,3,2,"Umbrellas, Rainwear, Waterproofing, Mosquito Control, Cleaning Supplies, Storage Products, Waterproof Bags",Positive,1.8,High,National,Annual,https://mausam.imd.gov.in/imd_latest/contents/onset.php,
EV049,Eid-ul-Adha / Bakrid,Religious,Islamic/Food & Gifting,Pan-India; Muslim community clusters,2026,22,21,23,4,2,"Meat, Spices, Dry Fruits, Dates, Ethnic Wear, Footwear, Fragrances, Gifts, Home Food Ingredients",Positive,2.8,Low,Regional,Annual,https://www.drikpanchang.com/calendars/indian/indiancalendar.html,Islamic lunar date shifts each year.
EV050,Wedding Season — Summer Peak,Lifecycle,Wedding,"North, West, Central, South India",2026,21,17,22,6,3,"Bridal Wear, Sarees, Jewellery, Groom Wear, Cosmetics, Footwear, Gifts, Home Appliances",Positive,3.0,Low,Regional,Annual,,
EV051,Exam Season / School Year-End,Lifecycle,Education/Exams,India,2026,20,17,22,4,3,"Stationery, Books, Printers, Study Lamps, Laptops, Educational Supplies",Positive,1.5,Low,National,Annual,,
EV052,Southwest Monsoon Onset — Kerala,Weather,Monsoon,Kerala,2026,23,23,23,2,2,"Umbrellas, Raincoats, Rainwear, Waterproof Bags, Waterproof Footwear, Mosquito Control, Cleaning Products",Positive,2.2,Very High,Regional,Annual,https://mausam.imd.gov.in/imd_latest/contents/onset.php,Normal onset is around 1 June; actual onset varies.
EV053,Monsoon Expansion — West/South,Weather,Monsoon,West & South India,2026,24,23,27,2,2,"Rainwear, Waterproof Footwear, Umbrellas, Insect Repellents, Dehumidifiers, Cleaning Supplies",Positive,2.0,Very High,Regional,Annual,https://mausam.imd.gov.in/imd_latest/contents/onset.php,
EV054,School Reopening Preparation,Lifecycle,Education,India,2026,23,21,25,5,2,"School Bags, Uniforms, Shoes, Stationery, Lunch Boxes, Water Bottles, Books, Electronics",Positive,3.0,Medium,National,Annual,,
EV055,Back-to-School Shopping Peak,Lifecycle,Education,India,2026,24,22,25,5,2,"Stationery, School Bags, Uniforms, Footwear, Books, Lunch Boxes, Water Bottles",Positive,2.8,Medium,National,Annual,,
EV056,College Reopening Cycle,Lifecycle,Education,India,2026,26,22,29,5,3,"Laptops, Tablets, Backpacks, Apparel, Footwear, Stationery, Hostel Supplies",Positive,2.0,Low,National,Annual,,
EV057,Father's Day,Commercial,Relationship/Gifting,India,2026,25,24,25,3,1,"Watches, Wallets, Shoes, Electronics, Grooming Products, Perfumes, Gifts",Positive,2.0,Low,National,Annual,,
EV058,Summer End-of-Season Sale,Commercial,Clearance,India,2026,26,24,28,3,3,"Summer Apparel, Footwear, Accessories, Luggage, Home Furnishings",Positive,2.2,Low,National,Annual,,
EV059,International Yoga Day,Commercial,Wellness,India,2026,25,24,25,2,1,"Yoga Mats, Fitness Wear, Fitness Equipment, Wellness Products, Sports Accessories",Positive,1.5,Low,National,Annual,,
EV060,World Environment Day,Commercial,Sustainability,India,2026,23,22,23,2,1,"Reusable Products, Sustainable Home Goods, Plants, Water Bottles, Eco Products",Positive,1.3,Low,National,Annual,,
EV061,Monsoon Expansion — North India,Weather,Monsoon,North India,2026,28,26,31,2,2,"Rainwear, Umbrellas, Waterproof Footwear, Insect Repellents, Cleaning Supplies, Dehumidifiers",Positive,2.0,Very High,Regional,Annual,https://mausam.imd.gov.in/imd_latest/contents/onset.php,
EV062,Peak Monsoon,Weather,Monsoon,Pan-India; regionally variable,2026,30,27,33,2,2,"Insect Repellents, Cleaning Products, Dehumidifiers, Rainwear, Waterproof Storage, Disinfectants",Positive,1.8,Very High,National,Annual,https://mausam.imd.gov.in/imd_latest/contents/onset.php,
EV063,Ratha Yatra,Festival,Regional/Hindu,Odisha; strong pilgrim/travel impact,2026,29,29,29,3,1,"Religious Goods, Ethnic Wear, Sweets, Flowers, Puja Items, Travel Goods",Positive,2.0,Medium,Regional,Annual,https://www.drikpanchang.com/calendars/indian/indiancalendar.html,
EV064,Guru Purnima,Festival,Religious/Cultural,India,2026,31,31,31,2,1,"Books, Stationery, Gifts, Flowers, Religious Goods, Traditional Wear",Positive,1.6,Low,National,Annual,https://www.drikpanchang.com/calendars/indian/indiancalendar.html,
EV065,Ashadhi / Devshayani Ekadashi,Religious,Fasting,Western & Central India; regional variation,2026,30,30,30,1,1,"Fasting Foods, Fruits, Dry Fruits, Religious Goods, Puja Items",Positive,1.6,Low,Regional,Annual,https://www.drikpanchang.com/calendars/indian/indiancalendar.html,
EV066,Monsoon Fresh Produce Cycle,Agricultural,Fresh Produce,India,2026,28,27,34,1,2,"Fruits, Vegetables, Leafy Greens, Herbs, Food Preservation Products",Mixed,1.5,High,National,Annual,,
EV067,Monsoon Home Hygiene Cycle,Weather,Home Hygiene,India,2026,29,27,34,2,2,"Floor Cleaners, Disinfectants, Mosquito Control, Storage Goods, Dehumidifiers",Positive,1.7,High,National,Annual,,
EV068,Friendship Day,Commercial,Relationship/Gifting,India,2026,31,31,31,2,1,"Friendship Bands, Bracelets, Chocolates, Gifts, Greeting Cards, Accessories",Positive,1.8,Low,National,Annual,,
EV069,Nag Panchami,Festival,Hindu/Religious,India; regional,2026,33,33,33,1,1,"Puja Items, Milk, Flowers, Sweets, Religious Goods",Positive,1.4,Low,Regional,Annual,https://www.drikpanchang.com/calendars/indian/indiancalendar.html,
EV070,Hariyali Teej,Festival,Hindu/Regional,North & West India,2026,33,33,33,3,1,"Green Ethnic Wear, Sarees, Jewellery, Cosmetics, Mehendi, Bangles, Gifts",Positive,2.0,Low,Regional,Annual,https://www.drikpanchang.com/calendars/indian/indiancalendar.html,
EV071,Varalakshmi Vratam,Religious,Hindu/South India,"Karnataka, Andhra Pradesh, Telangana, Tamil Nadu",2026,35,35,35,3,1,"Sarees, Jewellery, Gold, Flowers, Fruits, Puja Items, Sweets, Home Goods",Positive,2.4,Low,Regional,Annual,https://www.drikpanchang.com/calendars/indian/indiancalendar.html,
EV072,Raksha Bandhan,Festival,Hindu/Family Gifting,Pan-India,2026,35,34,35,4,1,"Rakhi, Gifts, Chocolates, Sweets, Fashion Accessories, Children's Apparel, Jewellery, Greeting Cards",Positive,3.0,Low,National,Annual,https://www.drikpanchang.com/calendars/indian/indiancalendar.html,
EV073,Onam,Festival,Harvest/Regional,Kerala; Malayali diaspora,2026,35,32,36,5,2,"Rice, Fresh Produce, Coconut, Spices, Banana Leaves, Ethnic Wear, Sarees, Gold, Flowers, Home Appliances, Kitchenware, Gifts",Positive,3.2,Low,Regional,Annual,https://www.drikpanchang.com/calendars/indian/indiancalendar.html,
EV074,Onam Mega Shopping Season,Commercial,Regional Mega Sale,Kerala & Kerala-linked e-commerce,2026,34,31,36,6,2,"Gold Jewellery, Sarees, Ethnic Wear, Electronics, Appliances, Grocery, Fresh Food, Gifts, Home",Positive,3.5,Low,Regional,Annual,,
EV075,Independence Day,National,National Holiday,India,2026,33,32,33,2,1,"Apparel, Flag Merchandise, Snacks, Beverages, Electronics, Travel, Party Supplies",Positive,1.7,Low,National,Annual,https://www.drikpanchang.com/calendars/indian/indiancalendar.html,
EV076,Independence Day E-commerce Sale,Commercial,E-commerce Sale,India,2026,33,32,34,2,2,"Electronics, Mobiles, Appliances, Apparel, Home, Beauty",Positive,2.2,Low,National,Annual,,
EV077,Janmashtami Pre-Season,Religious,Hindu/Festival Prep,Pan-India,2026,35,33,36,3,1,"Baby Products, Kids Apparel, Toys, Sweets, Dairy, Puja Items, Decorative Items",Positive,2.0,Low,National,Annual,https://www.drikpanchang.com/calendars/indian/indiancalendar.html,
EV078,Milad-un-Nabi,Religious,Islamic,India; Muslim community clusters,2026,37,36,38,3,1,"Ethnic Wear, Fragrances, Sweets, Gifts, Religious Goods, Food Ingredients",Positive,1.8,Low,Regional,Annual,https://www.drikpanchang.com/calendars/indian/indiancalendar.html,Lunar date varies annually.
EV079,Krishna Janmashtami,Religious,Hindu,Pan-India,2026,36,36,36,3,1,"Baby Clothing, Kids Toys, Sweets, Dairy, Butter, Puja Items, Ethnic Wear, Home Decor",Positive,2.2,Low,National,Annual,https://www.drikpanchang.com/calendars/indian/indiancalendar.html,
EV080,Dahi Handi,Festival,Regional/Hindu,Maharashtra; urban festival markets,2026,36,36,36,2,1,"Dairy, Food Service, Beverages, Event Supplies, Ethnic Wear",Positive,1.6,Low,Regional,Annual,https://www.drikpanchang.com/calendars/indian/indiancalendar.html,
EV081,Ganesh Chaturthi,Festival,Hindu/Regional,"Maharashtra, Karnataka, Telangana, Andhra, Goa; pan-India urban markets",2026,38,36,39,4,2,"Ganesh Idols, Puja Items, Flowers, Fruits, Sweets, Modaks, Decorative Items, Ethnic Wear, Home Decor",Positive,3.0,Low,Regional,Annual,https://www.drikpanchang.com/calendars/indian/indiancalendar.html,
EV082,Ganesh Visarjan,Festival,Hindu/Regional,Regions celebrating Ganesh Chaturthi,2026,39,39,39,1,1,"Puja Items, Flowers, Religious Goods, Decorations, Sweets",Positive,1.7,Low,Regional,Annual,https://www.drikpanchang.com/calendars/indian/indiancalendar.html,
EV083,Hartalika Teej,Festival,Hindu/Regional,North & West India,2026,38,38,38,2,1,"Sarees, Jewellery, Cosmetics, Mehendi, Bangles, Gifts, Puja Items",Positive,1.7,Low,Regional,Annual,https://www.drikpanchang.com/calendars/indian/indiancalendar.html,
EV084,Vishwakarma Puja,Religious,Trade/Industrial Festival,"North, East, West, Central India",2026,38,38,38,2,1,"Tools, Electrical Goods, Machinery Accessories, Industrial Supplies, Puja Items",Positive,1.7,Medium,Regional,Annual,https://www.drikpanchang.com/calendars/indian/indiancalendar.html,
EV085,Pitrupaksha / Shraddha Period,Religious,Ancestor Observance,Pan-India; strongest in Hindu communities,2026,40,39,40,2,2,"Fruits, Vegetables, Grains, Puja Items, Traditional Food Ingredients",Mixed,1.4,Low,Regional,Annual,https://www.drikpanchang.com/calendars/indian/indiancalendar.html,
EV086,Festive Home Makeover Pre-Season,Commercial,Festive Preparation,India,2026,41,38,44,5,3,"Home Decor, Furniture, Lighting, Appliances, Kitchenware, Furnishings",Positive,2.5,Low,National,Annual,https://agriexchange.apeda.gov.in/MarketReport/999990508202612916015143.pdf,
EV087,Festive Preview Sales,Commercial,E-commerce/Festive,India,2026,40,38,42,4,2,"Fashion, Electronics, Home, Beauty, Toys, FMCG",Positive,2.2,Low,National,Annual,https://agriexchange.apeda.gov.in/MarketReport/999990508202612916015143.pdf,
EV088,Big Billion Days / Major Festive Sale Window,Commercial,E-commerce Mega Sale,India,2026,41,39,42,3,2,"Electronics, Smartphones, Laptops, TVs, Appliances, Fashion, Beauty, Home, Toys",Positive,3.5,Low,National,Annual,https://agriexchange.apeda.gov.in/MarketReport/999990508202612916015143.pdf,Exact week varies by platform/year.
EV089,Great Indian Festival / Major Festive Sale Window,Commercial,E-commerce Mega Sale,India,2026,41,39,42,3,2,"Smartphones, Electronics, Appliances, Fashion, Beauty, Home, Grocery, Baby Care, Gaming",Positive,3.5,Low,National,Annual,https://www.aboutamazon.in/amazon-great-indian-festival,Amazon's exact dates vary annually.
EV090,Navratri,Religious,Hindu/Fasting/Festival,"North, West, Central India; pan-India",2026,42,41,43,5,2,"Ethnic Wear, Sarees, Chaniya Choli, Jewellery, Cosmetics, Footwear, Fasting Foods, Puja Items",Mixed,3.0,Low,Regional,Annual,https://www.drikpanchang.com/calendars/indian/indiancalendar.html,
EV091,Durga Puja,Festival,Hindu/Regional,"West Bengal, Assam, Odisha, Jharkhand and metro clusters",2026,42,41,43,5,2,"Sarees, Ethnic Wear, Jewellery, Beauty, Footwear, Sweets, Fish, Gifts, Home Decor",Positive,3.0,Low,Regional,Annual,https://www.drikpanchang.com/calendars/indian/indiancalendar.html,
EV092,Garba / Dandiya Season,Festival,Cultural/Regional,"Gujarat, Maharashtra, Rajasthan, urban India",2026,42,40,42,4,1,"Ethnic Wear, Jewellery, Footwear, Cosmetics, Accessories, Dandiya Sticks, Gifts",Positive,2.6,Low,Regional,Annual,,
EV093,Saraswati Puja,Religious,Hindu/Regional,East & North India,2026,42,41,42,2,1,"Books, Stationery, Flowers, Puja Items, Educational Products",Positive,1.7,Low,Regional,Annual,https://www.drikpanchang.com/calendars/indian/indiancalendar.html,
EV094,Ayudha Puja,Religious,Trade/Tools Festival,"South India; Karnataka, Tamil Nadu, Kerala, Andhra/Telangana",2026,43,42,43,2,1,"Tools, Electrical Goods, Electronics, Machinery Accessories, Vehicles/Equipment, Puja Items",Positive,2.0,Low,Regional,Annual,https://www.drikpanchang.com/calendars/indian/indiancalendar.html,
EV095,Mysuru Dasara,Festival,Regional/Cultural,Karnataka,2026,42,41,43,3,1,"Ethnic Wear, Sweets, Flowers, Travel, Gifts, Cultural Merchandise",Positive,2.0,Low,Regional,Annual,https://www.drikpanchang.com/calendars/indian/indiancalendar.html,
EV096,Dussehra / Vijayadashami,Festival,Hindu,Pan-India,2026,43,42,43,4,2,"Ethnic Wear, Toys, Sweets, Gifts, Home Decor, Puja Items, Electronics",Positive,2.5,Low,National,Annual,https://www.drikpanchang.com/calendars/indian/indiancalendar.html,
EV097,Festive Apparel Peak,Commercial,Category Seasonality,India,2026,43,40,45,7,2,"Sarees, Kurtas, Sherwanis, Lehengas, Dresses, Footwear, Fashion Accessories",Positive,3.2,Low,National,Annual,https://agriexchange.apeda.gov.in/MarketReport/999990508202612916015143.pdf,
EV098,Festive Jewellery Peak,Commercial,Category Seasonality,India,2026,44,40,46,7,2,"Gold, Silver, Diamond Jewellery, Fashion Jewellery, Watches",Positive,3.0,Low,National,Annual,https://agriexchange.apeda.gov.in/MarketReport/999990508202612916015143.pdf,
EV099,Festive Electronics Pre-Diwali,Commercial,Category Seasonality,India,2026,44,42,45,6,2,"Smartphones, TVs, Laptops, Appliances, Audio, Smart Home, Gaming",Positive,3.2,Low,National,Annual,https://agriexchange.apeda.gov.in/MarketReport/999990508202612916015143.pdf,
EV100,Diwali Home-Cleaning Cycle,Festival,Preparation,India,2026,43,41,45,4,2,"Cleaning Products, Storage, Home Decor, Furniture, Kitchenware, Appliances",Positive,2.6,Low,National,Annual,https://agriexchange.apeda.gov.in/MarketReport/999990508202612916015143.pdf,
EV101,Diwali Gifting Pre-Season,Festival,Gifting,India,2026,44,41,45,5,2,"Chocolates, Dry Fruits, Sweets, Gift Hampers, Premium FMCG, Beauty, Home Decor",Positive,3.0,Low,National,Annual,https://agriexchange.apeda.gov.in/MarketReport/999990508202612916015143.pdf,
EV102,Diwali Lighting Pre-Season,Festival,Preparation,India,2026,44,42,45,4,2,"Decorative Lights, Diyas, Candles, Lamps, Electrical Goods, Home Decor",Positive,2.5,Low,National,Annual,https://agriexchange.apeda.gov.in/MarketReport/999990508202612916015143.pdf,
EV103,Karwa Chauth,Festival,Hindu/Family,North & West India,2026,44,44,44,3,1,"Sarees, Jewellery, Cosmetics, Mehendi, Bangles, Gifts, Sweets",Positive,2.2,Low,Regional,Annual,https://www.drikpanchang.com/calendars/indian/indiancalendar.html,
EV104,Dhanteras,Festival,Hindu/Auspicious Shopping,Pan-India,2026,45,44,45,5,2,"Gold, Silver, Jewellery, Utensils, Electronics, Appliances, Vehicles, Home Products",Positive,3.8,Low,National,Annual,https://www.drikpanchang.com/calendars/indian/indiancalendar.html,
EV105,Naraka Chaturdashi,Festival,Hindu,Pan-India; regional,2026,45,45,45,3,1,"Beauty, Personal Care, Oils, Traditional Food, Sweets, Puja Items",Positive,2.0,Low,Regional,Annual,https://www.drikpanchang.com/calendars/indian/indiancalendar.html,
EV106,Diwali / Lakshmi Puja,Festival,Hindu,Pan-India,2026,45,43,46,6,2,"Sweets, Dry Fruits, Chocolates, Gifts, Jewellery, Electronics, Appliances, Apparel, Home Decor, Lighting, FMCG",Positive,4.5,Low,National,Annual,https://www.drikpanchang.com/calendars/indian/indiancalendar.html,
EV107,Govardhan Puja / Annakut,Festival,Hindu,North & West India; regional,2026,46,46,46,2,1,"Fresh Produce, Grains, Dairy, Sweets, Food Ingredients, Puja Items",Positive,2.0,Low,Regional,Annual,https://www.drikpanchang.com/calendars/indian/indiancalendar.html,
EV108,Bhai Dooj,Festival,Family Gifting,Pan-India,2026,46,45,46,3,1,"Gifts, Chocolates, Sweets, Apparel, Accessories, Jewellery, Cosmetics",Positive,2.5,Low,National,Annual,https://www.drikpanchang.com/calendars/indian/indiancalendar.html,
EV109,Diwali Gifting Peak,Commercial,Gifting,India,2026,45,43,46,6,2,"Gift Hampers, Dry Fruits, Chocolates, Premium FMCG, Home Decor, Electronics, Watches",Positive,4.0,Low,National,Annual,https://agriexchange.apeda.gov.in/MarketReport/999990508202612916015143.pdf,
EV110,Diwali Corporate Gifting,Commercial,Corporate Gifting,India,2026,45,42,45,7,2,"Premium FMCG, Dry Fruits, Chocolates, Electronics, Stationery, Gift Hampers, Home Gifts",Positive,3.5,Low,National,Annual,https://agriexchange.apeda.gov.in/MarketReport/999990508202612916015143.pdf,
EV111,Chhath Puja,Festival,Regional/Religious,"Bihar, Jharkhand, Eastern UP, Delhi-NCR migrant clusters",2026,47,46,47,3,1,"Fruits, Sugarcane, Jaggery, Traditional Food, Bamboo Products, Puja Items, Ethnic Wear",Positive,2.8,Low,Regional,Annual,https://www.drikpanchang.com/calendars/indian/indiancalendar.html,
EV112,Tulsi Vivah,Religious,Hindu/Wedding,North & West India,2026,47,47,47,2,1,"Flowers, Puja Items, Sweets, Traditional Food, Religious Goods",Positive,1.6,Low,Regional,Annual,https://www.drikpanchang.com/calendars/indian/indiancalendar.html,
EV113,Kartika Purnima / Dev Deepawali,Festival,Hindu/Religious,"North India, Varanasi and other regional clusters",2026,48,48,48,2,1,"Diyas, Flowers, Puja Items, Religious Goods, Traditional Food, Travel",Positive,1.8,Low,Regional,Annual,https://www.drikpanchang.com/calendars/indian/indiancalendar.html,
EV114,Children's Day,Commercial,Kids,India,2026,46,46,46,2,1,"Toys, Chocolates, Kids Apparel, Books, Stationery, Games",Positive,1.8,Low,National,Annual,,
EV115,Wedding Season — Winter Restart,Lifecycle,Wedding,India,2026,47,46,52,8,4,"Bridal Wear, Groom Wear, Jewellery, Beauty, Footwear, Gifts, Home Products",Positive,3.3,Low,Regional,Annual,,
EV116,11.11 Shopping Festival,Commercial,E-commerce Sale,India / online,2026,45,44,46,2,1,"Electronics, Fashion, Beauty, Home, Toys, FMCG, Accessories",Positive,2.0,Low,National,Annual,,Use 45 as numeric peak week; exact platform participation varies.
EV117,Black Friday,Commercial,E-commerce Sale,India,2026,48,47,49,3,1,"Electronics, Smartphones, Laptops, Appliances, Fashion, Gaming, Beauty, Home, Luggage",Positive,3.2,Low,National,Annual,,
EV118,Black Friday Consumer Electronics,Commercial,E-commerce Sale,India,2026,48,47,49,3,1,"TVs, Laptops, Mobiles, Gaming, Audio, Smart Home, Appliances",Positive,3.8,Low,National,Annual,,
EV119,Black Friday Fashion Sales,Commercial,E-commerce Sale,India,2026,48,47,49,3,1,"Apparel, Footwear, Accessories, Beauty, Luggage",Positive,2.8,Low,National,Annual,,
EV120,Post-Diwali Clearance,Commercial,Clearance,India,2026,47,46,48,3,2,"Festive Apparel, Decor, Gift Packs, Home Goods, Toys, Consumer Electronics",Positive,1.8,Low,National,Annual,,
EV121,Cyber Monday,Commercial,E-commerce Sale,India,2026,49,48,49,2,1,"Laptops, Smartphones, Gaming, Electronics, Accessories, Software, Online Subscriptions",Positive,2.5,Low,National,Annual,,
EV122,Winter Onset — North India,Weather,Winter,North & Central India,2026,46,45,49,3,3,"Winterwear, Blankets, Heaters, Hot Beverages, Skincare, Humidifiers",Positive,1.7,High,Regional,Annual,https://mausam.imd.gov.in/imd_latest/contents/onset.php,
EV123,Christmas Pre-Season,Religious,Christian/Commercial,India; Christian clusters and metros,2026,51,49,51,4,2,"Christmas Decor, Trees, Lights, Gifts, Toys, Chocolates, Cakes, Bakery, Fashion, Party Supplies",Positive,2.5,Low,Regional,Annual,https://www.drikpanchang.com/calendars/indian/indiancalendar.html,
EV124,Secret Santa / Corporate Gifting,Commercial,Corporate Gifting,India,2026,51,49,52,3,2,"Gifts, Chocolates, Stationery, Beauty, Accessories, Premium FMCG",Positive,2.0,Low,National,Annual,,
EV125,Christmas Holiday Kids Demand,Commercial,Kids/Holiday,India,2026,51,50,52,4,2,"Toys, Games, Books, Kids Apparel, Electronics, Sports Goods",Positive,2.8,Low,National,Annual,,
EV126,Christmas,Religious,Christian/Festival,"India; strongest in Goa, Kerala, Northeast, metros and Christian communities",2026,52,51,52,4,2,"Gifts, Toys, Chocolates, Cakes, Bakery, Beverages, Apparel, Beauty, Home Decor, Party Supplies",Positive,3.0,Low,Regional,Annual,https://www.drikpanchang.com/calendars/indian/indiancalendar.html,
EV127,Christmas-New Year Travel Peak,Lifecycle,Travel/Holiday,India,2026,52,51,52,4,2,"Luggage, Travel Accessories, Apparel, Footwear, Cameras, Outdoor Products",Positive,2.5,Medium,National,Annual,,
EV128,New Year Party Pre-Season,Commercial,Celebration,India,2026,52,51,52,2,1,"Party Supplies, Beverages, Snacks, Cakes, Chocolates, Fashion, Beauty, Audio Equipment",Positive,2.2,Low,National,Annual,,
EV129,New Year's Eve,Commercial,Gregorian/New Year,India,2026,52,52,52,2,1,"Beverages, Snacks, Cakes, Party Supplies, Fashion, Beauty, Gifts",Positive,2.5,Low,National,Annual,,
EV130,Year-End Clearance Sale,Commercial,Clearance,India,2026,52,50,52,3,3,"Apparel, Footwear, Electronics, Appliances, Furniture, Home Furnishings, Accessories",Positive,2.5,Low,National,Annual,,
EV131,Winter Wedding Peak,Lifecycle,Wedding,India,2026,51,47,52,8,3,"Wedding Wear, Jewellery, Cosmetics, Footwear, Gifts, Home Products, Beauty",Positive,3.5,Low,Regional,Annual,,
EV132,Financial Year Planning / Corporate Budget Buying,Lifecycle,Business Cycle,India,2026,52,50,52,4,2,"Office Equipment, Computers, Printers, Furniture, Packaging, Business Supplies",Positive,1.4,Low,National,Annual,,
EV133,Extreme Heatwave Alert,Weather,Dynamic Extreme Weather,India; geography-dependent,2026,20,10,25,1,1,"Air Conditioners, Air Coolers, Fans, Refrigerators, Water, Electrolytes, Sunscreen, Cotton Apparel",Positive,3.0,Very High,Regional,Dynamic,https://mausam.imd.gov.in/imd_latest/contents/onset.php,"Should be activated from observed/forecast heatwave data, not fixed week alone."
EV134,Severe Rain / Flood Risk,Weather,Dynamic Extreme Weather,India; affected districts only,2026,31,24,38,1,1,"Bottled Water, Cleaning Supplies, Disinfectants, Emergency Goods, Torches, Batteries, Waterproof Storage",Positive,2.5,Very High,Local,Dynamic,https://mausam.imd.gov.in/imd_latest/contents/onset.php,Apply only to impacted geographies.
EV135,Monsoon Withdrawal / Post-Monsoon,Weather,Season Transition,India,2026,39,37,42,2,2,"Home Cleaning, Pest Control, Travel Goods, Apparel, Festival Goods, Dehumidifiers",Positive,1.4,High,Regional,Annual,https://mausam.imd.gov.in/imd_latest/contents/onset.php,
EV136,Post-Monsoon Pest/Humidity Cycle,Weather,Humidity/Pest,India,2026,41,39,44,2,2,"Pest Control, Cleaning Supplies, Storage, Dehumidifiers, Household Hygiene",Positive,1.5,High,Regional,Annual,https://mausam.imd.gov.in/imd_latest/contents/onset.php,
EV137,Cold Wave Alert,Weather,Dynamic Extreme Weather,North India,2026,2,48,6,1,1,"Heaters, Blankets, Winterwear, Hot Beverages, Skincare, Humidifiers",Positive,2.8,Very High,Regional,Dynamic,https://mausam.imd.gov.in/imd_latest/contents/onset.php,Peak week should be driven by actual IMD alerts.
EV138,Heavy Fog / Travel Disruption,Weather,Dynamic Weather,North India,2026,2,48,6,1,1,"Travel Goods, Hot Beverages, Winterwear, Food Delivery/Ready Foods, Vehicle Safety Accessories",Mixed,1.4,High,Regional,Dynamic,https://mausam.imd.gov.in/imd_latest/contents/onset.php,
EV139,Shravan Month,Religious,Fasting/Vegetarian Cycle,North & West India; pan-India Hindu communities,2026,31,27,35,3,2,"Fruits, Dairy, Fasting Foods, Dry Fruits, Puja Items, Flowers, Vegetarian Foods",Mixed,1.7,Low,Regional,Annual,https://www.drikpanchang.com/calendars/indian/indiancalendar.html,Calendar timing varies by regional lunar month convention.
EV140,Ekadashi Recurring Fasting Demand,Religious,Recurring Fasting,Pan-India Hindu communities,2026,30,1,52,1,1,"Fruits, Dairy, Fasting Foods, Dry Fruits, Religious Goods",Mixed,1.3,Low,Regional,Recurring,https://www.drikpanchang.com/calendars/indian/indiancalendar.html,Occurs multiple times annually; treat as repeated event instances.
EV141,Navratri Fasting Regime,Religious,Fasting,North/West/East India; pan-India,2026,42,41,43,4,2,"Fasting Flour, Sabudana, Potatoes, Fruits, Dairy, Dry Fruits, Fasting Snacks",Positive,2.2,Low,Regional,Annual,https://www.drikpanchang.com/calendars/indian/indiancalendar.html,
EV142,Lent / Christian Fasting Period,Religious,Fasting,Christian community clusters,2026,12,8,14,3,2,"Vegetarian Foods, Bakery, Seafood, Fresh Produce, Religious Goods",Mixed,1.3,Low,Regional,Annual,https://www.drikpanchang.com/calendars/indian/indiancalendar.html,Exact dates vary with Easter.
EV143,Jain Paryushan,Religious,Fasting/Vegetarian,"Gujarat, Rajasthan, Maharashtra and Jain clusters",2026,35,35,36,2,1,"Vegetarian Foods, Fasting Foods, Fruits, Dry Fruits, Religious Goods",Mixed,1.5,Low,Regional,Annual,https://www.drikpanchang.com/calendars/indian/indiancalendar.html,
EV144,Jain Das Lakshan,Religious,Fasting/Vegetarian,Jain community clusters,2026,36,35,37,2,1,"Vegetarian Foods, Fasting Foods, Fruits, Religious Goods",Mixed,1.4,Low,Regional,Annual,https://www.drikpanchang.com/calendars/indian/indiancalendar.html,
EV145,Academic New Year Preparation,Lifecycle,Education,India,2026,14,10,17,6,3,"Books, Stationery, School Supplies, Laptops, Tablets, Printers, Study Furniture",Positive,1.8,Low,National,Annual,,
EV146,School Admissions Cycle,Lifecycle,Education,India,2026,17,12,20,5,3,"Uniforms, Stationery, Bags, Books, Shoes, Electronics, School Supplies",Positive,1.7,Low,National,Annual,,
EV147,College Admissions Cycle,Lifecycle,Education,India,2026,27,21,31,6,3,"Laptops, Tablets, Bags, Apparel, Footwear, Stationery, Hostel Supplies",Positive,1.8,Low,National,Annual,,
EV148,Summer Vacation Peak,Lifecycle,Travel/Holiday,India,2026,20,17,23,4,3,"Toys, Travel, Luggage, Sports Goods, Swimwear, Outdoor Goods, Cameras, Snacks",Positive,2.0,High,National,Annual,,
EV149,Back-to-Work / Post-Vacation Demand,Lifecycle,Work/Lifestyle,India,2026,30,28,32,2,2,"Apparel, Footwear, Office Accessories, Electronics, Bags, Personal Care",Positive,1.3,Low,National,Annual,,
EV150,Corporate Festive Procurement,Lifecycle,Corporate Gifting,India,2026,43,40,46,6,3,"Gift Hampers, Electronics, Premium FMCG, Dry Fruits, Stationery, Home Gifts",Positive,2.8,Low,National,Annual,https://agriexchange.apeda.gov.in/MarketReport/999990508202612916015143.pdf,
EV151,Post-Festival Restock / Consumption Normalization,Lifecycle,Post-Festival,India,2026,47,46,48,1,2,"FMCG, Household Cleaning, Personal Care, Grocery, Fresh Produce",Mixed,1.3,Low,National,Annual,,
EV152,Pre-Christmas Home & Party Preparation,Commercial,Holiday Preparation,India,2026,50,48,51,3,2,"Home Decor, Party Supplies, Bakery, Beverages, Gifts, Toys, Lighting",Positive,2.1,Low,National,Annual,,
EV153,Makaravilakku / Sabarimala Pilgrimage Season,Festival,Pilgrimage/Religious,Kerala and South India,2026,3,1,5,3,3,"Travel Goods, Ethnic Wear, Religious Goods, Food, Footwear, Personal Care, Gifts",Positive,1.6,Low,Regional,Annual,https://www.drikpanchang.com/calendars/indian/indiancalendar.html,
EV154,Thaipusam,Festival,Hindu/Regional,"Tamil Nadu, Kerala; Tamil diaspora",2026,4,4,5,2,1,"Religious Goods, Flowers, Fruits, Sweets, Ethnic Wear, Travel Goods",Positive,1.5,Low,Regional,Annual,https://www.drikpanchang.com/calendars/indian/indiancalendar.html,
EV155,Magh Bihu / Bhogali Bihu,Festival,Harvest/Regional,Assam,2026,3,3,3,2,1,"Rice, Meat, Fish, Sweets, Traditional Foods, Ethnic Wear, Home Goods",Positive,1.8,Low,Regional,Annual,https://www.drikpanchang.com/calendars/indian/indiancalendar.html,
EV156,Vaisakhi Gurdwara / Community Celebration,Festival,Sikh/Regional,"Punjab, Delhi-NCR, North India",2026,15,14,15,2,1,"Ethnic Wear, Sweets, Dairy, Fresh Food, Religious Goods, Gifts",Positive,1.7,Low,Regional,Annual,https://www.drikpanchang.com/calendars/indian/indiancalendar.html,
EV157,Thrissur Pooram,Festival,Cultural/Regional,Kerala,2026,17,17,18,3,1,"Ethnic Wear, Flowers, Sweets, Food, Travel, Gifts, Decorative Goods",Positive,1.5,Low,Regional,Annual,https://www.drikpanchang.com/calendars/indian/indiancalendar.html,
EV158,Jagannath Snana Yatra,Festival,Regional/Religious,Odisha,2026,25,25,25,2,1,"Religious Goods, Flowers, Fruits, Sweets, Travel Goods",Positive,1.4,Low,Regional,Annual,https://www.drikpanchang.com/calendars/indian/indiancalendar.html,
EV159,Bonalu,Festival,Regional/Religious,"Telangana, especially Hyderabad",2026,29,28,31,3,1,"Ethnic Wear, Flowers, Sweets, Puja Items, Food, Gifts",Positive,1.6,Low,Regional,Annual,https://www.drikpanchang.com/calendars/indian/indiancalendar.html,
EV160,Bathukamma Pre-Season,Festival,Regional/Women's Festival,Telangana,2026,40,38,41,3,2,"Flowers, Sarees, Jewellery, Ethnic Wear, Gifts, Home Decor",Positive,1.8,Low,Regional,Annual,https://www.drikpanchang.com/calendars/indian/indiancalendar.html,
EV161,Hornbill / Northeast Cultural Tourism Season,Festival,Cultural/Tourism,Nagaland & Northeast,2026,50,49,50,4,2,"Travel, Ethnic Wear, Handicrafts, Gifts, Food, Cameras, Outdoor Goods",Positive,1.4,Low,Regional,Annual,,
EV162,Goa Carnival / Pre-Lent Tourism,Festival,Cultural/Tourism,Goa,2026,8,7,8,3,1,"Travel, Apparel, Beachwear, Footwear, Party Supplies, Food, Beverages, Gifts",Positive,1.6,Low,Regional,Annual,,
EV163,Eid-ul-Fitr Gifting Peak,Religious,Islamic/Gifting,Pan-India Muslim community clusters,2026,13,12,13,4,1,"Ethnic Wear, Footwear, Fragrances, Jewellery, Gifts, Dry Fruits, Bakery, Meat, Home Decor",Positive,3.2,Low,Regional,Annual,https://www.drikpanchang.com/calendars/indian/indiancalendar.html,Lunar date shifts substantially.
EV164,Muharram Observance,Religious,Islamic,India; Muslim community clusters,2026,30,29,31,2,1,"Simple Foods, Religious Goods, Traditional Apparel, Water/Beverages, Community Supplies",Mixed,1.3,Low,Regional,Annual,https://www.drikpanchang.com/calendars/indian/indiancalendar.html,Retail effects vary strongly by community and observance style.
EV165,Mosquito Season Demand Peak,Weather,Pest/Monsoon,India; especially humid/monsoon regions,2026,31,26,36,2,2,"Mosquito Repellents, Insecticides, Electric Vaporizers, Nets, Cleaning Supplies, Personal Care",Positive,2.2,Very High,Regional,Annual,,
EV166,Rainwear Replacement / Mid-Monsoon Restock,Weather,Monsoon/Replacement,India,2026,31,28,34,1,1,"Umbrellas, Raincoats, Waterproof Footwear, Bags, Shoe Care, Cleaning Supplies",Positive,1.6,Very High,National,Annual,,
EV167,Festive Inventory Build-Up,Commercial,Supply Chain/Festive,India,2026,41,36,45,7,4,"FMCG, Apparel, Jewellery, Electronics, Home Decor, Gifts, Toys, Beauty",Positive,2.0,Low,National,Annual,https://agriexchange.apeda.gov.in/MarketReport/999990508202612916015143.pdf,
EV168,Diwali Pre-Stocking for Retailers,Lifecycle,Supply Chain/Festive,India,2026,42,38,45,8,3,"FMCG, Sweets Ingredients, Dry Fruits, Chocolates, Apparel, Electronics, Home Decor, Lighting",Positive,2.2,Low,National,Annual,https://agriexchange.apeda.gov.in/MarketReport/999990508202612916015143.pdf,
EV169,Wedding Retail Inventory Build-Up — Winter,Lifecycle,Supply Chain/Wedding,India,2026,46,40,52,8,3,"Ethnic Wear, Jewellery, Beauty, Footwear, Gifts, Home Appliances, Furniture",Positive,2.0,Low,Regional,Annual,,
EV170,Wedding Retail Inventory Build-Up — Summer,Lifecycle,Supply Chain/Wedding,India,2026,19,13,23,8,3,"Ethnic Wear, Jewellery, Beauty, Footwear, Gifts, Home Appliances, Furniture",Positive,1.9,Low,Regional,Annual,,
EV171,Winter Transition — Southern India,Weather,Season Transition,South India,2026,5,4,7,2,2,"Light Winterwear, Blankets, Skincare, Hot Beverages, Home Comfort Products",Positive,1.3,High,Regional,Annual,https://mausam.imd.gov.in/,Regional winter transition; South India generally has a milder seasonal effect.
EV172,Valentine's Pre-Season Demand Build,Commercial,Relationship/Gifting,India,2026,6,5,7,3,1,"Chocolates, Flowers, Perfumes, Jewellery, Soft Toys, Greeting Cards, Gifts, Beauty",Positive,1.6,Low,National,Annual,https://www.drikpanchang.com/calendars/indian/indiancalendar.html,Pre-event ramp distinct from Valentine's Day peak.
EV173,Bihu / Regional New Year Travel & Gifting Build,Festival,Regional/Travel/Gifting,Assam & Northeast,2026,16,15,16,3,1,"Traditional Wear, Gifts, Travel, Fresh Food, Sweets, Home Goods, Handicrafts",Positive,1.6,Low,Regional,Annual,https://www.drikpanchang.com/calendars/indian/indiancalendar.html,Captures secondary shopping following the principal Bohag Bihu peak.
EV174,Pre-College / Hostel Setup Season,Lifecycle,Education/Relocation,India,2026,32,29,34,4,3,"Laptops, Tablets, Backpacks, Bedding, Storage, Kitchenware, Stationery, Personal Care, Apparel",Positive,1.6,Low,National,Annual,,Strong around university admission and hostel-move periods; timing varies by institution/state.
